binding_residue_fraction,contact_density,contacted_dna_chain_count,identifier,interface_aromatic_residue_fraction,interface_aspect_ratio,interface_hydrophobic_residue_fraction,interface_negative_residue_fraction,interface_polar_residue_fraction,interface_positive_residue_fraction,interface_radius_normalized,interface_region_count,largest_interface_region_fraction
0.03418803418803419,0.018848384424192212,2,10EH_C,0.05,3.954298792768211,0.3,0.0,0.25,0.45,8.872380328022668,8,0.35
0.013302034428794992,0.004508566275924256,2,10MI_D,0.058823529411764705,1.1639257775250096,0.23529411764705882,0.058823529411764705,0.17647058823529413,0.5882352941176471,9.327271408422567,12,0.17647058823529413
0.2268041237113402,0.09625,3,10YE_A,0.09090909090909091,2.681793336726385,0.3181818181818182,0.0,0.18181818181818182,0.4090909090909091,6.585526860615123,4,0.4090909090909091
0.1375,0.06708268330733229,2,10YE_B,0.0,4.797847772671541,0.09090909090909091,0.0,0.2727272727272727,0.45454545454545453,7.893752988747611,2,0.7272727272727273
0.12962962962962962,0.07211538461538461,2,10YE_C,0.0,1.8609293654235892,0.21428571428571427,0.0,0.07142857142857142,0.6428571428571429,7.526811004571843,5,0.2857142857142857
0.12903225806451613,0.05241379310344828,2,10YE_D,0.16666666666666666,1.9886954619518482,0.25,0.0,0.5833333333333334,0.25,7.438873522619647,4,0.3333333333333333
0.0673076923076923,0.033112582781456956,3,10YE_L,0.07142857142857142,1.4688295220425216,0.21428571428571427,0.07142857142857142,0.21428571428571427,0.35714285714285715,4.641616820574899,3,0.8571428571428571
0.14018691588785046,0.060753341433778855,2,10YH_C,0.0,1.437851960341433,0.2,0.0,0.13333333333333333,0.6,6.307515728895633,4,0.4666666666666667
0.026262626262626262,0.009547738693467337,1,11HU_A,0.07692307692307693,1.501809917701116,0.23076923076923078,0.07692307692307693,0.23076923076923078,0.46153846153846156,7.018435036697873,6,0.3076923076923077
0.04516129032258064,0.024118362383461694,1,11LB_A,0.07142857142857142,1.3924132000049447,0.32142857142857145,0.10714285714285714,0.25,0.17857142857142858,3.665597093036785,4,0.7857142857142857
0.18543046357615894,0.09438009438009438,2,11QF_B,0.05357142857142857,2.6090769451421827,0.19642857142857142,0.08928571428571429,0.3392857142857143,0.32142857142857145,5.357730694159137,5,0.875
0.05161290322580645,0.025249440032579923,1,11YY_A,0.09375,1.5744580279387526,0.3125,0.125,0.21875,0.21875,4.171435295981211,4,0.71875
0.1912751677852349,0.10772442588726514,2,12FK_A,0.05263157894736842,2.6892532656123795,0.21052631578947367,0.05263157894736842,0.3333333333333333,0.3508771929824561,5.5316083336293085,8,0.7894736842105263
0.20754716981132076,0.10633484162895927,2,1A02_F,0.0,3.804678904792368,0.18181818181818182,0.0,0.18181818181818182,0.6363636363636364,3.0997149697113664,1,1.0
0.17307692307692307,0.09154929577464789,2,1A02_J,0.0,4.100829721115866,0.1111111111111111,0.0,0.2222222222222222,0.6666666666666666,3.6556614923371122,1,1.0
0.05,0.038112522686025406,2,1A02_N,0.07142857142857142,1.6024205925804695,0.07142857142857142,0.07142857142857142,0.35714285714285715,0.5714285714285714,4.188225803621245,2,0.9285714285714286
0.15873015873015872,0.13855421686746988,2,1A0A_A,0.0,3.088006177364792,0.0,0.2,0.2,0.6,4.832261815061638,2,0.8
0.2857142857142857,0.1553956834532374,2,1A1G_A,0.08333333333333333,1.599186461180278,0.125,0.125,0.2916666666666667,0.4583333333333333,4.594411736430891,4,0.4166666666666667
0.25882352941176473,0.155049786628734,2,1A1H_A,0.09090909090909091,1.5604535464301903,0.13636363636363635,0.13636363636363635,0.2727272727272727,0.4090909090909091,4.478414154188765,3,0.36363636363636365
0.2823529411764706,0.15819209039548024,2,1A1I_A,0.08333333333333333,1.6853573022035986,0.16666666666666666,0.16666666666666666,0.125,0.5416666666666666,4.81523770897033,3,0.7083333333333334
0.08455882352941177,0.056555863342566945,2,1A36_A,0.06521739130434782,1.2157606313045233,0.1956521739130435,0.043478260869565216,0.30434782608695654,0.41304347826086957,4.8300630398956415,10,0.5434782608695652
0.042105263157894736,0.0283311199645861,2,1A3Q_A,0.08333333333333333,1.3853879701059033,0.08333333333333333,0.08333333333333333,0.3333333333333333,0.5,4.193709421227444,2,0.9166666666666666
0.11235955056179775,0.100355871886121,2,1A66_A,0.05,1.5600642825983482,0.1,0.1,0.25,0.55,3.8752703815680145,2,0.9
0.275,0.3567073170731707,1,1A6B_B,0.18181818181818182,2.1271645714805545,0.45454545454545453,0.18181818181818182,0.09090909090909091,0.36363636363636365,3.296195913601628,1,1.0
0.14814814814814814,0.06907630522088354,3,1A73_A,0.041666666666666664,1.849434274420806,0.2916666666666667,0.0,0.3333333333333333,0.25,4.171784111288406,1,1.0
0.2823529411764706,0.16853932584269662,2,1AAY_A,0.08333333333333333,1.7041886273226052,0.125,0.16666666666666666,0.16666666666666666,0.5416666666666666,4.804470022184405,3,0.75
0.3235294117647059,0.22167487684729065,2,1AHD_P,0.09090909090909091,1.6601323557711012,0.2727272727272727,0.0,0.2727272727272727,0.5,4.3009206147967225,2,0.6363636363636364
0.15469613259668508,0.08062234794908062,2,1AIS_A,0.14285714285714285,2.2008608016907147,0.42857142857142855,0.07142857142857142,0.2857142857142857,0.10714285714285714,4.869277687128802,1,1.0
0.046632124352331605,0.018880208333333332,2,1AIS_B,0.0,1.8138694265586255,0.1111111111111111,0.0,0.3333333333333333,0.4444444444444444,4.8756420121750805,3,0.5555555555555556
0.21794871794871795,0.1669421487603306,2,1AKH_B,0.23529411764705882,1.9025379868271852,0.23529411764705882,0.0,0.29411764705882354,0.47058823529411764,3.740974796420652,3,0.5294117647058824
0.12195121951219512,0.11875,2,1AM9_C,0.1,3.3554203063121615,0.2,0.1,0.3,0.5,4.562225946119654,2,0.8
0.08139534883720931,0.05718270571827057,2,1AN2_A,0.0,3.7927510725223947,0.0,0.14285714285714285,0.2857142857142857,0.5714285714285714,4.829596896950396,2,0.7142857142857143
0.2,0.1404494382022472,2,1AN4_A,0.0,3.4109284093458005,0.0,0.07692307692307693,0.46153846153846156,0.38461538461538464,5.347833242134716,3,0.6153846153846154
0.1391304347826087,0.07386363636363637,2,1AOI_C,0.0,1.760970869621137,0.1875,0.0,0.125,0.625,6.690515915634195,3,0.4375
0.18181818181818182,0.08025477707006369,2,1AOI_D,0.05555555555555555,1.3273806541833357,0.1111111111111111,0.05555555555555555,0.3888888888888889,0.4444444444444444,6.832406425448935,3,0.6666666666666666
0.19827586206896552,0.12580645161290321,2,1AOI_E,0.08695652173913043,2.7482485359530537,0.30434782608695654,0.0,0.21739130434782608,0.391304347826087,6.541492079875818,4,0.391304347826087
0.14545454545454545,0.10474090407938258,2,1AWC_A,0.375,1.262464226257773,0.5625,0.0,0.3125,0.375,3.6129080352969742,2,0.875
0.22727272727272727,0.16135084427767354,2,1AZP_A,0.13333333333333333,1.252315203707301,0.3333333333333333,0.0,0.3333333333333333,0.4,3.6175089853460762,1,1.0
0.1836734693877551,0.13244444444444445,2,1B3T_A,0.1111111111111111,1.580134565462743,0.14814814814814814,0.0,0.2962962962962963,0.37037037037037035,3.7584456827267867,2,0.9629629629629629
0.2318840579710145,0.14756944444444445,2,1B69_A,0.1875,1.619961991188212,0.3125,0.0625,0.1875,0.4375,3.7811208875434055,3,0.8125
0.20689655172413793,0.12101910828025478,2,1B8I_B,0.16666666666666666,1.432672843836037,0.25,0.0,0.4166666666666667,0.4166666666666667,4.381141028393515,4,0.5833333333333334
0.11475409836065574,0.055857637172516066,2,1B96_A,0.07142857142857142,1.1432548581215938,0.10714285714285714,0.07142857142857142,0.5714285714285714,0.17857142857142858,3.9098195561965636,1,1.0
0.0942622950819672,0.04896142433234421,2,1B97_A,0.043478260869565216,1.0186960497093105,0.08695652173913043,0.043478260869565216,0.6956521739130435,0.08695652173913043,4.105765276605091,1,1.0
0.15873015873015872,0.1593625498007968,2,1BBX_C,0.1,3.4636883935250475,0.3,0.1,0.1,0.3,4.377240203787796,2,0.5
0.1827956989247312,0.12151898734177215,2,1BC8_C,0.35294117647058826,1.1796733339739063,0.5294117647058824,0.0,0.29411764705882354,0.4117647058823529,3.659961388242686,2,0.8823529411764706
0.05621301775147929,0.035498489425981876,2,1BDH_A,0.05263157894736842,1.6845299573297092,0.47368421052631576,0.0,0.47368421052631576,0.10526315789473684,3.8945134079835855,2,0.6842105263157895
0.22641509433962265,0.1152073732718894,2,1BDT_B,0.08333333333333333,1.2000796127998477,0.3333333333333333,0.0,0.4166666666666667,0.16666666666666666,3.890719408704761,3,0.3333333333333333
0.18867924528301888,0.10918114143920596,2,1BDV_B,0.0,1.4283565362425843,0.3,0.0,0.5,0.1,3.9747025794863653,3,0.4
0.2222222222222222,0.1693227091633466,2,1BF4_A,0.14285714285714285,1.2790982827236792,0.35714285714285715,0.0,0.35714285714285715,0.35714285714285715,3.5062569966529926,2,0.8571428571428571
0.2857142857142857,0.3885542168674699,1,1BJ6_A,0.16666666666666666,1.4640596014145568,0.3333333333333333,0.0,0.25,0.3333333333333333,3.3750696838185688,1,1.0
0.105,0.06270200387847447,2,1BNK_A,0.14285714285714285,1.3757496339209814,0.2857142857142857,0.0,0.2857142857142857,0.38095238095238093,3.9211174813433716,3,0.8571428571428571
0.25,0.1450980392156863,2,1BNZ_A,0.125,1.17732066645796,0.3125,0.0,0.3125,0.4375,3.5577548628721334,1,1.0
0.14814814814814814,0.13151658767772512,1,1BRN_L,0.1875,1.8762259548159195,0.25,0.125,0.375,0.3125,4.0415478475078865,2,0.9375
0.11304347826086956,0.05459610027855153,2,1BSS_A,0.07692307692307693,1.2100888350230812,0.11538461538461539,0.0,0.6153846153846154,0.15384615384615385,3.9218048704731556,2,0.8461538461538461
0.06857142857142857,0.11692084241103849,4,1BVO_A,0.08333333333333333,1.203142060573284,0.08333333333333333,0.08333333333333333,0.25,0.6666666666666666,3.913546140738592,1,1.0
0.1951219512195122,0.09295352323838081,2,1BY4_B,0.125,1.6328831089671694,0.125,0.125,0.25,0.5,4.1084544471003355,2,0.75
0.0639269406392694,0.04580152671755725,2,1C0W_B,0.0,1.0851939687960392,0.21428571428571427,0.0,0.42857142857142855,0.2857142857142857,3.642712686732485,2,0.8571428571428571
0.06030150753768844,0.16175507531106745,12,1C7Y_A,0.0,1.4400807410707728,0.08333333333333333,0.0,0.16666666666666666,0.3333333333333333,4.44995784620143,2,0.9166666666666666
0.234375,0.1442687747035573,2,1C8C_A,0.13333333333333333,1.2626679607057447,0.3333333333333333,0.0,0.3333333333333333,0.4,3.629423014618218,1,1.0
0.06763285024154589,0.02848297213622291,2,1C9B_A,0.0,3.0583376272822815,0.07142857142857142,0.0,0.21428571428571427,0.5714285714285714,6.241119966600732,5,0.42857142857142855
0.17777777777777778,0.0889978976874562,2,1C9B_B,0.125,2.2846725549718423,0.40625,0.0,0.3125,0.1875,4.524361105089808,2,0.9375
0.0593607305936073,0.03508771929824561,1,1CBV_H,0.07692307692307693,2.2214819679752384,0.23076923076923078,0.07692307692307693,0.5384615384615384,0.07692307692307693,2.9013886889715645,1,1.0
0.0319634703196347,0.026564344746162927,1,1CBV_L,0.14285714285714285,1.4702205180588193,0.2857142857142857,0.0,0.5714285714285714,0.2857142857142857,2.9394453462424446,1,1.0
0.17318435754189945,0.10626319493314568,2,1CDW_A,0.12903225806451613,2.18662974405878,0.4838709677419355,0.0,0.2903225806451613,0.1935483870967742,4.803953884256742,1,1.0
0.07106598984771574,0.038560411311053984,3,1CGP_A,0.0,1.5861437022457598,0.07142857142857142,0.14285714285714285,0.2857142857142857,0.35714285714285715,3.359830121662449,2,0.8571428571428571
0.29213483146067415,0.2,2,1CIT_A,0.07692307692307693,2.2921957691101866,0.19230769230769232,0.038461538461538464,0.23076923076923078,0.4230769230769231,4.126466454613585,2,0.8461538461538461
0.24193548387096775,0.14435146443514643,2,1CJG_A,0.13333333333333333,1.1591711449015396,0.4666666666666667,0.0,0.5333333333333333,0.06666666666666667,3.999491436561633,3,0.8
0.22535211267605634,0.1797153024911032,2,1CKT_A,0.1875,1.8292012021553088,0.4375,0.0,0.375,0.1875,3.7151352506624398,1,1.0
0.09195402298850575,0.04729400292540224,2,1CL8_A,0.0,2.477780246634166,0.20833333333333334,0.0,0.25,0.375,4.667870325635895,2,0.8333333333333334
0.02547065337763012,0.013683782685272998,2,1CLQ_A,0.17391304347826086,1.0717988838090413,0.43478260869565216,0.08695652173913043,0.43478260869565216,0.08695652173913043,4.7129566406243955,4,0.6086956521739131
0.08653846153846154,0.03431952662721893,2,1CMA_A,0.0,1.5392235275727342,0.1111111111111111,0.0,0.4444444444444444,0.4444444444444444,3.9652688515764414,3,0.4444444444444444
0.17142857142857143,0.1952662721893491,2,1CO0_A,0.0,1.4075765248548655,0.2777777777777778,0.1111111111111111,0.3888888888888889,0.16666666666666666,3.2886311460364497,1,1.0
0.23870967741935484,0.148,3,1CW0_A,0.08108108108108109,1.3342057301389652,0.32432432432432434,0.05405405405405406,0.1891891891891892,0.32432432432432434,3.836363413794506,2,0.918918918918919
0.13580246913580246,0.05967741935483871,2,1CYQ_A,0.0,1.9671126415694205,0.2727272727272727,0.0,0.36363636363636365,0.22727272727272727,4.354112244517481,2,0.9090909090909091
0.07,0.04625684723067559,2,1D02_B,0.07142857142857142,2.873509804184701,0.21428571428571427,0.07142857142857142,0.21428571428571427,0.35714285714285715,4.904949657011968,3,0.6428571428571429
0.16022099447513813,0.08409893992932863,2,1D3U_A,0.13793103448275862,2.3731835797526735,0.41379310344827586,0.034482758620689655,0.27586206896551724,0.1724137931034483,4.875542600519771,1,1.0
0.09950248756218906,0.053918495297805645,2,1D3U_B,0.1,2.850082901231829,0.25,0.0,0.35,0.4,5.5592563681495095,5,0.6
0.052083333333333336,0.024024024024024024,2,1D5Y_A,0.13333333333333333,2.18891645718102,0.3333333333333333,0.06666666666666667,0.2,0.4,4.1828166068508486,2,0.8666666666666667
0.026622296173044926,0.013487881981032667,1,1D8Y_A,0.1875,1.206083492068056,0.4375,0.0625,0.4375,0.1875,3.787652315214797,4,0.5
0.08681672025723473,0.06637168141592921,2,1DC1_B,0.1111111111111111,1.1660448787458533,0.2222222222222222,0.18518518518518517,0.25925925925925924,0.25925925925925924,4.597230897774233,4,0.7777777777777778
0.10802469135802469,0.07418738049713193,2,1DCT_A,0.02857142857142857,1.4607158802454232,0.17142857142857143,0.05714285714285714,0.34285714285714286,0.2857142857142857,3.698512755587567,2,0.9714285714285714
0.08695652173913043,0.04965831435079727,2,1DE8_A,0.20833333333333334,1.3540061564480628,0.4583333333333333,0.08333333333333333,0.3333333333333333,0.16666666666666666,3.987803026061074,1,1.0
0.1003584229390681,0.04695259593679458,2,1DEW_B,0.17857142857142858,1.4985069251533636,0.35714285714285715,0.14285714285714285,0.32142857142857145,0.21428571428571427,4.14513273565348,1,1.0
0.2,0.07922912205567452,2,1DH3_A,0.0,4.405155385484938,0.18181818181818182,0.0,0.18181818181818182,0.6363636363636364,3.6720714058727606,2,0.9090909090909091
0.12374581939799331,0.06779661016949153,2,1DMU_A,0.05405405405405406,1.4600675615847598,0.16216216216216217,0.13513513513513514,0.1891891891891892,0.35135135135135137,3.948566583530338,6,0.3783783783783784
0.21052631578947367,0.17307692307692307,2,1DP7_P,0.125,2.551855513949018,0.25,0.0,0.3125,0.4375,3.982431051467626,2,0.6875
0.15654952076677317,0.10583501006036217,3,1DRG_A,0.08163265306122448,1.6924518964093183,0.2857142857142857,0.02040816326530612,0.30612244897959184,0.3877551020408163,4.658932818512629,5,0.6530612244897959
0.20238095238095238,0.09895052473763119,2,1DSZ_B,0.11764705882352941,1.6185910190159536,0.11764705882352941,0.11764705882352941,0.23529411764705882,0.5294117647058824,3.8794784536622573,3,0.5882352941176471
0.17857142857142858,0.075,2,1DU0_B,0.1,1.3017646191001362,0.2,0.1,0.3,0.4,4.773260920750118,4,0.5
0.19767441860465115,0.1083676268861454,2,1DUX_C,0.35294117647058826,1.4355968221488526,0.47058823529411764,0.058823529411764705,0.29411764705882354,0.4117647058823529,3.813012601710311,2,0.8823529411764706
0.17777777777777778,0.0903954802259887,2,1EA4_F,0.0,1.3452892030637527,0.125,0.0,0.5,0.375,4.3538675775467155,2,0.625
0.08280254777070063,0.05494054940549405,2,1EBM_A,0.11538461538461539,1.2539307710166017,0.3076923076923077,0.038461538461538464,0.4230769230769231,0.11538461538461539,3.7698885645425277,2,0.9230769230769231
0.06060606060606061,0.03822692151281008,2,1EFA_B,0.1,1.8112769343662058,0.4,0.0,0.6,0.1,3.634181548990085,2,0.75
0.1388888888888889,0.1195840554592721,2,1EGW_B,0.0,3.2169713495848042,0.1,0.0,0.0,0.7,4.4260114347002695,2,0.5
0.03225806451612903,0.026235509456985967,1,1EHL_H,0.2857142857142857,2.5138230944877646,0.2857142857142857,0.0,0.42857142857142855,0.2857142857142857,3.5034841280346996,2,0.8571428571428571
0.02304147465437788,0.010746268656716417,1,1EHL_L,0.2,1.5136011440103776,0.4,0.0,0.6,0.2,3.163202823828019,1,1.0
0.09417040358744394,0.05033185840707965,2,1EMH_A,0.14285714285714285,1.3862744329200731,0.23809523809523808,0.047619047619047616,0.42857142857142855,0.14285714285714285,3.1411538724018615,1,1.0
0.11475409836065574,0.0657421674370827,2,1EOO_A,0.07142857142857142,1.2119856596109413,0.10714285714285714,0.03571428571428571,0.6428571428571429,0.14285714285714285,3.9850615179868236,1,1.0
0.12598425196850394,0.06611570247933884,2,1EQZ_E,0.0,2.738270546665269,0.1875,0.0,0.125,0.625,9.807579963883635,5,0.4375
0.11728395061728394,0.05877616747181964,3,1EVW_A,0.0,1.62610625861913,0.21052631578947367,0.0,0.3157894736842105,0.3157894736842105,4.0607164968431695,2,0.6842105263157895
0.125,0.09238776837996096,2,1EWN_A,0.16,1.440106587321901,0.4,0.0,0.32,0.28,3.6672305860078334,2,0.96
0.22321428571428573,0.3085234093637455,1,1EYG_A,0.2,1.727476888395273,0.24,0.12,0.44,0.2,4.598768982148641,4,0.64
0.14102564102564102,0.08497246262785209,2,1EYU_A,0.0,1.1872303318299884,0.09090909090909091,0.09090909090909091,0.45454545454545453,0.3181818181818182,3.8516085937482396,3,0.8636363636363636
0.04838709677419355,0.025236593059936908,1,1F0V_A,0.0,4.014329102906821,0.16666666666666666,0.16666666666666666,0.3333333333333333,0.3333333333333333,3.1155625113873313,1,1.0
0.21212121212121213,0.13743218806509946,2,1F2I_G,0.07142857142857142,2.049596319115816,0.14285714285714285,0.14285714285714285,0.14285714285714285,0.5714285714285714,4.349582955827054,1,1.0
0.1550632911392405,0.10135674381484437,3,1F44_A,0.08163265306122448,1.64222292567583,0.2857142857142857,0.02040816326530612,0.2857142857142857,0.40816326530612246,4.668750751882313,6,0.6326530612244898
0.2923076923076923,0.5066666666666667,2,1F4S_P,0.05263157894736842,1.4666064284504576,0.10526315789473684,0.0,0.3157894736842105,0.5263157894736842,3.9760841457107063,3,0.7894736842105263
0.11666666666666667,0.060228452751817235,2,1F5T_A,0.0,1.1109104616312617,0.07142857142857142,0.0,0.42857142857142855,0.42857142857142855,3.771321792838659,3,0.7857142857142857
0.11374407582938388,0.0776283618581907,2,1F6O_A,0.16666666666666666,1.3532249005039572,0.3333333333333333,0.0,0.2916666666666667,0.3333333333333333,3.779856718921641,3,0.875
0.06993006993006994,0.04334226988382484,4,1FIU_A,0.05,1.2235476949913664,0.05,0.15,0.35,0.3,3.9529927412492984,3,0.75
0.08333333333333333,0.03490821546795065,3,1FLO_B,0.08823529411764706,1.9096570061569018,0.11764705882352941,0.0,0.5294117647058824,0.35294117647058826,4.9094846839796755,6,0.5
0.06687898089171974,0.05453054530545305,2,1FN7_A,0.09523809523809523,1.3450252330647339,0.2857142857142857,0.047619047619047616,0.42857142857142855,0.14285714285714285,3.61815930390468,2,0.9523809523809523
0.06338028169014084,0.03523452983924246,2,1FOK_A,0.1111111111111111,1.0349742990897202,0.16666666666666666,0.027777777777777776,0.5,0.2777777777777778,4.18510965145798,7,0.6944444444444444
0.15,0.05327868852459016,2,1FOS_E,0.0,4.748538284362516,0.2222222222222222,0.0,0.2222222222222222,0.5555555555555556,3.6357026638080434,2,0.8888888888888888
0.046511627906976744,0.010899182561307902,2,1FYM_A,0.0,2.263291758253078,0.25,0.0,0.0,0.5,4.196123153204329,2,0.75
0.25842696629213485,0.15176151761517614,2,1G2D_C,0.08695652173913043,1.8147734359768481,0.21739130434782608,0.0,0.34782608695652173,0.43478260869565216,5.089109724158107,5,0.34782608695652173
0.24719101123595505,0.11748633879781421,2,1G2F_C,0.09090909090909091,1.729705501557218,0.18181818181818182,0.0,0.36363636363636365,0.45454545454545453,5.256551822131192,5,0.36363636363636365
0.09669211195928754,0.059777424483306835,2,1G38_A,0.10526315789473684,1.536524905753098,0.15789473684210525,0.13157894736842105,0.18421052631578946,0.39473684210526316,4.395931470381127,7,0.4473684210526316
0.17391304347826086,0.11406844106463879,2,1G4D_A,0.08333333333333333,2.5018111149486493,0.3333333333333333,0.0,0.16666666666666666,0.25,3.9577433904468835,2,0.6666666666666666
0.2236842105263158,0.15602263540824576,4,1G9Z_A,0.058823529411764705,1.5536660154823985,0.20588235294117646,0.08823529411764706,0.38235294117647056,0.29411764705882354,4.235663325977004,3,0.9117647058823529
0.25,0.14042553191489363,2,1GAT_A,0.06666666666666667,1.834779002102461,0.4,0.0,0.3333333333333333,0.3333333333333333,4.446249538039337,3,0.5333333333333333
0.2222222222222222,0.23586744639376217,2,1GCC_A,0.2857142857142857,1.8550658143596854,0.2857142857142857,0.0,0.21428571428571427,0.42857142857142855,3.918657144396636,1,1.0
0.15384615384615385,0.09622641509433963,2,1GD2_E,0.1,4.402124706731574,0.1,0.0,0.3,0.5,3.732614751397511,1,1.0
0.1366120218579235,0.11867977528089887,3,1GDT_A,0.08,3.377669053055973,0.32,0.0,0.2,0.4,5.5252388133702794,3,0.36
0.05090909090909091,0.03031654034774855,2,1GJI_A,0.07142857142857142,1.9939992532144526,0.07142857142857142,0.0,0.35714285714285715,0.5714285714285714,5.119833405392912,3,0.8571428571428571
0.19753086419753085,0.07484076433121019,2,1GLU_A,0.125,2.559726322213126,0.1875,0.0,0.25,0.5,4.3352530871238955,2,0.6875
0.03017832647462277,0.021963169454299714,3,1GM5_A,0.13636363636363635,2.3347345624902855,0.3181818181818182,0.045454545454545456,0.3181818181818182,0.22727272727272727,5.524687688694466,4,0.45454545454545453
0.2625,0.18701700154559506,2,1GT0_D,0.14285714285714285,1.840884948803587,0.23809523809523808,0.0,0.23809523809523808,0.47619047619047616,4.5288987762136665,1,1.0
0.18446601941747573,0.10278113663845223,2,1GXP_A,0.15789473684210525,1.1719672963459538,0.2631578947368421,0.10526315789473684,0.2631578947368421,0.3684210526315789,3.6479470782874643,2,0.9473684210526315
0.10215053763440861,0.058419243986254296,2,1H6F_B,0.15789473684210525,1.6523342864559372,0.3157894736842105,0.0,0.3684210526315789,0.2631578947368421,3.968436614757868,2,0.8421052631578947
0.16901408450704225,0.07321131447587355,2,1H88_B,0.08333333333333333,4.672172337767852,0.25,0.0,0.3333333333333333,0.5,3.849899851874547,1,1.0
0.14473684210526316,0.06419180201082754,2,1H88_C,0.13636363636363635,1.799611301078496,0.18181818181818182,0.045454545454545456,0.3181818181818182,0.45454545454545453,4.314000836184259,4,0.5
0.171875,0.08759124087591241,2,1H89_A,0.09090909090909091,4.453099484795213,0.18181818181818182,0.0,0.36363636363636365,0.5454545454545454,3.5912040951762227,1,1.0
0.09016393442622951,0.06063829787234042,2,1H9D_C,0.0,1.3841992027560515,0.09090909090909091,0.09090909090909091,0.09090909090909091,0.6363636363636364,3.864292653751479,3,0.8181818181818182
0.07327586206896551,0.05016357688113413,2,1H9T_A,0.0,2.404841452921305,0.17647058823529413,0.058823529411764705,0.35294117647058826,0.29411764705882354,3.74197237050855,1,1.0
0.2247191011235955,0.1548480463096961,2,1HBX_E,0.05,1.4956398887460034,0.15,0.0,0.25,0.55,4.19620672816775,3,0.55
0.40384615384615385,0.42488262910798125,2,1HCR_A,0.09523809523809523,1.656657435466858,0.3333333333333333,0.0,0.2857142857142857,0.2857142857142857,4.029117080300635,1,1.0
0.21052631578947367,0.09917355371900827,2,1HDD_C,0.16666666666666666,1.5759258533320624,0.25,0.0,0.3333333333333333,0.5,4.252983132413841,3,0.6666666666666666
0.0391566265060241,0.014624881291547959,1,1HHT_P,0.038461538461538464,1.9843771458212538,0.3076923076923077,0.07692307692307693,0.34615384615384615,0.23076923076923078,4.164501084901687,7,0.38461538461538464
0.09166666666666666,0.06316916488222699,2,1HJB_C,0.0,1.2503068828467994,0.09090909090909091,0.09090909090909091,0.09090909090909091,0.6363636363636364,3.9379135517544746,2,0.9090909090909091
0.1125,0.07922272047832586,2,1HLO_A,0.0,4.042470347945173,0.0,0.1111111111111111,0.2222222222222222,0.6666666666666666,4.445256726578091,2,0.7777777777777778
0.25190839694656486,0.15384615384615385,2,1HLV_A,0.06060606060606061,2.7988552591414284,0.09090909090909091,0.030303030303030304,0.3333333333333333,0.3939393939393939,5.038056892130978,6,0.42424242424242425
0.1917808219178082,0.12888198757763975,2,1HRY_A,0.14285714285714285,2.4451516295115097,0.2857142857142857,0.0,0.35714285714285715,0.35714285714285715,5.435869976688074,6,0.35714285714285715
0.07384615384615385,0.026558891454965358,2,1HUO_A,0.08333333333333333,1.4426544220337663,0.20833333333333334,0.20833333333333334,0.3333333333333333,0.16666666666666666,4.59771425639976,3,0.4583333333333333
0.07207207207207207,0.04261363636363636,2,1HW2_A,0.0,2.4677598136023344,0.25,0.0625,0.25,0.3125,3.8213647630592478,2,0.75
0.20270270270270271,0.15146579804560262,2,1HWT_D,0.06666666666666667,2.200771465705528,0.2,0.0,0.2,0.5333333333333333,4.465124501739231,2,0.9333333333333333
0.034358047016274866,0.016366223908918405,1,1HYS_A,0.15789473684210525,3.0468075289329315,0.2631578947368421,0.10526315789473684,0.3157894736842105,0.2631578947368421,8.788394201886739,5,0.3157894736842105
0.002352941176470588,0.0002937720329024677,1,1HYS_B,0.0,,0.0,0.0,0.0,1.0,0.0,1,1.0
0.02734375,0.01805758906783797,2,1I6J_A,0.14285714285714285,1.8811638117927325,0.42857142857142855,0.14285714285714285,0.2857142857142857,0.14285714285714285,3.354118561652615,2,0.8571428571428571
0.05806451612903226,0.03182647476180823,1,1I7D_A,0.08333333333333333,1.9571978232800558,0.3055555555555556,0.1388888888888889,0.19444444444444445,0.2222222222222222,4.249824482804448,5,0.6666666666666666
0.018779342723004695,0.015113350125944584,1,1I8M_B,0.25,1.7958578975549817,0.5,0.0,0.25,0.25,2.9130609594472223,1,1.0
0.13815789473684212,0.10134003350083752,4,1IAW_A,0.023809523809523808,2.634859799809792,0.09523809523809523,0.14285714285714285,0.2619047619047619,0.3333333333333333,6.552596034433451,5,0.5476190476190477
0.2,0.12018669778296383,2,1IF1_A,0.14285714285714285,2.0401206686095605,0.3333333333333333,0.0,0.2857142857142857,0.38095238095238093,4.531502046173392,5,0.38095238095238093
0.2,0.19095477386934673,2,1IG4_A,0.13333333333333333,1.9745023310722396,0.26666666666666666,0.13333333333333333,0.26666666666666666,0.3333333333333333,4.484268094382437,2,0.6
0.27586206896551724,0.18067226890756302,2,1IG7_A,0.1875,1.6009862797218883,0.25,0.0,0.25,0.5,4.052286054170666,3,0.5625
0.04562043795620438,0.029634734665747762,4,1IJS_P,0.2,1.958756409913858,0.28,0.08,0.4,0.12,6.071394270099053,7,0.6
0.05338078291814947,0.025183150183150184,2,1IMH_C,0.06666666666666667,1.0648950322901003,0.06666666666666667,0.06666666666666667,0.4,0.4,4.276519456903702,2,0.9333333333333333
0.13043478260869565,0.0881057268722467,2,1IU3_C,0.06666666666666667,1.9738828973923075,0.2,0.0,0.4,0.3333333333333333,3.949894002555536,3,0.4666666666666667
0.1391304347826087,0.09030837004405286,2,1J3E_A,0.0625,1.8016663275000873,0.1875,0.0,0.5,0.3125,3.7403923740622895,3,0.625
0.25882352941176473,0.17292225201072386,2,1J46_A,0.13636363636363635,1.4291777157493963,0.22727272727272727,0.0,0.2727272727272727,0.5,4.846191960004141,3,0.8181818181818182
0.25882352941176473,0.18230563002680966,2,1J47_A,0.18181818181818182,1.483716787703617,0.22727272727272727,0.0,0.2727272727272727,0.5,4.842593515185343,7,0.36363636363636365
0.26881720430107525,0.27989487516425754,2,1J5N_A,0.16,1.6534393452165634,0.28,0.0,0.28,0.48,4.632512918610546,4,0.6
0.05197132616487455,0.0309878844361603,2,1J5O_A,0.10344827586206896,2.43991020244963,0.27586206896551724,0.10344827586206896,0.2413793103448276,0.27586206896551724,7.030269336467105,11,0.27586206896551724
0.002325581395348837,0.0002931691586045148,1,1J5O_B,0.0,,0.0,0.0,0.0,1.0,0.0,1,1.0
0.035849056603773584,0.01768033946251768,2,1JEY_B,0.10526315789473684,1.7786571247477405,0.21052631578947367,0.10526315789473684,0.15789473684210525,0.5789473684210527,7.364690538669588,8,0.3684210526315789
0.16939890710382513,0.0929112181693049,2,1JFI_C,0.12903225806451613,2.290332012698124,0.45161290322580644,0.0,0.3225806451612903,0.16129032258064516,4.587247335482224,2,0.967741935483871
0.05014749262536873,0.031650339110776186,2,1JFS_A,0.058823529411764705,1.7732534592208178,0.35294117647058826,0.0,0.5294117647058824,0.17647058823529413,3.9633062985168506,2,0.7058823529411765
0.052941176470588235,0.031578947368421054,2,1JFT_A,0.05555555555555555,1.7819667809549709,0.3888888888888889,0.0,0.5,0.16666666666666666,3.8918996254561944,2,0.7222222222222222
0.17543859649122806,0.18163672654690619,2,1JGG_A,0.3,2.125374561918416,0.5,0.0,0.3,0.3,4.414121599068998,2,0.5
0.061946902654867256,0.038055764883195176,2,1JH9_A,0.047619047619047616,1.5093282452543098,0.42857142857142855,0.0,0.42857142857142855,0.19047619047619047,3.685723930079038,2,0.7142857142857143
0.15789473684210525,0.10945273631840796,2,1JJ4_B,0.08333333333333333,1.2005394345525853,0.08333333333333333,0.0,0.5833333333333334,0.3333333333333333,3.0545641119480322,2,0.8333333333333334
0.29411764705882354,0.153737658674189,2,1JK2_A,0.08,1.6778208727058657,0.16,0.16,0.12,0.56,4.7175224325712835,3,0.72
0.10504201680672269,0.07401490947816826,1,1JMC_A,0.2,1.6362631328581605,0.4,0.04,0.28,0.28,4.7010629197705045,5,0.52
0.06914893617021277,0.06257982120051085,2,1JT0_A,0.15384615384615385,1.206620763298968,0.23076923076923078,0.0,0.6153846153846154,0.23076923076923078,2.9869066298271503,1,1.0
0.18333333333333332,0.13786008230452676,2,1K61_A,0.2727272727272727,1.6881239341547238,0.2727272727272727,0.0,0.2727272727272727,0.5454545454545454,3.9276526949660298,3,0.6363636363636364
0.16346153846153846,0.1111111111111111,2,1K79_A,0.35294117647058826,1.3223984838347589,0.47058823529411764,0.0,0.35294117647058826,0.47058823529411764,3.865076875557901,2,0.8823529411764706
0.10384615384615385,0.08243375858684986,2,1K82_A,0.1111111111111111,2.133883838067448,0.25925925925925924,0.07407407407407407,0.18518518518518517,0.3333333333333333,4.201390754453213,1,1.0
0.13861386138613863,0.06430446194225722,2,1KB6_B,0.14285714285714285,1.738598248822782,0.35714285714285715,0.07142857142857142,0.0,0.5,3.980901551130286,2,0.7857142857142857
0.1375,0.08931419457735247,3,1KBU_A,0.09090909090909091,1.7428292241813108,0.3181818181818182,0.022727272727272728,0.29545454545454547,0.38636363636363635,4.8672644321872784,7,0.5227272727272727
0.05898876404494382,0.030217849613492623,1,1KDH_A,0.14285714285714285,1.7572823631157295,0.2857142857142857,0.19047619047619047,0.09523809523809523,0.23809523809523808,4.259744274968484,2,0.6190476190476191
0.032407407407407406,0.031017369727047148,1,1KEG_H,0.2857142857142857,2.5328740883742613,0.2857142857142857,0.0,0.42857142857142855,0.2857142857142857,3.5522209005145102,2,0.8571428571428571
0.032407407407407406,0.02483343428225318,1,1KEG_L,0.14285714285714285,1.1579560832381803,0.2857142857142857,0.0,0.5714285714285714,0.14285714285714285,3.258113776453857,1,1.0
0.05042016806722689,0.028271578496466054,2,1KLN_A,0.13333333333333333,2.108237827536156,0.3,0.13333333333333333,0.5,0.16666666666666666,5.8980108742556965,8,0.26666666666666666
0.1450381679389313,0.06691449814126393,2,1KQQ_A,0.05263157894736842,1.6675621109556886,0.47368421052631576,0.0,0.2631578947368421,0.2631578947368421,3.9139420906584634,2,0.8421052631578947
0.05517241379310345,0.04148660328435609,2,1KSX_A,0.125,1.8062007452106146,0.125,0.0,0.5,0.375,4.109235945365939,1,1.0
0.06756756756756757,0.035653650254668934,2,1KSY_B,0.1,1.61326783341912,0.1,0.0,0.5,0.4,3.8889960977629676,1,1.0
0.1506849315068493,0.09001636661211129,2,1KU7_A,0.0,1.146698375549916,0.18181818181818182,0.09090909090909091,0.2727272727272727,0.45454545454545453,3.0001304997068585,2,0.9090909090909091
0.21311475409836064,0.1377551020408163,2,1KX5_E,0.07692307692307693,2.622102426624528,0.2692307692307692,0.0,0.19230769230769232,0.4230769230769231,6.7673161228910095,5,0.4230769230769231
0.20212765957446807,0.12133333333333333,2,1KX5_F,0.0,3.34204800390527,0.05263157894736842,0.0,0.21052631578947367,0.5263157894736842,8.111109707280757,4,0.47368421052631576
0.3870967741935484,0.3249475890985325,2,1L1M_A,0.125,1.6267613119261426,0.375,0.0,0.5833333333333334,0.125,3.4741071626756113,1,1.0
0.06060606060606061,0.038267875125881166,3,1L2B_A,0.125,1.8025752614568245,0.3125,0.0625,0.125,0.4375,4.3581067721910545,2,0.9375
0.1891891891891892,0.0986159169550173,2,1LAT_B,0.14285714285714285,1.9216852147767198,0.14285714285714285,0.07142857142857142,0.14285714285714285,0.5714285714285714,3.7947582761657737,2,0.7142857142857143
0.043859649122807015,0.023548740416210297,1,1LAU_E,0.1,2.053780777097706,0.2,0.1,0.2,0.2,3.933980327601302,2,0.5
0.022408963585434174,0.03081232492997199,2,1LBG_A,0.0,3.2996628680956923,0.375,0.0,0.5,0.0,5.3327490697223885,4,0.5
0.29411764705882354,0.22305764411027568,2,1LCC_A,0.13333333333333333,1.6686489150877557,0.26666666666666666,0.0,0.6666666666666666,0.2,3.238103018309633,1,1.0
0.04744525547445255,0.04120879120879121,2,1LE5_A,0.07692307692307693,2.239072574770775,0.15384615384615385,0.07692307692307693,0.23076923076923078,0.46153846153846156,5.008003315833138,3,0.6153846153846154
0.054313099041533544,0.04346060113728676,2,1LE5_B,0.058823529411764705,1.8648347578567965,0.17647058823529413,0.058823529411764705,0.29411764705882354,0.35294117647058826,4.788233913048424,4,0.4117647058823529
0.22641509433962265,0.13043478260869565,2,1LE8_A,0.08333333333333333,1.4573495973574337,0.4166666666666667,0.0,0.16666666666666666,0.4166666666666667,3.2971959266405886,2,0.8333333333333334
0.18292682926829268,0.21449704142011836,2,1LFU_P,0.13333333333333333,2.2653693342618335,0.3333333333333333,0.0,0.26666666666666666,0.4,4.380568364081472,2,0.6
0.1956521739130435,0.13220815752461323,2,1LLI_B,0.05555555555555555,2.0562682173317963,0.1111111111111111,0.0,0.5555555555555556,0.2777777777777778,4.482223112161414,3,0.6666666666666666
0.20689655172413793,0.13379310344827586,2,1LLM_C,0.1111111111111111,2.479147996016441,0.1111111111111111,0.16666666666666666,0.2222222222222222,0.5,4.264357598939779,2,0.5555555555555556
0.20652173913043478,0.10845070422535211,2,1LMB_4,0.05263157894736842,2.0351006828585705,0.10526315789473684,0.05263157894736842,0.5263157894736842,0.2631578947368421,4.304642744888733,3,0.6842105263157895
0.26666666666666666,0.21560283687943263,2,1LO1_A,0.08333333333333333,1.5016499944438553,0.16666666666666666,0.041666666666666664,0.20833333333333334,0.5416666666666666,3.773055195820588,3,0.7916666666666666
0.06822262118491922,0.028045770697778773,2,1LPQ_A,0.07894736842105263,1.0557957964973457,0.18421052631578946,0.07894736842105263,0.3157894736842105,0.3684210526315789,4.976161413504912,8,0.2631578947368421
0.05357142857142857,0.03793103448275862,1,1LQ1_C,0.0,1.7929558083075154,0.16666666666666666,0.0,0.0,0.8333333333333334,4.38695076184719,3,0.5
0.13559322033898305,0.09447983014861996,2,1LRR_A,0.0625,1.812436239301347,0.1875,0.0,0.5,0.3125,3.7715286815871893,3,0.625
0.07931034482758621,0.03744351194318916,2,1LV5_A,0.06521739130434782,1.1659213062661065,0.21739130434782608,0.021739130434782608,0.5,0.1956521739130435,4.513233303007884,4,0.6739130434782609
0.07643312101910828,0.05533117932148627,2,1LWY_A,0.041666666666666664,1.3541655251950326,0.2916666666666667,0.041666666666666664,0.375,0.16666666666666666,3.873543451708283,3,0.875
0.030805687203791468,0.03781882145998241,2,1M06_F,0.23076923076923078,1.2950388553021333,0.23076923076923078,0.15384615384615385,0.23076923076923078,0.38461538461538464,7.5373871938072226,5,0.38461538461538464
0.0732484076433121,0.04918032786885246,2,1M3Q_A,0.08695652173913043,1.5020806394262645,0.2608695652173913,0.043478260869565216,0.34782608695652173,0.17391304347826086,4.09267481531746,2,0.8695652173913043
0.042735042735042736,0.03346113628441966,2,1M5R_A,0.13333333333333333,1.7946412793234918,0.13333333333333333,0.0,0.3333333333333333,0.4,4.855985622080815,6,0.5333333333333333
0.14906832298136646,0.09571209800918837,2,1M5X_A,0.125,1.6770447185203965,0.16666666666666666,0.125,0.375,0.3333333333333333,5.123602960144301,5,0.5416666666666666
0.09226932668329177,0.06111793611793612,3,1M6X_B,0.13513513513513514,1.7832114284168348,0.1891891891891892,0.0,0.5135135135135135,0.35135135135135137,4.713661746015586,7,0.40540540540540543
0.11764705882352941,0.06227758007117438,2,1MDY_A,0.0,3.684715648185089,0.0,0.125,0.125,0.625,5.227376105956506,2,0.75
0.1774193548387097,0.0984251968503937,2,1MDY_B,0.0,4.237432648612981,0.0,0.09090909090909091,0.18181818181818182,0.6363636363636364,5.322937412822275,3,0.6363636363636364
0.2976190476190476,0.15680473372781065,2,1MEY_F,0.08,1.884439629836653,0.08,0.08,0.48,0.4,4.734851129675917,2,0.96
0.07317073170731707,0.029382957884427033,2,1MHD_A,0.0,1.4049460902602955,0.1111111111111111,0.0,0.4444444444444444,0.4444444444444444,4.635773859904995,3,0.6666666666666666
0.028333333333333332,0.020033741037536905,1,1MJE_A,0.29411764705882354,1.7946041015950494,0.4117647058823529,0.0,0.35294117647058826,0.29411764705882354,4.786520569201392,4,0.35294117647058826
0.10576923076923077,0.05088757396449704,2,1MJO_A,0.0,1.1949555638239544,0.09090909090909091,0.0,0.5454545454545454,0.36363636363636365,4.483823443169545,3,0.45454545454545453
0.10989010989010989,0.07830479932641032,4,1MM8_A,0.12,2.2212335733694997,0.26,0.1,0.3,0.36,5.860624165553224,7,0.3
0.22983870967741934,0.13699307616221562,2,1MOW_A,0.07017543859649122,3.1165032260161385,0.14035087719298245,0.10526315789473684,0.43859649122807015,0.3157894736842105,5.3244914575075954,5,0.6491228070175439
0.3238095238095238,0.20716685330347145,2,1MSE_C,0.11764705882352941,1.4976447387643685,0.14705882352941177,0.058823529411764705,0.29411764705882354,0.4411764705882353,4.003433629001899,1,1.0
0.0440324449594438,0.026168773890032342,2,1MSW_D,0.21052631578947367,1.2381185046911551,0.2894736842105263,0.05263157894736842,0.3157894736842105,0.42105263157894735,5.97371404929444,14,0.2894736842105263
0.1010989010989011,0.07964105440269209,4,1MUH_A,0.13043478260869565,2.242852045904766,0.2391304347826087,0.10869565217391304,0.2826086956521739,0.391304347826087,6.081537266892757,9,0.2826086956521739
0.11135371179039301,0.07955493741307372,4,1MUS_A,0.11764705882352941,2.178951602706722,0.23529411764705882,0.11764705882352941,0.27450980392156865,0.37254901960784315,5.852723549061504,8,0.3137254901960784
0.04553734061930783,0.03997227356746765,5,1MVM_A,0.2,1.8611468776642466,0.24,0.12,0.52,0.08,5.0527954136681155,6,0.6
0.0427807486631016,0.02505592841163311,1,1MW8_X,0.08333333333333333,1.8259239100437625,0.16666666666666666,0.08333333333333333,0.2916666666666667,0.2916666666666667,4.118833590579442,6,0.7083333333333334
0.01818181818181818,0.021243115656963022,1,1MWI_A,0.0,2.428290175394615,0.0,0.0,0.3333333333333333,0.3333333333333333,2.2847107026907083,1,1.0
0.06687898089171974,0.04918032786885246,2,1N3A_A,0.09523809523809523,1.3041049427669653,0.23809523809523808,0.0,0.42857142857142855,0.19047619047619047,3.809665939383909,2,0.9523809523809523
0.08598726114649681,0.065439672801636,2,1N3C_A,0.14814814814814814,1.1643649004954795,0.2962962962962963,0.0,0.4074074074074074,0.14814814814814814,3.8950122620168997,2,0.9259259259259259
0.2119205298013245,0.11529026982829109,4,1N3E_A,0.0625,1.5670926967859509,0.1875,0.09375,0.40625,0.3125,4.363278995569442,2,0.9375
0.07309941520467836,0.03888081395348837,2,1N48_A,0.0,1.3841513426415084,0.16,0.08,0.16,0.44,5.565566469959064,9,0.2
0.10752688172043011,0.0859375,2,1N6J_A,0.0,2.4020649178353484,0.1,0.0,0.1,0.7,4.397840592417794,3,0.5
0.05128205128205128,0.030574806359559722,2,1NFK_A,0.0625,1.4628679242799918,0.0625,0.0625,0.3125,0.5625,5.356391007247665,4,0.5
0.03526448362720403,0.01970838006729691,2,1NG9_A,0.07142857142857142,1.5627659658154387,0.32142857142857145,0.07142857142857142,0.25,0.17857142857142858,5.164129891497476,4,0.7857142857142857
0.19480519480519481,0.11613876319758673,2,1NK2_P,0.13333333333333333,2.2213838865294253,0.26666666666666666,0.0,0.3333333333333333,0.5333333333333333,4.528700769436511,3,0.5333333333333333
0.06724137931034482,0.028817204301075268,2,1NK4_A,0.10256410256410256,1.205910863511864,0.2564102564102564,0.05128205128205128,0.48717948717948717,0.1794871794871795,4.477147831315684,4,0.5897435897435898
0.13636363636363635,0.08731241473396999,2,1NKP_A,0.0,4.710274605427686,0.0,0.08333333333333333,0.08333333333333333,0.75,5.0083756868679,2,0.8333333333333334
0.14457831325301204,0.09183673469387756,2,1NKP_B,0.0,3.832613912230661,0.08333333333333333,0.08333333333333333,0.16666666666666666,0.6666666666666666,4.360724290893512,2,0.8333333333333334
0.12658227848101267,0.08990536277602523,2,1NLW_A,0.0,3.7086420381309892,0.0,0.1,0.3,0.6,4.582691755635013,2,0.7
0.15789473684210525,0.08634222919937205,2,1NLW_B,0.0,3.7734272507959177,0.08333333333333333,0.08333333333333333,0.16666666666666666,0.6666666666666666,4.313754674364037,2,0.8333333333333334
0.03162055335968379,0.017482517482517484,2,1NNE_A,0.041666666666666664,1.9824602140995597,0.3333333333333333,0.08333333333333333,0.16666666666666666,0.20833333333333334,5.988310651019137,5,0.375
0.17222222222222222,0.10224089635854341,2,1NVP_A,0.12903225806451613,2.0329045502345284,0.3870967741935484,0.0,0.3225806451612903,0.1935483870967742,4.634613735478053,2,0.9354838709677419
0.2,0.09215686274509804,2,1NWQ_A,0.08333333333333333,4.5654257312773,0.25,0.0,0.3333333333333333,0.5,3.5056328822770086,1,1.0
0.13253012048192772,0.07290076335877863,3,1NZB_A,0.09090909090909091,1.6549809250301906,0.29545454545454547,0.022727272727272728,0.29545454545454547,0.4090909090909091,4.692514276392014,9,0.5
0.06,0.03984819734345351,2,1O3Q_A,0.0,1.9266113279350614,0.08333333333333333,0.16666666666666666,0.4166666666666667,0.3333333333333333,3.2825914362237283,1,1.0
0.06,0.043037974683544304,2,1O3S_A,0.0,1.5517853588629835,0.08333333333333333,0.16666666666666666,0.3333333333333333,0.4166666666666667,3.4229037749979034,2,0.8333333333333334
0.08955223880597014,0.054945054945054944,2,1ODG_A,0.16666666666666666,1.7130092375983768,0.16666666666666666,0.0,0.16666666666666666,0.4166666666666667,4.62675051832021,2,0.8333333333333334
0.11392405063291139,0.05794831636648395,2,1ODH_A,0.05555555555555555,1.6880423910515912,0.2777777777777778,0.0,0.2222222222222222,0.5,4.387219444074799,5,0.7222222222222222
0.04081632653061224,0.01444043321299639,2,1OE4_A,0.1,2.050813770413581,0.1,0.0,0.2,0.5,4.491040537973149,2,0.8
0.1261682242990654,0.0867992766726944,2,1ORN_A,0.037037037037037035,1.3679354198858615,0.25925925925925924,0.07407407407407407,0.37037037037037035,0.2222222222222222,3.584024118441857,2,0.5555555555555556
0.17421602787456447,0.12345132743362831,1,1OSB_A,0.0,2.3603901909791483,0.18,0.06,0.32,0.38,5.063218347585183,3,0.88
0.07511737089201878,0.02761795166858458,3,1OUP_A,0.3125,1.288019394626693,0.3125,0.0625,0.25,0.3125,4.529622068266757,3,0.8125
0.20833333333333334,0.13065976714100905,3,1OWF_A,0.0,2.122690494627344,0.1,0.0,0.2,0.55,6.34007722957023,4,0.4
0.26595744680851063,0.14630872483221477,3,1OWF_B,0.0,1.897597690645007,0.16,0.0,0.16,0.52,5.867942759972766,4,0.52
0.22340425531914893,0.14953271028037382,3,1OWG_B,0.0,1.9470459913354128,0.09523809523809523,0.047619047619047616,0.14285714285714285,0.5714285714285714,6.266907228986354,5,0.3333333333333333
0.06690140845070422,0.043111111111111114,2,1OWR_M,0.05263157894736842,2.0361329681315468,0.10526315789473684,0.05263157894736842,0.3157894736842105,0.47368421052631576,5.815673884764035,4,0.7894736842105263
0.3103448275862069,0.16027397260273973,2,1P47_A,0.1111111111111111,1.6768494849829474,0.14814814814814814,0.18518518518518517,0.14814814814814814,0.5185185185185185,4.7995950308958895,3,0.37037037037037035
0.08958837772397095,0.0592791182603515,3,1P4E_B,0.10810810810810811,1.7214379422254664,0.16216216216216217,0.0,0.5135135135135135,0.35135135135135137,4.62435691399643,5,0.5405405405405406
0.1261682242990654,0.07785153892576946,2,1P59_A,0.037037037037037035,1.2818039775066998,0.2962962962962963,0.07407407407407407,0.3333333333333333,0.2222222222222222,3.559481512140359,2,0.5555555555555556
0.04779411764705882,0.03054141601110597,3,1P5W_A,0.23076923076923078,2.0513203149592507,0.3076923076923077,0.07692307692307693,0.38461538461538464,0.15384615384615385,5.984413485524635,7,0.5384615384615384
0.1276595744680851,0.09544787077826726,2,1P71_A,0.0,2.9764315232242873,0.16666666666666666,0.0,0.08333333333333333,0.5833333333333334,4.183388412030919,1,1.0
0.055944055944055944,0.04717400979083222,2,1P7H_L,0.0625,1.8796010577297542,0.0625,0.0625,0.25,0.625,5.024354345065294,3,0.5
0.21951219512195122,0.12609649122807018,2,1PDN_C,0.037037037037037035,1.9774783119043537,0.18518518518518517,0.0,0.2962962962962963,0.2222222222222222,4.004302879945051,1,1.0
0.19047619047619047,0.11776859504132231,2,1PER_L,0.08333333333333333,1.6714378064536193,0.08333333333333333,0.08333333333333333,0.5,0.25,3.5698100589995834,2,0.5833333333333334
0.06521739130434782,0.012422360248447204,3,1PFI_A,0.3333333333333333,5.777382387700338,0.6666666666666666,0.0,0.3333333333333333,0.3333333333333333,5.2580041020166925,3,0.3333333333333333
0.11475409836065574,0.08935879945429741,1,1PGZ_A,0.14285714285714285,1.4010004428942868,0.3333333333333333,0.09523809523809523,0.09523809523809523,0.3333333333333333,3.3252031415973247,1,1.0
0.07236842105263158,0.06080347448425624,2,1PH1_A,0.30303030303030304,1.3494035327232135,0.45454545454545453,0.06060606060606061,0.45454545454545453,0.21212121212121213,3.750456888439581,2,0.8484848484848485
0.06521739130434782,0.052347544522396115,2,1PH3_A,0.3,1.3752906615192177,0.43333333333333335,0.06666666666666667,0.4666666666666667,0.2,3.9169937696185024,2,0.8333333333333334
0.041666666666666664,0.03923831506058857,1,1PH3_B,0.3333333333333333,1.4977551665087863,0.4444444444444444,0.1111111111111111,0.3333333333333333,0.3333333333333333,4.759148210314294,3,0.5555555555555556
0.06318082788671024,0.045762252910912536,2,1PH5_A,0.3103448275862069,1.213504276062634,0.4482758620689655,0.06896551724137931,0.4482758620689655,0.20689655172413793,3.923653239785996,2,0.8620689655172413
0.041474654377880185,0.027586206896551724,1,1PH6_B,0.3333333333333333,1.4747275468567462,0.4444444444444444,0.1111111111111111,0.3333333333333333,0.3333333333333333,4.730388513747023,3,0.5555555555555556
0.07749077490774908,0.05129390018484288,2,1PJJ_A,0.09523809523809523,1.5347958413344764,0.19047619047619047,0.047619047619047616,0.09523809523809523,0.5714285714285714,4.592238458506046,4,0.8571428571428571
0.1092896174863388,0.08049113233287858,1,1PO6_A,0.15,1.3420486308123307,0.35,0.1,0.1,0.35,3.3939719294538384,1,1.0
0.1484375,0.05717054263565891,3,1PT3_A,0.0,1.3164141899426596,0.15789473684210525,0.10526315789473684,0.10526315789473684,0.5789473684210527,4.02410608994451,2,0.9473684210526315
0.23595505617977527,0.1459170013386881,2,1PUE_F,0.14285714285714285,1.268073301713175,0.3333333333333333,0.047619047619047616,0.19047619047619047,0.5238095238095238,3.9478257396686023,1,1.0
0.2857142857142857,0.17674418604651163,2,1PUF_A,0.09090909090909091,1.4431694009791598,0.2727272727272727,0.0,0.2727272727272727,0.5,4.216671711943918,4,0.45454545454545453
0.2054794520547945,0.11241610738255034,2,1PUF_B,0.2,1.5137231188895717,0.26666666666666666,0.0,0.3333333333333333,0.4666666666666667,4.054265768030652,4,0.6
0.12111801242236025,0.06767515923566879,3,1PVP_A,0.10256410256410256,1.7814370398329098,0.3076923076923077,0.0,0.3333333333333333,0.38461538461538464,5.075919693671875,8,0.5384615384615384
0.13580246913580246,0.06290064102564102,3,1PVR_A,0.09090909090909091,1.7414163612049747,0.2727272727272727,0.0,0.4090909090909091,0.3409090909090909,4.933669142495419,7,0.36363636363636365
0.10227272727272728,0.06599713055954089,2,1PYI_A,0.0,2.0371506384081624,0.2222222222222222,0.0,0.2222222222222222,0.5555555555555556,2.942674283700733,1,1.0
0.024896265560165973,0.013006503251625813,2,1Q0T_A,0.0,3.6061307808550076,0.0,0.0,0.3333333333333333,0.6666666666666666,3.814361045593651,2,0.5
0.1355421686746988,0.08244274809160305,3,1Q3U_A,0.08888888888888889,1.6840071831074608,0.3333333333333333,0.022222222222222223,0.28888888888888886,0.37777777777777777,4.711069263782113,9,0.4666666666666667
0.043237250554323724,0.018896139206090266,2,1Q9Y_A,0.15384615384615385,1.4233697269644316,0.28205128205128205,0.02564102564102564,0.4358974358974359,0.23076923076923078,5.014375036007175,4,0.6923076923076923
0.027888446215139442,0.013944223107569721,2,1QAI_A,0.14285714285714285,1.6487088786968849,0.2857142857142857,0.14285714285714285,0.2857142857142857,0.2857142857142857,3.727005487149948,2,0.8571428571428571
0.02702702702702703,0.017399710004833254,2,1QAJ_A,0.14285714285714285,1.7995780784699005,0.42857142857142855,0.14285714285714285,0.2857142857142857,0.14285714285714285,3.2240971094193362,1,1.0
0.11842105263157894,0.11587301587301588,2,1QP9_A,0.0,3.03385492166212,0.1111111111111111,0.0,0.1111111111111111,0.7777777777777778,5.266988131022963,2,0.5555555555555556
0.05641025641025641,0.08774193548387096,4,1QPI_A,0.18181818181818182,1.0616970992742696,0.18181818181818182,0.09090909090909091,0.5454545454545454,0.18181818181818182,2.954765879105252,1,1.0
0.09961685823754789,0.05509507557289127,4,1QPS_A,0.0,2.5343323569559573,0.2692307692307692,0.038461538461538464,0.23076923076923078,0.3076923076923077,4.781836776705308,1,1.0
0.05309734513274336,0.0323673315769665,2,1QPZ_A,0.05555555555555555,1.7708490683816829,0.3888888888888889,0.0,0.5,0.16666666666666666,3.913272812634164,2,0.7222222222222222
0.09961685823754789,0.04050756466569058,2,1QRH_A,0.0,2.787172070576887,0.2692307692307692,0.038461538461538464,0.19230769230769232,0.34615384615384615,4.793098587114073,2,0.7307692307692307
0.09578544061302682,0.04682926829268293,2,1QRI_A,0.0,2.747735862613047,0.28,0.04,0.24,0.28,4.894727180973732,1,1.0
0.2328767123287671,0.16123499142367068,2,1QRV_A,0.17647058823529413,2.3430233454663525,0.4117647058823529,0.058823529411764705,0.23529411764705882,0.35294117647058826,5.065883847788257,3,0.8823529411764706
0.08534322820037106,0.04645593869731801,2,1QSS_A,0.06521739130434782,1.2079471022807198,0.21739130434782608,0.043478260869565216,0.5217391304347826,0.21739130434782608,4.440084597792258,2,0.7391304347826086
0.08719851576994433,0.04897276636407071,2,1QTM_A,0.06382978723404255,1.2288552513402733,0.2127659574468085,0.02127659574468085,0.5106382978723404,0.23404255319148937,4.351334197600543,3,0.723404255319149
0.1039426523297491,0.07455131155085136,3,1QUM_A,0.10344827586206896,1.3038016529158387,0.2413793103448276,0.13793103448275862,0.27586206896551724,0.3103448275862069,3.932614775035704,1,1.0
0.09411764705882353,0.06632277081798084,1,1QZG_A,0.0625,1.9205248804600523,0.1875,0.125,0.25,0.375,3.52627868951031,1,1.0
0.08633093525179857,0.037161405865233935,2,1R0A_A,0.10416666666666667,2.1803234695169698,0.2708333333333333,0.08333333333333333,0.25,0.2916666666666667,6.9153784008697015,10,0.2708333333333333
0.004662004662004662,0.0005665722379603399,2,1R0A_B,0.0,,0.0,0.0,0.0,1.0,6.521943847179434,2,0.5
0.23076923076923078,0.1288244766505636,2,1R0N_A,0.1111111111111111,1.685138832748095,0.2777777777777778,0.05555555555555555,0.2222222222222222,0.4444444444444444,3.8046413700418915,2,0.7777777777777778
0.09157509157509157,0.06172839506172839,2,1R2Z_A,0.12,1.3287772255814723,0.28,0.04,0.28,0.4,3.8444023774164173,4,0.88
0.06386861313868614,0.04011589034989971,2,1R49_A,0.11428571428571428,1.147544072920852,0.22857142857142856,0.05714285714285714,0.2857142857142857,0.4,5.4139208459862,11,0.2571428571428571
0.14678899082568808,0.09943502824858758,2,1R8D_A,0.125,2.2383861710241058,0.3125,0.0625,0.3125,0.4375,4.172128769605349,3,0.375
0.05818181818181818,0.032830523513753325,2,1R8E_A,0.1875,2.2503904084090114,0.375,0.0,0.4375,0.25,4.042588517858586,3,0.4375
0.10576923076923077,0.06220095693779904,2,1RCS_A,0.0,1.7258955089976682,0.18181818181818182,0.09090909090909091,0.2727272727272727,0.36363636363636365,3.5828616837167897,3,0.8181818181818182
0.07339449541284404,0.05408515535097814,1,1RNB_A,0.25,2.3981610757751137,0.25,0.0,0.375,0.375,3.9887164440573804,3,0.75
0.0776173285198556,0.043237250554323724,2,1RTD_A,0.11627906976744186,1.9232725183437605,0.3023255813953488,0.06976744186046512,0.2558139534883721,0.2558139534883721,6.509624657135425,9,0.37209302325581395
0.0024154589371980675,0.001171303074670571,1,1RTD_B,0.0,,0.0,0.0,0.0,1.0,0.0,1,1.0
0.06965174129353234,0.04788909892879647,2,1RUO_B,0.07142857142857142,1.997404048019769,0.14285714285714285,0.07142857142857142,0.35714285714285715,0.2857142857142857,3.3160895663267986,1,1.0
0.05901639344262295,0.03286770747740345,2,1RXW_A,0.1111111111111111,1.2326687594410926,0.3888888888888889,0.05555555555555555,0.2222222222222222,0.3333333333333333,4.014977449437392,1,1.0
0.0764525993883792,0.048494329292139225,3,1RZT_A,0.2,1.526050422368045,0.28,0.08,0.28,0.28,5.616834479502416,6,0.4
0.1657754010695187,0.1725465041693393,1,1S40_A,0.25806451612903225,1.572535933848652,0.4838709677419355,0.0967741935483871,0.41935483870967744,0.22580645161290322,3.9216871851052426,1,1.0
0.05357142857142857,0.0426497277676951,2,1S9K_C,0.06666666666666667,1.6097851352348826,0.06666666666666667,0.06666666666666667,0.3333333333333333,0.5333333333333333,4.258794283299942,3,0.7333333333333333
0.1320754716981132,0.06997742663656885,2,1S9K_D,0.0,4.610279019366351,0.0,0.0,0.2857142857142857,0.7142857142857143,3.6304970731045594,2,0.5714285714285714
0.17307692307692307,0.107981220657277,2,1S9K_E,0.0,5.40156013987066,0.0,0.0,0.2222222222222222,0.7777777777777778,4.366287531510841,2,0.5555555555555556
0.0916030534351145,0.044433827042522696,2,1SA3_A,0.041666666666666664,1.5531145443114232,0.16666666666666666,0.08333333333333333,0.4166666666666667,0.2916666666666667,4.100072011259409,2,0.8333333333333334
0.13333333333333333,0.06200787401574803,2,1SAX_A,0.0625,1.3014268309557517,0.1875,0.0625,0.375,0.375,4.43326907361582,4,0.6875
0.07142857142857142,0.049557522123893805,1,1SFU_A,0.2,1.4520197506260308,0.2,0.0,0.6,0.2,3.416233473208442,2,0.8
0.102880658436214,0.0690010298661174,2,1SUZ_A,0.04,1.1833856173493833,0.12,0.04,0.68,0.08,3.9618219546889843,1,1.0
0.11065573770491803,0.05909558067831449,4,1SX5_A,0.07407407407407407,1.0762662061100718,0.1111111111111111,0.07407407407407407,0.6296296296296297,0.1111111111111111,3.9292218772016994,2,0.9629629629629629
0.004662004662004662,0.0011331444759206798,2,1T03_B,0.0,,0.0,0.5,0.0,0.5,6.236797575442785,2,0.5
0.004830917874396135,0.0014641288433382138,2,1T05_B,0.0,,0.0,0.0,0.0,1.0,4.440634588228426,2,0.5
0.19090909090909092,0.09978070175438597,2,1T2K_A,0.09523809523809523,2.1434740562946915,0.23809523809523808,0.0,0.14285714285714285,0.5238095238095238,4.231641831716784,1,1.0
0.016129032258064516,0.010330578512396695,1,1T2K_C,0.0,,0.0,0.0,0.0,1.0,0.0,1,1.0
0.14754098360655737,0.07756813417190776,2,1T2K_D,0.0,4.305854404796323,0.1111111111111111,0.0,0.2222222222222222,0.6666666666666666,3.774901216792839,2,0.8888888888888888
0.06504065040650407,0.0336734693877551,1,1T2S_A,0.375,1.618863060613477,0.875,0.0,0.25,0.125,3.8282510963926137,2,0.625
0.061855670103092786,0.03765690376569038,2,1T3N_A,0.041666666666666664,1.6213518708194297,0.16666666666666666,0.08333333333333333,0.3333333333333333,0.2916666666666667,5.083483943763949,6,0.375
0.009433962264150943,0.007518796992481203,1,1T8E_B,0.0,,0.0,0.0,0.0,1.0,0.0,1,1.0
0.2129032258064516,0.1079136690647482,2,1T9I_B,0.06060606060606061,1.5952018625608095,0.18181818181818182,0.06060606060606061,0.45454545454545453,0.30303030303030304,4.351144795893043,3,0.9090909090909091
0.2251655629139073,0.1278501628664495,2,1T9J_A,0.058823529411764705,1.5369099053962163,0.14705882352941177,0.11764705882352941,0.4117647058823529,0.3235294117647059,4.238773439518478,4,0.7941176470588235
0.03278688524590164,0.021481598483651873,2,1TAU_A,0.07692307692307693,1.1017963046207084,0.2692307692307692,0.15384615384615385,0.38461538461538464,0.19230769230769232,4.569652645672507,6,0.34615384615384615
0.3333333333333333,0.30445544554455445,2,1TC3_C,0.058823529411764705,1.6748355632977119,0.17647058823529413,0.0,0.35294117647058826,0.4117647058823529,3.6528367986127868,4,0.5882352941176471
0.09056603773584905,0.061611374407582936,2,1TDZ_A,0.08333333333333333,1.4786735707694854,0.25,0.08333333333333333,0.125,0.5,4.387418119667096,3,0.9166666666666666
0.056962025316455694,0.03260869565217391,2,1TEZ_A,0.2222222222222222,1.2716181258813601,0.37037037037037035,0.07407407407407407,0.3333333333333333,0.14814814814814814,4.53894355434657,6,0.37037037037037035
0.3695652173913043,0.2587131367292225,2,1TF3_A,0.14705882352941177,1.9774377742402847,0.2647058823529412,0.0,0.23529411764705882,0.5,4.48464694674779,1,1.0
0.1813186813186813,0.08876933422999328,2,1TF6_D,0.18181818181818182,3.530537586207239,0.2727272727272727,0.0,0.24242424242424243,0.5757575757575758,7.828820853098551,7,0.2727272727272727
0.18333333333333332,0.13925822253324002,2,1TGH_A,0.12121212121212122,1.9921105991227277,0.42424242424242425,0.0,0.30303030303030304,0.21212121212121213,4.499476276045092,2,0.9393939393939394
0.06303724928366762,0.03650162631008312,2,1TKD_A,0.045454545454545456,1.1638542831108545,0.2727272727272727,0.06818181818181818,0.25,0.29545454545454547,4.650824723116874,4,0.6590909090909091
0.12222222222222222,0.07723035952063914,2,1TQE_P,0.0,1.4504263849756183,0.09090909090909091,0.0,0.09090909090909091,0.7272727272727273,4.457832252813794,4,0.45454545454545453
0.16346153846153846,0.056490384615384616,2,1TRO_A,0.0,1.5029199182434199,0.11764705882352941,0.11764705882352941,0.4117647058823529,0.23529411764705882,4.08986528054452,3,0.7647058823529411
0.17142857142857143,0.07535885167464115,2,1TRR_A,0.0,1.961466283952055,0.2222222222222222,0.0,0.4444444444444444,0.2777777777777778,4.8546938475338175,5,0.6666666666666666
0.09365558912386707,0.05624764061910155,3,1TV9_A,0.12903225806451613,1.5394986414295726,0.25806451612903225,0.06451612903225806,0.2903225806451613,0.25806451612903225,5.4649256111615525,7,0.3225806451612903
0.20394736842105263,0.12276422764227642,2,1U0C_A,0.03225806451612903,1.5097082178265384,0.0967741935483871,0.12903225806451613,0.45161290322580644,0.2903225806451613,4.355740719417843,5,0.6129032258064516
0.2236842105263158,0.12236628849270664,2,1U0D_A,0.029411764705882353,1.6512326186360036,0.14705882352941177,0.11764705882352941,0.35294117647058826,0.3235294117647059,4.334520981040018,2,0.9411764705882353
0.1092896174863388,0.09686221009549795,1,1U1Q_A,0.15,1.2680133895209174,0.35,0.1,0.1,0.3,3.2171644464833355,1,1.0
0.3160919540229885,0.16295764536970567,3,1U3E_M,0.07272727272727272,2.890152284206103,0.2545454545454545,0.05454545454545454,0.36363636363636365,0.34545454545454546,6.450654770363869,1,1.0
0.08620689655172414,0.03849462365591398,2,1U4B_A,0.06,1.2305066339646586,0.24,0.04,0.52,0.18,4.374023672136449,3,0.76
0.06756756756756757,0.03432228039557882,2,1U8R_H,0.0,1.1827661632514996,0.13333333333333333,0.0,0.4666666666666667,0.3333333333333333,3.7344457308619434,3,0.8666666666666667
0.029874213836477988,0.026430842607313196,1,1UAA_A,0.21052631578947367,1.83301535686156,0.21052631578947367,0.05263157894736842,0.3684210526315789,0.3684210526315789,4.766443864035154,5,0.3684210526315789
0.16666666666666666,0.09623893805309734,2,1UBD_C,0.05263157894736842,1.5058324314424454,0.21052631578947367,0.05263157894736842,0.3684210526315789,0.3684210526315789,5.434176847843223,6,0.3684210526315789
0.05128205128205128,0.03636363636363636,1,1UUT_A,0.3,2.086040231479721,0.6,0.0,0.3,0.2,3.8910588137447832,2,0.7
0.11940298507462686,0.04725897920604915,2,1V15_B,0.125,1.2723371500691942,0.375,0.0625,0.125,0.375,3.993744357937612,2,0.75
0.24087591240875914,0.15677590788308238,2,1VAS_A,0.12121212121212122,1.1790661928975241,0.2727272727272727,0.030303030303030304,0.30303030303030304,0.36363636363636365,4.278283714764731,3,0.7575757575757576
0.25396825396825395,0.12284069097888675,2,1VFC_A,0.125,1.6767861850941763,0.4375,0.0625,0.0625,0.375,4.009811029060441,3,0.625
0.047619047619047616,0.03676470588235294,2,1VKX_A,0.07692307692307693,2.4859200082963686,0.07692307692307693,0.07692307692307693,0.3076923076923077,0.5384615384615384,4.935107891527962,1,1.0
0.06372549019607843,0.023270440251572325,2,1VOL_A,0.0,2.4771663085904656,0.15384615384615385,0.0,0.23076923076923078,0.46153846153846156,5.780758885942205,4,0.5384615384615384
0.1711229946524064,0.11457627118644068,2,1VOL_B,0.125,2.1117946460549804,0.4375,0.0,0.34375,0.1875,4.600823420506069,2,0.9375
0.05325443786982249,0.03129713423831071,2,1VPW_A,0.05555555555555555,1.7475740161355078,0.3888888888888889,0.0,0.5,0.16666666666666666,3.907931937844947,2,0.7222222222222222
0.08092485549132948,0.0695517774343122,2,1VRL_A,0.14285714285714285,1.7284875702700662,0.35714285714285715,0.0,0.32142857142857145,0.14285714285714285,4.1619434444768695,4,0.42857142857142855
0.17204301075268819,0.10027472527472528,2,1VTL_E,0.125,2.235222129977443,0.4375,0.0,0.3125,0.1875,4.549055007834417,1,1.0
0.1568627450980392,0.10377358490566038,2,1VTN_C,0.125,1.4859861405405026,0.25,0.0,0.375,0.4375,4.10656666773482,1,1.0
0.1595744680851064,0.09372892784895483,2,1VTO_B,0.13333333333333333,2.1455705646165737,0.5,0.0,0.3,0.13333333333333333,4.7400869707797,1,1.0
0.2692307692307692,0.1523809523809524,2,1W0T_A,0.14285714285714285,1.975320928002222,0.14285714285714285,0.07142857142857142,0.2857142857142857,0.42857142857142855,3.843350026384982,2,0.7142857142857143
0.32727272727272727,0.15812917594654788,2,1W0U_A,0.1111111111111111,1.3331777714151614,0.3888888888888889,0.05555555555555555,0.1111111111111111,0.3888888888888889,3.455004863191972,1,1.0
0.019861830742659757,0.013285806869734284,1,1W36_B,0.043478260869565216,3.391737593921315,0.13043478260869565,0.08695652173913043,0.2608695652173913,0.43478260869565216,8.05915058805485,5,0.30434782608695654
0.012477718360071301,0.008701398832470536,1,1W36_C,0.07142857142857142,1.2254205962920262,0.42857142857142855,0.0,0.2857142857142857,0.2857142857142857,4.769827113306982,4,0.5714285714285714
0.035398230088495575,0.02184738955823293,2,1W7A_A,0.07142857142857142,1.6500895588159583,0.32142857142857145,0.07142857142857142,0.2857142857142857,0.14285714285714285,5.3195696183275105,4,0.7857142857142857
0.03680203045685279,0.01950354609929078,2,1WB9_A,0.06896551724137931,1.627447075545692,0.3448275862068966,0.034482758620689655,0.27586206896551724,0.1724137931034483,5.249021944389495,4,0.7586206896551724
0.03553299492385787,0.01999032726100274,2,1WBB_A,0.07142857142857142,1.5912854794260356,0.35714285714285715,0.03571428571428571,0.25,0.17857142857142858,5.263970322682199,4,0.7857142857142857
0.03807106598984772,0.02062187852424682,2,1WBD_A,0.06666666666666667,1.6597701964004172,0.3,0.03333333333333333,0.3,0.16666666666666666,5.143556054108225,3,0.8
0.21518987341772153,0.24528301886792453,1,1WTB_A,0.17647058823529413,1.5430731577150196,0.35294117647058826,0.058823529411764705,0.058823529411764705,0.35294117647058826,3.2938998762778007,1,1.0
0.1213235294117647,0.05768364127985579,2,1WTE_A,0.12121212121212122,1.9758163925729366,0.24242424242424243,0.15151515151515152,0.24242424242424243,0.30303030303030304,4.834635589478684,6,0.3939393939393939
0.2,0.16917293233082706,2,1WTO_A,0.3076923076923077,1.5184065567399088,0.3076923076923077,0.0,0.3076923076923077,0.46153846153846156,3.965158666058722,3,0.6923076923076923
0.203125,0.14864864864864866,2,1WTQ_A,0.23076923076923078,1.3072410309009634,0.38461538461538464,0.0,0.3076923076923077,0.38461538461538464,3.7030613592230366,1,1.0
0.22727272727272727,0.1641509433962264,2,1WTR_A,0.13333333333333333,1.2456395227469033,0.3333333333333333,0.0,0.3333333333333333,0.3333333333333333,3.4312923222356133,1,1.0
0.22727272727272727,0.14500941619585686,2,1WTW_A,0.13333333333333333,1.212503960064884,0.3333333333333333,0.0,0.3333333333333333,0.4,3.4586791271279655,1,1.0
0.1875,0.13798449612403102,2,1WVL_A,0.13333333333333333,1.3768722450027173,0.3333333333333333,0.0,0.26666666666666666,0.4666666666666667,3.8735460401210777,2,0.9333333333333333
0.11413043478260869,0.05199189736664416,2,1XBR_A,0.14285714285714285,1.7888783832022426,0.3333333333333333,0.0,0.23809523809523808,0.42857142857142855,4.370407155797841,3,0.47619047619047616
0.08934707903780069,0.10769896193771626,1,1XJV_A,0.2692307692307692,1.3753911335962072,0.34615384615384615,0.07692307692307693,0.5,0.19230769230769232,4.039119784780127,1,1.0
0.13043478260869565,0.07215686274509804,3,1XNS_A,0.09523809523809523,1.5942079330351244,0.2857142857142857,0.023809523809523808,0.2857142857142857,0.42857142857142855,4.7034950037140755,11,0.5
0.13043478260869565,0.06711145996860282,3,1XO0_A,0.09523809523809523,1.6956083376479236,0.3333333333333333,0.023809523809523808,0.2619047619047619,0.40476190476190477,4.873326168211924,10,0.5
0.17829457364341086,0.12811059907834102,2,1XS9_A,0.08695652173913043,2.9974139416960632,0.08695652173913043,0.08695652173913043,0.391304347826087,0.34782608695652173,5.016769905944879,2,0.5217391304347826
0.088,0.03838771593090211,2,1XSD_A,0.09090909090909091,1.3043756008933396,0.2727272727272727,0.0,0.45454545454545453,0.36363636363636365,4.182741710456442,3,0.5454545454545454
0.09480122324159021,0.05531749123490456,3,1XSL_A,0.1935483870967742,1.5614207867862773,0.2903225806451613,0.06451612903225806,0.2903225806451613,0.2903225806451613,5.355560958805644,5,0.3225806451612903
0.18181818181818182,0.10961538461538461,2,1XYI_A,0.08333333333333333,1.6074312156586794,0.3333333333333333,0.0,0.08333333333333333,0.5833333333333334,4.0131821150006814,2,0.9166666666666666
0.025380710659898477,0.012360939431396786,1,1Y6F_A,0.1,1.4986202771430752,0.3,0.0,0.5,0.2,3.985121326744025,2,0.6
0.03861003861003861,0.011753183153770812,2,1YF3_A,0.0,4.870110768965168,0.2,0.1,0.4,0.2,6.0309757361612775,2,0.6
0.12727272727272726,0.11182108626198083,2,1YFH_A,0.14285714285714285,1.3703556875739327,0.2857142857142857,0.0,0.5238095238095238,0.14285714285714285,3.4639333634592724,2,0.8571428571428571
0.023166023166023165,0.015180265654648957,2,1YFJ_A,0.16666666666666666,1.6738521271197813,0.3333333333333333,0.0,0.3333333333333333,0.16666666666666666,3.2681773719224703,1,1.0
0.19318181818181818,0.1251646903820817,2,1YO5_C,0.29411764705882354,1.3129644847397206,0.47058823529411764,0.0,0.35294117647058826,0.4117647058823529,3.6533621241143526,1,1.0
0.0641025641025641,0.03189726594863297,2,1YQK_A,0.05,1.4072990139987067,0.3,0.05,0.3,0.2,4.066486651711223,2,0.9
0.09554140127388536,0.06216984965461195,2,1YQR_A,0.13333333333333333,1.3990876251329907,0.3333333333333333,0.03333333333333333,0.36666666666666664,0.13333333333333333,3.8336091952611766,3,0.9
0.15789473684210525,0.0826271186440678,2,1YSA_C,0.0,3.1597628580066477,0.2222222222222222,0.0,0.2222222222222222,0.5555555555555556,3.15929975911078,1,1.0
0.17777777777777778,0.07980225988700565,1,1YTB_A,0.125,2.152763814164694,0.46875,0.0,0.3125,0.15625,4.70424661275052,1,1.0
0.3148148148148148,0.167816091954023,2,1YUI_A,0.0,1.494418371796384,0.11764705882352941,0.11764705882352941,0.23529411764705882,0.5294117647058824,4.506557685950563,1,1.0
0.14492753623188406,0.07852412488174078,2,1Z9C_C,0.05,2.2736670316628684,0.2,0.1,0.35,0.3,4.617615128422942,3,0.7
0.2823529411764706,0.14866760168302945,2,1ZAA_C,0.08333333333333333,1.7042863008308453,0.125,0.16666666666666666,0.16666666666666666,0.5416666666666666,4.808335247497638,4,0.4166666666666667
0.08088235294117647,0.04018264840182648,1,1ZBI_B,0.09090909090909091,1.7508954621105008,0.09090909090909091,0.0,0.6363636363636364,0.18181818181818182,3.384690148386755,1,1.0
0.07518796992481203,0.04419889502762431,1,1ZBL_A,0.1,1.919891655709472,0.1,0.0,0.7,0.1,3.5121635997217937,1,1.0
0.18571428571428572,0.11231884057971014,2,1ZME_C,0.0,2.5067874750637613,0.23076923076923078,0.0,0.38461538461538464,0.38461538461538464,6.115473636249244,3,0.5384615384615384
0.25,0.18149466192170818,2,1ZQ3_P,0.058823529411764705,2.0861642817954147,0.17647058823529413,0.0,0.23529411764705882,0.5294117647058824,3.9725194100404844,1,1.0
0.14207650273224043,0.07946554149085795,3,1ZR4_A,0.07692307692307693,1.880830128160632,0.2692307692307692,0.0,0.2692307692307692,0.4230769230769231,5.7857099328811445,4,0.5384615384615384
0.06403940886699508,0.0448318804483188,2,1ZRF_A,0.0,1.5872977748421788,0.07692307692307693,0.15384615384615385,0.38461538461538464,0.3076923076923077,3.671679844733461,2,0.9230769230769231
0.13414634146341464,0.09657320872274143,2,1ZS4_A,0.09090909090909091,1.3266254940822348,0.09090909090909091,0.18181818181818182,0.36363636363636365,0.2727272727272727,2.6508161199182587,1,1.0
0.17567567567567569,0.0831858407079646,1,1ZTG_B,0.0,1.1685238585694824,0.15384615384615385,0.15384615384615385,0.07692307692307693,0.38461538461538464,3.590964821936192,3,0.6923076923076923
0.027450980392156862,0.019598236158745713,2,1ZTW_A,0.14285714285714285,1.8547762434270334,0.42857142857142855,0.14285714285714285,0.2857142857142857,0.14285714285714285,3.298349217158993,2,0.8571428571428571
0.060240963855421686,0.037890625,2,1ZVV_A,0.05,1.5852391629248168,0.4,0.0,0.4,0.2,3.9051720131375554,1,1.0
0.06470588235294118,0.027521241226449944,2,1ZYQ_A,0.06818181818181818,1.170016673685999,0.29545454545454547,0.09090909090909091,0.25,0.2727272727272727,4.655426670384008,7,0.4090909090909091
0.18292682926829268,0.12140575079872204,1,1ZZI_A,0.06666666666666667,1.0527263944527674,0.26666666666666666,0.06666666666666667,0.2,0.26666666666666666,3.2976712479855315,2,0.8
0.0024752475247524753,0.0006345177664974619,1,21VV_K,0.0,,0.0,0.0,0.0,1.0,0.0,1,1.0
0.06451612903225806,0.025490196078431372,1,22EU_A,0.3,1.9628774537473044,0.4,0.05,0.35,0.45,6.158097119369481,9,0.4
0.016333938294010888,0.004730795224149583,1,22EU_B,0.1111111111111111,1.7294529235685174,0.1111111111111111,0.0,0.3333333333333333,0.6666666666666666,5.026310482322565,4,0.6666666666666666
0.021671826625386997,0.0220125786163522,1,24BP_A,0.0,1.8915740943048793,0.0,0.2857142857142857,0.0,0.5714285714285714,4.3131110290201695,2,0.5714285714285714
0.021739130434782608,0.0150138285262742,1,24BQ_A,0.0,1.4151966789270196,0.0,0.2857142857142857,0.14285714285714285,0.42857142857142855,4.4361180752593095,3,0.5714285714285714
0.046875,0.007920792079207921,1,24QP_Q,0.0,5.567400456240337,0.6666666666666666,0.0,0.0,0.3333333333333333,2.8889357694439615,1,1.0
0.06149341142020498,0.03372093023255814,2,25EC_B,0.09523809523809523,1.4156701210190872,0.23809523809523808,0.11904761904761904,0.30952380952380953,0.2619047619047619,4.408342228872015,6,0.35714285714285715
0.06228373702422145,0.04138225255972696,2,25QC_A,0.1111111111111111,1.2417692112905714,0.2222222222222222,0.16666666666666666,0.05555555555555555,0.3888888888888889,4.1078707167189075,3,0.7777777777777778
0.01729106628242075,0.010892857142857143,2,28KE_B,0.25,1.2460639427122575,0.3333333333333333,0.0,0.5,0.25,4.174713155837948,4,0.5833333333333334
0.025078369905956112,0.0098896918980601,2,28OP_N,0.0,4.862219803804971,0.25,0.0,0.125,0.5,8.512482787014534,2,0.5
0.1375,0.06923950056753689,2,2A3V_B,0.11363636363636363,1.268941319910108,0.2727272727272727,0.022727272727272728,0.29545454545454547,0.4090909090909091,4.384978016570927,5,0.4772727272727273
0.1513157894736842,0.09687750200160128,2,2A6O_A,0.08695652173913043,3.599408701677234,0.2608695652173913,0.043478260869565216,0.30434782608695654,0.34782608695652173,5.155573211858899,3,0.5652173913043478
0.16666666666666666,0.0933852140077821,2,2ACJ_C,0.09090909090909091,1.1369106287460549,0.09090909090909091,0.0,0.2727272727272727,0.45454545454545453,3.839451814904743,2,0.7272727272727273
0.07386363636363637,0.032846056668471395,2,2AJQ_A,0.07692307692307693,1.4857071459845697,0.25,0.09615384615384616,0.28846153846153844,0.28846153846153844,5.626576329268828,4,0.8653846153846154
0.12669683257918551,0.0748847926267281,2,2AOR_B,0.07142857142857142,1.5133756298253735,0.17857142857142858,0.14285714285714285,0.25,0.25,4.045379255407234,3,0.4642857142857143
0.05574912891986063,0.03668122270742358,2,2AS5_M,0.0625,1.6444253166578984,0.0625,0.0625,0.375,0.5,4.30198179041127,3,0.875
0.11730205278592376,0.05732018985031033,2,2ASD_A,0.0,1.0505263146833765,0.2,0.1,0.225,0.3,4.817035107286936,6,0.525
0.12643678160919541,0.07242339832869081,2,2AYG_A,0.09090909090909091,1.1842908619233383,0.09090909090909091,0.0,0.6363636363636364,0.2727272727272727,3.2260487235532302,1,1.0
0.09154929577464789,0.043465227817745804,3,2B9S_A,0.07692307692307693,1.1460287257946746,0.23076923076923078,0.05128205128205128,0.23076923076923078,0.4358974358974359,4.579352294085989,5,0.6153846153846154
0.09523809523809523,0.05346650998824912,2,2BAM_B,0.0,1.4769376126142328,0.15,0.15,0.25,0.3,4.282569031331553,3,0.75
0.08103448275862069,0.04381443298969072,2,2BDP_A,0.06382978723404255,1.1542060009820772,0.23404255319148937,0.0425531914893617,0.48936170212765956,0.19148936170212766,4.387512852596041,4,0.8085106382978723
0.0958904109589041,0.04889683959451401,2,2BGW_A,0.09523809523809523,2.281303957532428,0.23809523809523808,0.14285714285714285,0.14285714285714285,0.23809523809523808,4.068967846164745,1,1.0
0.45161290322580644,0.3162393162393162,2,2BJC_A,0.07142857142857142,1.2543563819673829,0.42857142857142855,0.0,0.42857142857142855,0.14285714285714285,3.4663174646494923,1,1.0
0.1320754716981132,0.056074766355140186,2,2BNW_B,0.0,1.4060710546047965,0.14285714285714285,0.0,0.2857142857142857,0.5714285714285714,3.6319051648378213,2,0.7142857142857143
0.16470588235294117,0.103397341211226,2,2BOP_A,0.14285714285714285,2.569751571738485,0.21428571428571427,0.0,0.35714285714285715,0.2857142857142857,4.431573494037601,2,0.9285714285714286
0.025821596244131457,0.02020497803806735,3,2BPA_1,0.09090909090909091,5.4527565009380305,0.2727272727272727,0.2727272727272727,0.2727272727272727,0.09090909090909091,10.794078743021243,2,0.6363636363636364
0.1111111111111111,0.14487632508833923,1,2BPA_3,0.25,7.547340139310969,0.5,0.0,0.25,0.25,3.5210049515257955,2,0.75
0.020833333333333332,0.0071301247771836,1,2BSQ_A,0.0,4.422828792814946,0.0,0.0,0.0,1.0,1.6921256784295235,1,1.0
0.13636363636363635,0.09469153515064563,2,2BZF_A,0.0,1.091414800163681,0.25,0.08333333333333333,0.25,0.25,3.7110536463064014,2,0.75
0.015625,0.0038022813688212928,1,2C5R_B,0.0,,0.0,0.0,1.0,0.0,0.0,1,1.0
0.24242424242424243,0.1779816513761468,1,2C62_A,0.125,1.8661717665608115,0.1875,0.0625,0.1875,0.4375,3.741874235006606,1,1.0
0.21794871794871795,0.11486486486486487,2,2C7A_A,0.058823529411764705,1.8421681542396398,0.11764705882352941,0.0,0.17647058823529413,0.5294117647058824,3.752543591986575,2,0.8235294117647058
0.12538226299694188,0.07521105141980046,2,2C7P_A,0.0975609756097561,1.2899111387152857,0.24390243902439024,0.04878048780487805,0.4146341463414634,0.24390243902439024,3.63927718239172,3,0.8780487804878049
0.10703363914373089,0.06377257011140991,2,2C7R_A,0.08571428571428572,1.1716250149868666,0.2571428571428571,0.05714285714285714,0.34285714285714286,0.2857142857142857,3.694635493255757,3,0.8571428571428571
0.19047619047619047,0.08687258687258688,2,2C9L_Y,0.0,3.5443368355767446,0.16666666666666666,0.0,0.16666666666666666,0.6666666666666666,3.0172524496626405,1,1.0
0.2033898305084746,0.12551440329218108,2,2C9N_Y,0.08333333333333333,3.7690144058938717,0.16666666666666666,0.0,0.25,0.5833333333333334,2.9511418854032865,1,1.0
0.07377049180327869,0.04421768707482993,1,2CCZ_A,0.1111111111111111,1.5260073881018565,0.1111111111111111,0.1111111111111111,0.2222222222222222,0.4444444444444444,6.178962111861403,5,0.4444444444444444
0.01932367149758454,0.009595753368721927,1,2D7D_A,0.16666666666666666,1.3110874581439638,0.3333333333333333,0.0,0.6666666666666666,0.16666666666666666,3.5790677375981494,3,0.8333333333333334
0.07114624505928854,0.03938185443668993,3,2DNJ_A,0.16666666666666666,1.400219787650654,0.16666666666666666,0.16666666666666666,0.5555555555555556,0.16666666666666666,4.545709395325575,4,0.7222222222222222
0.091324200913242,0.07696793002915452,2,2DP6_A,0.1,1.8140697057479553,0.25,0.0,0.4,0.35,4.344615945453747,4,0.7
0.17094017094017094,0.10020449897750511,2,2DPD_B,0.1,3.4775920433058447,0.3,0.1,0.35,0.3,4.9984032588681,2,0.9
0.24615384615384617,0.13284132841328414,2,2DRP_D,0.0625,2.79697129375387,0.125,0.0625,0.375,0.5,4.1617115474595,3,0.625
0.025669642857142856,0.011536876802637,2,2DTU_A,0.21739130434782608,1.6456761905051986,0.30434782608695654,0.043478260869565216,0.34782608695652173,0.30434782608695654,6.50947674079827,13,0.2608695652173913
0.05714285714285714,0.03125,1,2DWM_A,0.5,1.0696967241683797,0.6666666666666666,0.16666666666666666,0.16666666666666666,0.16666666666666666,2.860355016694286,2,0.8333333333333334
0.11371237458193979,0.0707029662738724,2,2E52_A,0.08823529411764706,1.4909256331830714,0.14705882352941177,0.11764705882352941,0.4117647058823529,0.2647058823529412,4.250328509351334,4,0.7352941176470589
0.07874015748031496,0.06840551181102363,2,2EA0_A,0.1,1.7876486010656836,0.2,0.05,0.35,0.3,4.386343787129424,4,0.85
0.20588235294117646,0.1488095238095238,2,2ER8_A,0.14285714285714285,2.469425742904371,0.21428571428571427,0.0,0.2857142857142857,0.5714285714285714,4.292964600730993,1,1.0
0.16923076923076924,0.12418300653594772,2,2ERG_A,0.18181818181818182,2.6219840033590596,0.2727272727272727,0.0,0.2727272727272727,0.5454545454545454,3.8588283449974052,1,1.0
0.13432835820895522,0.136986301369863,1,2ES2_A,0.4444444444444444,1.567949867168734,0.4444444444444444,0.1111111111111111,0.1111111111111111,0.3333333333333333,3.407566443985123,2,0.8888888888888888
0.16908212560386474,0.08028759736369083,2,2EX5_A,0.0,1.3099619563323315,0.08571428571428572,0.11428571428571428,0.37142857142857144,0.37142857142857144,4.104022810512356,4,0.9142857142857143
0.4318181818181818,0.45217391304347826,1,2EXF_A,0.10526315789473684,1.9064690156120427,0.2631578947368421,0.0,0.3157894736842105,0.3157894736842105,3.372442612960879,1,1.0
0.08178438661710037,0.041193181818181816,2,2EZV_B,0.09090909090909091,1.3069438254169636,0.22727272727272727,0.09090909090909091,0.36363636363636365,0.3181818181818182,4.245647162699645,3,0.7272727272727273
0.05092592592592592,0.03014457090126115,1,2F55_A,0.18181818181818182,2.416020667182111,0.22727272727272727,0.045454545454545456,0.5,0.22727272727272727,5.251595327744902,6,0.45454545454545453
0.07480314960629922,0.04804804804804805,2,2F5P_A,0.21052631578947367,1.6816349665251,0.3157894736842105,0.0,0.21052631578947367,0.3684210526315789,5.275497939336206,6,0.42105263157894735
0.0989010989010989,0.07659574468085106,2,2F5Q_A,0.1111111111111111,1.637107605732845,0.25925925925925924,0.07407407407407407,0.2962962962962963,0.3333333333333333,3.5284287549039686,2,0.9629629629629629
0.12962962962962962,0.10692588092345079,2,2F8N_G,0.0,1.6095763422400673,0.14285714285714285,0.0,0.21428571428571427,0.5714285714285714,6.589608852858907,3,0.5
0.0330188679245283,0.021964974769961412,2,2F8X_C,0.14285714285714285,1.1543369247096158,0.14285714285714285,0.0,0.35714285714285715,0.5714285714285714,4.435863998318731,4,0.5
0.19708029197080293,0.11780336581045173,2,2FCC_A,0.14814814814814814,1.1842470500045714,0.25925925925925924,0.07407407407407407,0.25925925925925924,0.4074074074074074,4.631471854375812,4,0.4444444444444444
0.2549019607843137,0.27548543689320387,2,2FF0_A,0.15384615384615385,1.2964389725209404,0.2692307692307692,0.038461538461538464,0.19230769230769232,0.5,3.7745710663832024,2,0.8846153846153846
0.07317073170731707,0.035922330097087375,2,2FIO_A,0.1111111111111111,5.051477600967648,0.2222222222222222,0.0,0.3333333333333333,0.5555555555555556,7.595331983557892,4,0.5555555555555556
0.13765182186234817,0.09559939301972686,2,2FKC_A,0.08823529411764706,1.4264712824748478,0.2647058823529412,0.058823529411764705,0.3235294117647059,0.23529411764705882,3.8265533113816663,2,0.8529411764705882
0.15337423312883436,0.10725075528700906,2,2FLD_B,0.12,1.6547102674765648,0.24,0.08,0.36,0.36,5.011265826264456,3,0.76
0.025056947608200455,0.018301401201029455,2,2FO1_A,0.18181818181818182,1.0451997071314056,0.18181818181818182,0.09090909090909091,0.36363636363636365,0.45454545454545453,4.034013714564438,3,0.8181818181818182
0.028169014084507043,0.020446096654275093,1,2FR4_A,0.5,2.9894522328711806,0.5,0.0,0.6666666666666666,0.16666666666666666,2.9383124880693,1,1.0
0.02336448598130841,0.04953560371517028,1,2FR4_B,0.6,1.6018333602023591,0.8,0.0,0.6,0.2,2.4863894416496173,1,1.0
0.08088235294117647,0.04900181488203267,1,2G8K_A,0.09090909090909091,1.6184525595628003,0.09090909090909091,0.0,0.6363636363636364,0.18181818181818182,3.5454048349374663,1,1.0
0.2878787878787879,0.14694656488549618,2,2GAT_A,0.10526315789473684,1.4027970748883891,0.42105263157894735,0.0,0.21052631578947367,0.42105263157894735,4.373676204837843,6,0.5263157894736842
0.0847457627118644,0.060041407867494824,2,2GB7_B,0.08,1.5759091933578997,0.16,0.08,0.4,0.36,3.8660058449627113,4,0.8
0.1095890410958904,0.05411629245826137,2,2GE5_A,0.08333333333333333,1.2711726763638502,0.125,0.041666666666666664,0.625,0.125,3.744648940579566,1,1.0
0.037037037037037035,0.0185799601857996,2,2GEQ_B,0.0,1.816722728040772,0.14285714285714285,0.0,0.42857142857142855,0.42857142857142855,3.334957860679242,2,0.8571428571428571
0.14007782101167315,0.08337349397590361,2,2GIE_A,0.08333333333333333,1.5467014634187637,0.3055555555555556,0.05555555555555555,0.4166666666666667,0.25,4.253864871909983,7,0.5
0.09727626459143969,0.060431654676258995,2,2GIH_A,0.08,1.4665752715237315,0.32,0.04,0.32,0.28,4.451214101314578,6,0.56
0.03870967741935484,0.042620363062352014,2,2GKD_A,0.0,2.522782249235287,0.0,0.0,0.16666666666666666,0.6666666666666666,3.0917446685871366,1,1.0
0.16774193548387098,0.09685039370078741,2,2GLI_A,0.19230769230769232,1.8888124164852984,0.23076923076923078,0.038461538461538464,0.38461538461538464,0.5,5.398966859347159,8,0.3076923076923077
0.2542372881355932,0.24193548387096775,2,2GLO_A,0.13333333333333333,1.8745642042558683,0.13333333333333333,0.0,0.3333333333333333,0.4666666666666667,3.4940475007257805,2,0.8666666666666667
0.09497206703910614,0.04935622317596566,3,2GM4_A,0.058823529411764705,2.3182729114280356,0.23529411764705882,0.0,0.35294117647058826,0.35294117647058826,6.705561788900981,5,0.4117647058823529
0.010948905109489052,0.010564997703261369,1,2GXA_E,0.3333333333333333,8.12745507746716,0.3333333333333333,0.0,0.0,0.6666666666666666,3.074676170394447,1,1.0
0.2893081761006289,0.25823353293413176,2,2GZK_A,0.15217391304347827,2.1093499953088894,0.32608695652173914,0.043478260869565216,0.17391304347826086,0.3695652173913043,5.431667245385639,2,0.6304347826086957
0.26666666666666666,0.15204678362573099,2,2H1K_B,0.1875,1.5797330726264653,0.3125,0.0,0.3125,0.5,3.7699208171509944,3,0.625
0.013986013986013986,0.0071301247771836,1,2H1O_A,0.0,,0.0,0.0,0.0,1.0,1.5245352927260554,1,1.0
0.11764705882352941,0.06274509803921569,2,2H1O_E,0.0,1.6679845709480987,0.25,0.125,0.375,0.25,3.856524721271893,2,0.5
0.18309859154929578,0.15008726003490402,2,2H27_A,0.15384615384615385,1.2784478919469116,0.15384615384615385,0.0,0.3076923076923077,0.38461538461538464,3.285273050257792,2,0.9230769230769231
0.1388888888888889,0.0935374149659864,2,2H3A_A,0.1,1.8015258844496733,0.4,0.0,0.5,0.2,3.9859993770772335,3,0.7
0.13793103448275862,0.061052631578947365,2,2H7H_A,0.0,3.4821286608979207,0.25,0.0,0.125,0.625,3.1186583885592936,1,1.0
0.07758620689655173,0.0384180790960452,2,2H8C_B,0.0,1.8670971255352604,0.0,0.1111111111111111,0.4444444444444444,0.4444444444444444,3.4164257233869595,1,1.0
0.14473684210526316,0.08333333333333333,2,2HAP_C,0.0,3.0688025026887793,0.09090909090909091,0.0,0.18181818181818182,0.7272727272727273,5.237355607458252,3,0.45454545454545453
0.2878787878787879,0.25626204238921,2,2HAX_A,0.3157894736842105,3.9892883354001274,0.3157894736842105,0.10526315789473684,0.21052631578947367,0.2631578947368421,6.279155119491801,3,0.6842105263157895
0.30927835051546393,0.25,2,2HDC_A,0.1,2.536039034979579,0.2,0.03333333333333333,0.3333333333333333,0.3,4.306358671520799,2,0.9666666666666667
0.19642857142857142,0.09873949579831932,2,2HDD_B,0.09090909090909091,1.6544859468887498,0.18181818181818182,0.0,0.18181818181818182,0.7272727272727273,4.390769343697675,3,0.6363636363636364
0.08275862068965517,0.046236559139784944,2,2HHV_A,0.0625,1.1023554532036308,0.25,0.0625,0.4583333333333333,0.1875,4.48771027277369,4,0.8333333333333334
0.05017921146953405,0.025598483052856127,2,2HMI_A,0.10714285714285714,2.449154042452935,0.25,0.10714285714285714,0.2857142857142857,0.25,7.220119073729771,5,0.32142857142857145
0.004651162790697674,0.0005863383172090296,1,2HMI_B,0.0,,0.0,0.5,0.0,0.5,1.4805640872270824,1,1.0
0.14596273291925466,0.08523173605655932,3,2HOI_A,0.0851063829787234,1.8306598779517944,0.3191489361702128,0.02127659574468085,0.2978723404255319,0.3829787234042553,4.786219148813556,6,0.5319148936170213
0.1724137931034483,0.06597938144329897,2,2HOS_B,0.1,1.6094979287920383,0.1,0.0,0.3,0.7,4.537056096456004,3,0.7
0.009404388714733543,0.002776675922253074,1,2HVR_A,0.3333333333333333,5.377658323442867,0.3333333333333333,0.0,0.3333333333333333,0.0,11.803157466523508,3,0.3333333333333333
0.18688524590163935,0.08817635270541083,2,2I06_A,0.10526315789473684,1.3258223330044288,0.3157894736842105,0.05263157894736842,0.22807017543859648,0.3684210526315789,4.500712852624071,6,0.7017543859649122
0.05422993492407809,0.04549191559331324,1,2I0Q_A,0.28,1.3944226773246282,0.4,0.08,0.48,0.2,3.9821868978061388,3,0.72
0.2236842105263158,0.12025827280064569,2,2I3P_A,0.058823529411764705,1.6028068395127684,0.17647058823529413,0.08823529411764706,0.4117647058823529,0.3235294117647059,4.301059198112633,2,0.9411764705882353
0.2236842105263158,0.12753858651502845,2,2I3Q_A,0.058823529411764705,1.5310446170927743,0.20588235294117646,0.08823529411764706,0.4117647058823529,0.29411764705882354,4.281687824555678,3,0.8823529411764706
0.05787781350482315,0.03787566899958831,2,2I5W_A,0.1111111111111111,1.6948988885534573,0.2777777777777778,0.0,0.3888888888888889,0.2222222222222222,3.8962326586110403,3,0.8333333333333334
0.1162079510703364,0.09199845380749903,2,2I9K_A,0.10526315789473684,1.277450850171178,0.21052631578947367,0.02631578947368421,0.47368421052631576,0.21052631578947367,3.621470658897531,3,0.868421052631579
0.04363636363636364,0.024976437323279924,2,2I9T_A,0.08333333333333333,1.5954539070709481,0.16666666666666666,0.08333333333333333,0.25,0.5833333333333334,4.694251602199478,3,0.8333333333333334
0.21818181818181817,0.10625,2,2IEF_A,0.16666666666666666,1.9630171205417484,0.16666666666666666,0.16666666666666666,0.25,0.4166666666666667,3.716247536098682,2,0.6666666666666666
0.10119047619047619,0.05832693783576362,3,2IHM_B,0.20588235294117646,1.5814493948102724,0.29411764705882354,0.08823529411764706,0.23529411764705882,0.3235294117647059,5.160040837263387,5,0.29411764705882354
0.14046822742474915,0.06994713298088653,2,2IHN_A,0.09523809523809523,1.95097512903909,0.2619047619047619,0.0,0.30952380952380953,0.38095238095238093,5.459845453524552,7,0.4523809523809524
0.20588235294117646,0.11925465838509317,3,2IIE_A,0.0,1.1281383656021053,0.14285714285714285,0.023809523809523808,0.16666666666666666,0.5238095238095238,5.194013927807724,8,0.23809523809523808
0.20588235294117646,0.10993788819875776,3,2IIF_A,0.0,1.1350894321119704,0.14285714285714285,0.023809523809523808,0.19047619047619047,0.5,5.208463148264012,5,0.3333333333333333
0.08333333333333333,0.043041606886657105,2,2IMW_P,0.0,1.3621292013985766,0.2413793103448276,0.10344827586206896,0.13793103448275862,0.3103448275862069,4.70868756244326,5,0.5172413793103449
0.09174311926605505,0.042810098792535674,1,2IRF_G,0.1,1.3679453454898416,0.4,0.0,0.4,0.2,3.464660486620401,2,0.7
0.04281345565749235,0.03705140640155189,2,2IS6_A,0.17857142857142858,1.9210860282501196,0.25,0.0,0.4642857142857143,0.25,6.390277358460732,8,0.5
0.09655172413793103,0.043440486533449174,2,2IT0_A,0.0,1.149921229746353,0.14285714285714285,0.0,0.42857142857142855,0.35714285714285715,3.4742976439267355,2,0.9285714285714286
0.11666666666666667,0.172978505629478,4,2ITL_A,0.07142857142857142,1.2288081302772795,0.2857142857142857,0.0,0.42857142857142855,0.2857142857142857,3.177843379587168,1,1.0
0.1532258064516129,0.06560636182902585,2,2IVH_A,0.0,1.2245448456308594,0.15789473684210525,0.10526315789473684,0.15789473684210525,0.5263157894736842,3.9259047442209005,2,0.9473684210526315
0.12173913043478261,0.059841384282624366,2,2J6U_A,0.0,1.0644434467908248,0.2619047619047619,0.09523809523809523,0.16666666666666666,0.2857142857142857,4.657896746501617,6,0.5
0.03313253012048193,0.01633428300094967,1,2JLG_A,0.0,1.7140664165510704,0.13636363636363635,0.09090909090909091,0.45454545454545453,0.22727272727272727,4.100919714061013,4,0.5909090909090909
0.31092436974789917,0.18892185954500496,2,2JP9_A,0.16216216216216217,1.8144505782209222,0.2702702702702703,0.10810810810810811,0.24324324324324326,0.3783783783783784,4.946109780442872,2,0.8108108108108109
0.4838709677419355,0.6027397260273972,2,2JX1_A,0.06666666666666667,1.3730807205598827,0.3333333333333333,0.06666666666666667,0.5333333333333333,0.06666666666666667,3.067003241987263,1,1.0
0.2,0.136986301369863,2,2JXI_A,0.0,1.812467431423311,0.2222222222222222,0.0,0.3333333333333333,0.2222222222222222,4.044827485825815,3,0.4444444444444444
0.16363636363636364,0.10884353741496598,2,2K1N_A,0.0,1.8857540478211603,0.4444444444444444,0.1111111111111111,0.0,0.4444444444444444,3.4924901645390234,1,1.0
0.2018348623853211,0.12604042806183116,2,2K7F_A,0.09090909090909091,1.7513203086504585,0.22727272727272727,0.045454545454545456,0.36363636363636365,0.3181818181818182,4.088592902593622,3,0.7272727272727273
0.205607476635514,0.15301724137931033,2,2KDZ_A,0.09090909090909091,1.5463434916297165,0.18181818181818182,0.09090909090909091,0.2727272727272727,0.4090909090909091,4.228872634495196,2,0.9545454545454546
0.029950083194675542,0.014727540500736377,1,2KFN_A,0.16666666666666666,1.3461086543971792,0.3333333333333333,0.2777777777777778,0.2777777777777778,0.16666666666666666,3.89392763417774,2,0.8888888888888888
0.2982456140350877,0.25112107623318386,2,2KKF_A,0.058823529411764705,1.579266503319863,0.17647058823529413,0.0,0.29411764705882354,0.5294117647058824,4.180962188992916,4,0.47058823529411764
0.23170731707317074,0.10091743119266056,2,2KMK_A,0.05263157894736842,1.8070461253053767,0.21052631578947367,0.05263157894736842,0.42105263157894735,0.3157894736842105,4.854446241756253,5,0.3684210526315789
0.1791044776119403,0.19961612284069097,1,2KN7_A,0.0,1.7866905611055601,0.25,0.08333333333333333,0.16666666666666666,0.4166666666666667,3.3245278975773873,1,1.0
0.2413793103448276,0.1944055944055944,2,2KO0_A,0.19047619047619047,1.6274116593396883,0.3333333333333333,0.0,0.38095238095238093,0.3333333333333333,3.83189955751421,2,0.9523809523809523
0.07765151515151515,0.04381965552178318,2,2KTQ_A,0.04878048780487805,1.417365119908452,0.1951219512195122,0.07317073170731707,0.5365853658536586,0.21951219512195122,4.558888263596119,2,0.7073170731707317
0.05714285714285714,0.030965391621129327,2,2KY8_A,0.0,2.967494729946303,0.0,0.0,0.25,0.75,4.6514566314550345,2,0.5
0.2,0.3107344632768362,1,2L4L_A,0.2222222222222222,1.6305631261505995,0.3333333333333333,0.0,0.3333333333333333,0.2222222222222222,3.10336757988021,1,1.0
0.29850746268656714,0.2700348432055749,2,2LD5_A,0.15,1.4812643531710388,0.3,0.0,0.2,0.5,3.939248993754748,3,0.55
0.3953488372093023,0.3626373626373626,2,2LEF_A,0.08823529411764706,1.0757034262782261,0.23529411764705882,0.08823529411764706,0.23529411764705882,0.4411764705882353,3.877754573918929,1,1.0
0.19298245614035087,0.11864406779661017,2,2LEV_A,0.18181818181818182,1.4069385044863711,0.2727272727272727,0.0,0.2727272727272727,0.2727272727272727,2.976274343059801,1,1.0
0.25,0.2003338898163606,2,2LKX_A,0.11764705882352941,1.1861462364498077,0.23529411764705882,0.058823529411764705,0.17647058823529413,0.5882352941176471,4.329995934181413,3,0.47058823529411764
0.24812030075187969,0.17213842058562556,2,2LT7_A,0.2727272727272727,1.8355376402528052,0.36363636363636365,0.030303030303030304,0.45454545454545453,0.3939393939393939,4.877505299350985,7,0.2727272727272727
0.2972972972972973,0.2746710526315789,1,2LTT_A,0.18181818181818182,1.6561189978600586,0.45454545454545453,0.09090909090909091,0.18181818181818182,0.22727272727272727,3.887796789077787,1,1.0
0.09195402298850575,0.05160390516039052,1,2M2W_A,0.0,2.820894095935012,0.1875,0.0625,0.125,0.5625,4.674133904516433,2,0.625
0.17708333333333334,0.1386392811296534,1,2MAP_A,0.23529411764705882,1.4536849320606953,0.4117647058823529,0.058823529411764705,0.4117647058823529,0.17647058823529413,3.3380473779717525,1,1.0
0.2535211267605634,0.2653061224489796,2,2ME6_A,0.0,1.1357671921199948,0.1111111111111111,0.05555555555555555,0.2222222222222222,0.6111111111111112,4.08308658880952,2,0.7222222222222222
0.1111111111111111,0.22767857142857142,1,2MNA_A,0.23076923076923078,1.3231759537085637,0.3076923076923077,0.0,0.38461538461538464,0.3076923076923077,4.223173046619025,2,0.9230769230769231
0.11267605633802817,0.045774647887323945,2,2MOE_A,0.0,4.08178886614734,0.125,0.0,0.125,0.625,5.522979157079198,2,0.625
0.08878504672897196,0.0693950177935943,1,2N8A_A,0.10526315789473684,3.0580845796059175,0.3157894736842105,0.0,0.3157894736842105,0.3684210526315789,6.680944695301642,6,0.42105263157894735
0.21505376344086022,0.21248339973439576,2,2NBJ_A,0.05,1.7739839238878716,0.15,0.0,0.25,0.5,5.076510671928774,4,0.45
0.18181818181818182,0.0975609756097561,2,2NLL_A,0.08333333333333333,1.449353948691164,0.08333333333333333,0.08333333333333333,0.25,0.5833333333333334,3.905886022756974,3,0.5
0.21359223300970873,0.09219858156028368,2,2NLL_B,0.13636363636363635,2.411075370098374,0.2727272727272727,0.045454545454545456,0.2727272727272727,0.45454545454545453,4.453793210626624,3,0.7272727272727273
0.08280254777070063,0.056435241575314654,2,2NOB_A,0.11538461538461539,1.4248274484623258,0.2692307692307692,0.038461538461538464,0.4230769230769231,0.11538461538461539,3.9323459314934675,3,0.8846153846153846
0.09872611464968153,0.0633888663145063,2,2NOE_A,0.12903225806451613,1.1099726521255184,0.41935483870967744,0.03225806451612903,0.2903225806451613,0.0967741935483871,3.44003546415795,3,0.9354838709677419
0.060897435897435896,0.0374331550802139,2,2NOF_A,0.10526315789473684,1.2401792924293285,0.2631578947368421,0.05263157894736842,0.3157894736842105,0.21052631578947367,3.634416252946649,3,0.6842105263157895
0.08306709265175719,0.06211936662606577,2,2NOH_A,0.11538461538461539,1.228959741823155,0.3076923076923077,0.038461538461538464,0.38461538461538464,0.11538461538461539,3.632225919799539,2,0.9230769230769231
0.06389776357827476,0.035452322738386305,2,2NOI_A,0.1,1.2381343741886393,0.3,0.05,0.4,0.15,3.7831065506168273,2,0.95
0.09235668789808917,0.06977704376548308,2,2NOL_A,0.13793103448275862,1.2911067008934591,0.3448275862068966,0.034482758620689655,0.3793103448275862,0.10344827586206896,3.648615679236488,3,0.896551724137931
0.08064516129032258,0.05889621087314662,2,2NOZ_A,0.16,1.3648385240517102,0.32,0.04,0.32,0.16,3.48077657629038,1,1.0
0.20588235294117646,0.14590747330960854,2,2NP2_A,0.14285714285714285,2.0981241272526736,0.19047619047619047,0.047619047619047616,0.3333333333333333,0.42857142857142855,6.229379075730328,2,0.9047619047619048
0.08883248730964467,0.0515625,2,2NP6_A,0.08571428571428572,1.368661070340508,0.14285714285714285,0.14285714285714285,0.17142857142857143,0.42857142857142855,4.2189883711130145,5,0.45714285714285713
0.1003584229390681,0.05632502308402586,3,2NQ9_A,0.07142857142857142,1.2666886052541022,0.21428571428571427,0.14285714285714285,0.25,0.32142857142857145,3.9565250655194077,1,1.0
0.0967741935483871,0.061205706396686606,2,2NQJ_A,0.1111111111111111,1.3992490782477887,0.2962962962962963,0.037037037037037035,0.3333333333333333,0.2962962962962963,4.128130972266795,1,1.0
0.11904761904761904,0.064,2,2NRA_C,0.16666666666666666,4.591267679474355,0.3333333333333333,0.13333333333333333,0.3,0.23333333333333334,6.405591488926394,3,0.43333333333333335
0.11811023622047244,0.0782608695652174,2,2NTC_A,0.06666666666666667,1.3270985739140497,0.26666666666666666,0.0,0.4,0.3333333333333333,3.1737054912947453,1,1.0
0.14285714285714285,0.06609195402298851,2,2O4A_A,0.0,1.32975156343502,0.08333333333333333,0.08333333333333333,0.5833333333333334,0.16666666666666666,3.267324452190535,2,0.8333333333333334
0.04416403785488959,0.023998413328044428,1,2O5C_A,0.07142857142857142,1.8828304954722361,0.21428571428571427,0.14285714285714285,0.25,0.25,4.4765821972775335,7,0.6428571428571429
0.012511170688114389,0.007701891493940424,2,2O5I_C,0.07142857142857142,1.204260514540003,0.35714285714285715,0.14285714285714285,0.14285714285714285,0.2857142857142857,6.692597577639076,5,0.35714285714285715
0.10240963855421686,0.06143430290872618,2,2O61_A,0.13725490196078433,3.051365915261246,0.21568627450980393,0.0196078431372549,0.19607843137254902,0.5294117647058824,8.319395404730221,8,0.35294117647058826
0.041401273885350316,0.026305139619587213,2,2O61_B,0.07692307692307693,2.1890854923350496,0.07692307692307693,0.07692307692307693,0.38461538461538464,0.46153846153846156,5.568974880218594,3,0.6153846153846154
0.13580246913580246,0.0635048231511254,2,2O6M_A,0.0,2.069404552376729,0.22727272727272727,0.0,0.4090909090909091,0.22727272727272727,4.23672972231984,1,1.0
0.029946524064171122,0.022638981915606163,2,2O8E_B,0.14285714285714285,1.508106211521518,0.39285714285714285,0.03571428571428571,0.21428571428571427,0.21428571428571427,5.1098197665812295,5,0.75
0.2698412698412698,0.20650095602294455,2,2O8K_A,0.058823529411764705,1.365558282507717,0.35294117647058826,0.11764705882352941,0.23529411764705882,0.35294117647058826,2.972621118621254,2,0.9411764705882353
0.059233449477351915,0.050699300699300696,2,2O93_L,0.058823529411764705,1.8812066350648813,0.11764705882352941,0.058823529411764705,0.23529411764705882,0.5882352941176471,4.892381303115509,3,0.47058823529411764
0.17338709677419356,0.09456740442655935,2,2OAA_B,0.046511627906976744,1.5479216348893032,0.11627906976744186,0.20930232558139536,0.37209302325581395,0.32558139534883723,4.105917763466045,4,0.5348837209302325
0.14953271028037382,0.08846584546472565,2,2OEH_A,0.0625,1.923164886956844,0.1875,0.0,0.25,0.4375,4.818358139063178,1,1.0
0.25,0.15011037527593818,2,2OG0_B,0.15384615384615385,2.0770692649657665,0.15384615384615385,0.15384615384615385,0.23076923076923078,0.46153846153846156,3.6253536362738847,2,0.6153846153846154
0.027777777777777776,0.0380894800483676,1,2OK0_H,0.6666666666666666,3.345119399332174,0.6666666666666666,0.0,0.5,0.0,3.472967624146987,1,1.0
0.0273972602739726,0.018278301886792452,1,2OK0_L,0.16666666666666666,1.9628459438009012,0.5,0.0,0.3333333333333333,0.16666666666666666,3.6589349925332852,1,1.0
0.07421875,0.05247670426679745,2,2OPF_A,0.15789473684210525,1.4735767372513668,0.2631578947368421,0.05263157894736842,0.3157894736842105,0.2631578947368421,4.288685317327425,4,0.7894736842105263
0.22297297297297297,0.13488759367194006,2,2OST_A,0.06060606060606061,1.8154510885829611,0.12121212121212122,0.12121212121212122,0.3333333333333333,0.36363636363636365,4.388972647586516,2,0.696969696969697
0.09578544061302682,0.05211885046273746,2,2OXV_A,0.0,2.8114617760992417,0.24,0.0,0.28,0.32,4.904201797655368,1,1.0
0.06403940886699508,0.035452322738386305,2,2P0J_A,0.15384615384615385,1.8393725929218303,0.15384615384615385,0.07692307692307693,0.38461538461538464,0.38461538461538464,3.8631080655208674,3,0.7692307692307693
0.265625,0.18846153846153846,2,2P5L_D,0.11764705882352941,1.9433757082638052,0.29411764705882354,0.0,0.47058823529411764,0.35294117647058826,3.5623890841633568,2,0.8235294117647058
0.07488986784140969,0.05814170873060385,2,2P6R_A,0.11764705882352941,1.6513548408574696,0.23529411764705882,0.09803921568627451,0.2549019607843137,0.4117647058823529,5.028942305203153,10,0.3333333333333333
0.25609756097560976,0.27436281859070466,2,2P7C_B,0.047619047619047616,1.6985838378261722,0.2857142857142857,0.047619047619047616,0.3333333333333333,0.2857142857142857,3.8645325969397017,2,0.6190476190476191
0.06060606060606061,0.035052377115229655,2,2PE5_B,0.1,1.8686707343037345,0.4,0.0,0.6,0.1,3.6869001168013775,2,0.75
0.1875,0.10356347438752785,2,2PI0_B,0.09523809523809523,2.3185376069726034,0.23809523809523808,0.0,0.19047619047619047,0.47619047619047616,4.023053380924592,1,1.0
0.05568445475638051,0.04174628840217551,2,2PI4_A,0.125,1.9295747239361138,0.22916666666666666,0.0625,0.3541666666666667,0.3333333333333333,5.346943193723536,9,0.3125
0.042105263157894736,0.021361815754339118,1,2PJR_B,0.0,3.640015681551479,0.0,0.0,0.25,0.75,4.996529148560172,2,0.5
0.027573529411764705,0.0189873417721519,2,2PJR_F,0.26666666666666666,1.3319476805137125,0.3333333333333333,0.06666666666666667,0.4,0.26666666666666666,5.7830559041925875,5,0.26666666666666666
0.05309734513274336,0.03734439834024896,2,2PUA_A,0.05555555555555555,1.7762964686316083,0.3888888888888889,0.0,0.5,0.16666666666666666,3.8939408344631206,2,0.7222222222222222
0.05621301775147929,0.033962264150943396,2,2PUE_A,0.05263157894736842,1.689305927983075,0.42105263157894735,0.0,0.47368421052631576,0.15789473684210525,3.9060416823299855,2,0.6842105263157895
0.14743589743589744,0.060109289617486336,2,2PVI_A,0.043478260869565216,1.3061282607694116,0.13043478260869565,0.08695652173913043,0.43478260869565216,0.30434782608695654,3.9024856627405367,4,0.4782608695652174
0.06818181818181818,0.033561351004702866,2,2PYJ_B,0.10256410256410256,1.537125156037652,0.3333333333333333,0.02564102564102564,0.41025641025641024,0.23076923076923078,4.725280579488826,7,0.41025641025641024
0.11926605504587157,0.06553398058252427,2,2PYO_G,0.0,3.092090185520306,0.15384615384615385,0.0,0.07692307692307693,0.6153846153846154,7.127180893363398,2,0.7692307692307693
0.1722689075630252,0.10265763418447107,2,2Q10_A,0.04878048780487805,1.3926412532769101,0.0975609756097561,0.1951219512195122,0.2682926829268293,0.3902439024390244,3.9213345973435336,3,0.5121951219512195
0.11945392491467577,0.05211864406779661,2,2Q2T_A,0.17142857142857143,1.0686871565586245,0.2857142857142857,0.05714285714285714,0.3142857142857143,0.2571428571428571,4.870242487958169,3,0.7428571428571429
0.05191256830601093,0.03745318352059925,2,2QBY_A,0.05263157894736842,3.436782909248592,0.21052631578947367,0.0,0.3684210526315789,0.2631578947368421,7.360559847903899,3,0.8421052631578947
0.06793478260869565,0.04653532608695652,2,2QBY_B,0.04,2.9098301766031165,0.28,0.0,0.24,0.32,6.562751872260599,2,0.64
0.12790697674418605,0.08028169014084507,2,2QHB_A,0.09090909090909091,1.6086683213390303,0.09090909090909091,0.09090909090909091,0.09090909090909091,0.8181818181818182,4.029515777008295,2,0.6363636363636364
0.09090909090909091,0.06492411467116357,1,2QKK_A,0.21428571428571427,2.3510756714320276,0.35714285714285715,0.0,0.5,0.07142857142857142,4.088541243240735,2,0.5
0.11864406779661017,0.06278026905829596,2,2QL2_B,0.0,3.4402092701858096,0.0,0.14285714285714285,0.2857142857142857,0.5714285714285714,4.793109804701746,2,0.7142857142857143
0.1206896551724138,0.06542056074766354,2,2QL2_C,0.0,3.6513872517628445,0.0,0.0,0.42857142857142855,0.5714285714285714,5.039865475859331,3,0.5714285714285714
0.17197452229299362,0.09542586750788644,4,2QNC_A,0.037037037037037035,2.0637035401829587,0.14814814814814814,0.07407407407407407,0.2222222222222222,0.4444444444444444,7.695661771848543,5,0.6296296296296297
0.09554140127388536,0.03700787401574803,3,2QNF_A,0.06666666666666667,3.154618830070561,0.26666666666666666,0.0,0.4666666666666667,0.26666666666666666,7.912436791163735,3,0.8
0.05776892430278884,0.03412391093901258,2,2QSG_A,0.10344827586206896,1.9308384784051202,0.3103448275862069,0.0,0.3793103448275862,0.2413793103448276,7.0082482934272985,7,0.3448275862068966
0.05179282868525897,0.035333978702807356,2,2QSH_A,0.11538461538461539,1.7732109414203876,0.2692307692307692,0.038461538461538464,0.38461538461538464,0.23076923076923078,7.0650564275275824,6,0.34615384615384615
0.11917098445595854,0.07183725365543547,2,2R0Q_C,0.13043478260869565,3.6118808364796977,0.34782608695652173,0.0,0.34782608695652173,0.30434782608695654,5.583405222076274,2,0.6086956521739131
0.2727272727272727,0.1262135922330097,2,2R1J_L,0.05555555555555555,1.3312956760024295,0.2222222222222222,0.05555555555555555,0.4444444444444444,0.2222222222222222,2.976175297333175,1,1.0
0.03131115459882583,0.010534236267870579,2,2R8K_A,0.125,1.1893261157738364,0.4375,0.0,0.1875,0.3125,6.0065555524997984,9,0.3125
0.06227106227106227,0.03902662993572085,2,2RAM_A,0.058823529411764705,2.0743313862512105,0.11764705882352941,0.058823529411764705,0.35294117647058826,0.4117647058823529,4.650829140000501,1,1.0
0.0319001386962552,0.018046888176758306,3,2RGR_A,0.043478260869565216,1.5728627567515954,0.2608695652173913,0.08695652173913043,0.17391304347826086,0.391304347826087,4.745602980044973,5,0.4782608695652174
0.06726457399103139,0.03102493074792244,2,2SSP_E,0.13333333333333333,1.1467277687196837,0.26666666666666666,0.06666666666666667,0.4666666666666667,0.13333333333333333,3.079822887021381,1,1.0
0.13541666666666666,0.07277289836888332,2,2STT_A,0.15384615384615385,1.5365231423488521,0.23076923076923078,0.15384615384615385,0.15384615384615385,0.5384615384615384,4.095756254797488,2,0.9230769230769231
0.10465116279069768,0.04388828436706565,2,2UVU_A,0.027777777777777776,1.23448347661891,0.19444444444444445,0.08333333333333333,0.19444444444444445,0.3055555555555556,5.033258395920552,9,0.25
0.09620991253644315,0.044347509996364956,2,2UVV_A,0.0,1.2750089696767868,0.21212121212121213,0.06060606060606061,0.21212121212121213,0.3333333333333333,4.852429868773588,6,0.45454545454545453
0.12844036697247707,0.07875528236650019,2,2UYC_A,0.09523809523809523,1.1505547164273937,0.19047619047619047,0.07142857142857142,0.40476190476190477,0.2619047619047619,3.6338587134152864,3,0.6190476190476191
0.1345565749235474,0.08211818879508825,2,2UYH_A,0.09090909090909091,1.181129526692846,0.22727272727272727,0.06818181818181818,0.4090909090909091,0.25,3.5855630479585057,3,0.8409090909090909
0.1345565749235474,0.08682289665770265,2,2UZ4_A,0.09090909090909091,1.1797934317468168,0.22727272727272727,0.06818181818181818,0.4090909090909091,0.22727272727272727,3.569836965670731,3,0.8409090909090909
0.18556701030927836,0.07881136950904392,2,2UZK_A,0.1111111111111111,1.427752469660898,0.2222222222222222,0.0,0.3333333333333333,0.5,5.020588929143501,5,0.3333333333333333
0.06282722513089005,0.060947333554157004,2,2V1U_A,0.125,3.5433032068550148,0.20833333333333334,0.0,0.375,0.3333333333333333,6.932409911911191,4,0.6666666666666666
0.053763440860215055,0.03272727272727273,2,2V2T_A,0.06666666666666667,1.7813050597097266,0.13333333333333333,0.06666666666666667,0.4,0.4,5.240429199923841,2,0.6666666666666666
0.054313099041533544,0.03254678600488202,2,2V2T_B,0.058823529411764705,2.039281372369135,0.058823529411764705,0.058823529411764705,0.35294117647058826,0.47058823529411764,4.742376071045654,1,1.0
0.10714285714285714,0.0656687590535973,3,2V6E_A,0.08771929824561403,2.002100225313084,0.2807017543859649,0.03508771929824561,0.38596491228070173,0.3333333333333333,5.338551851628908,7,0.3684210526315789
0.21052631578947367,0.12743506493506493,2,2VBJ_A,0.0625,1.4785133423259105,0.15625,0.15625,0.34375,0.34375,4.211842887025653,3,0.84375
0.20394736842105263,0.12254901960784313,2,2VBJ_B,0.03225806451612903,1.5353145668190662,0.16129032258064516,0.0967741935483871,0.3870967741935484,0.3548387096774194,4.381114857821889,4,0.8387096774193549
0.21710526315789475,0.12581699346405228,4,2VBL_A,0.06060606060606061,1.5077749005889225,0.18181818181818182,0.15151515151515152,0.3333333333333333,0.3333333333333333,4.194159006803732,3,0.9090909090909091
0.21052631578947367,0.11764705882352941,4,2VBL_B,0.03125,1.5653355001391684,0.1875,0.09375,0.375,0.34375,4.3633117696393615,4,0.84375
0.20261437908496732,0.12244897959183673,2,2VBO_A,0.03225806451612903,1.4771534921157012,0.12903225806451613,0.0967741935483871,0.41935483870967744,0.3225806451612903,4.278761440048615,3,0.8387096774193549
0.20394736842105263,0.12094155844155845,2,2VBO_B,0.06451612903225806,1.6078202467962404,0.16129032258064516,0.12903225806451613,0.3548387096774194,0.3548387096774194,4.340944556870275,3,0.9032258064516129
0.2052980132450331,0.14612244897959184,2,2VIC_A,0.0967741935483871,2.6514350336321817,0.22580645161290322,0.03225806451612903,0.41935483870967744,0.3225806451612903,4.933743379083991,5,0.6129032258064516
0.10357142857142858,0.061598951507208385,2,2VLA_A,0.034482758620689655,1.0405769527039817,0.13793103448275862,0.1724137931034483,0.3103448275862069,0.3793103448275862,3.83225391356484,2,0.9655172413793104
0.2513089005235602,0.16112531969309463,4,2VS8_F,0.08333333333333333,2.1687435668943538,0.1875,0.16666666666666666,0.3333333333333333,0.3333333333333333,4.659570135079757,1,1.0
0.042,0.027339901477832513,1,2VTB_A,0.3333333333333333,1.3673308423014496,0.38095238095238093,0.14285714285714285,0.42857142857142855,0.23809523809523808,4.223650311878787,5,0.47619047619047616
0.038696537678207736,0.02809834420471651,1,2VTB_B,0.3684210526315789,1.5537109331890928,0.42105263157894735,0.05263157894736842,0.47368421052631576,0.2631578947368421,4.384533611447778,5,0.42105263157894735
0.04227212681638045,0.019582030607207503,1,2VWJ_A,0.1875,2.5347941047211924,0.34375,0.09375,0.25,0.3125,7.223160454291569,8,0.4375
0.011764705882352941,0.003323262839879154,1,2VYE_A,0.0,3.1331518142377175,0.0,0.0,0.4,0.4,4.946752669840763,2,0.6
0.14,0.09801324503311258,2,2VZ4_A,0.07142857142857142,2.134282561080805,0.21428571428571427,0.0,0.2857142857142857,0.35714285714285715,3.9198419368889548,3,0.42857142857142855
0.13392857142857142,0.08673754896474538,3,2W36_A,0.06666666666666667,1.4803262088008389,0.3333333333333333,0.0,0.2,0.26666666666666666,4.152692464787939,4,0.6333333333333333
0.16842105263157894,0.16666666666666666,4,2W7N_B,0.0,2.0214550893151215,0.25,0.0625,0.375,0.125,3.4782473323005507,2,0.6875
0.1023391812865497,0.04989075018208303,2,2W9B_A,0.02857142857142857,1.3095972432961522,0.2857142857142857,0.05714285714285714,0.17142857142857143,0.3142857142857143,4.802286294578616,4,0.5142857142857142
0.14942528735632185,0.0782122905027933,2,2WBS_A,0.23076923076923078,2.0330929893472436,0.23076923076923078,0.23076923076923078,0.07692307692307693,0.46153846153846156,3.811050886803274,1,1.0
0.15294117647058825,0.09887005649717515,2,2WBU_A,0.15384615384615385,1.708012860125841,0.15384615384615385,0.15384615384615385,0.3076923076923077,0.5384615384615384,5.187706354125836,3,0.38461538461538464
0.296875,0.2383612662942272,2,2WCC_3,0.15789473684210525,1.3564441978657045,0.21052631578947367,0.05263157894736842,0.3157894736842105,0.3684210526315789,3.757149681495996,1,1.0
0.06349206349206349,0.027805362462760674,2,2WIW_B,0.125,2.4341523489866588,0.125,0.125,0.5,0.375,3.5759293519963102,2,0.875
0.14285714285714285,0.06666666666666667,2,2WT7_A,0.0,4.874275477886092,0.1111111111111111,0.0,0.2222222222222222,0.6666666666666666,3.7210651613053956,1,1.0
0.15555555555555556,0.07973856209150326,2,2WT7_B,0.07142857142857142,3.003077485235013,0.21428571428571427,0.0,0.35714285714285715,0.5,4.072866808679214,2,0.9285714285714286
0.12371134020618557,0.05788177339901478,2,2WTY_B,0.08333333333333333,3.0784431231538867,0.25,0.0,0.4166666666666667,0.4166666666666667,3.7996601357453303,2,0.9166666666666666
0.05006954102920723,0.021609276177090655,2,2XCR_D,0.0,1.0733262462574968,0.2222222222222222,0.08333333333333333,0.1111111111111111,0.4722222222222222,4.701432655877316,7,0.6388888888888888
0.20394736842105263,0.14688796680497926,2,2XE0_A,0.06451612903225806,1.6226802003701823,0.16129032258064516,0.0967741935483871,0.41935483870967744,0.3225806451612903,4.348433941247808,4,0.8709677419354839
0.21052631578947367,0.1125,2,2XE0_B,0.0625,1.6602276191021261,0.1875,0.0625,0.4375,0.3125,4.41743208820447,4,0.8125
0.0390625,0.017557060446450966,2,2XGP_B,0.05,1.244129874557369,0.45,0.05,0.15,0.25,5.878563758165036,7,0.25
0.06882591093117409,0.03530005042864347,1,2XHB_A,0.19607843137254902,1.840633820535215,0.3137254901960784,0.13725490196078433,0.3333333333333333,0.23529411764705882,5.332138931752509,9,0.3333333333333333
0.23404255319148937,0.20440528634361232,2,2XMA_E,0.21212121212121213,2.417216332554581,0.36363636363636365,0.0,0.30303030303030304,0.30303030303030304,5.40629123453397,4,0.7575757575757576
0.30597014925373134,0.20408163265306123,4,2XO6_A,0.17073170731707318,2.3926437696391427,0.3902439024390244,0.0,0.24390243902439024,0.2926829268292683,5.055165560650538,4,0.7560975609756098
0.06551724137931035,0.028059572631124543,2,2XO7_A,0.07894736842105263,1.3741988078136746,0.21052631578947367,0.05263157894736842,0.5526315789473685,0.21052631578947367,4.708242487401306,6,0.6052631578947368
0.32575757575757575,0.2161654135338346,4,2XQC_D,0.16279069767441862,2.424550669960296,0.37209302325581395,0.0,0.2558139534883721,0.3023255813953488,5.198662586486798,4,0.7441860465116279
0.06666666666666667,0.038202247191011236,2,2XRO_B,0.0625,2.05342513212512,0.3125,0.0,0.3125,0.1875,3.8100190714808533,2,0.75
0.07056798623063683,0.02952755905511811,2,2XY5_A,0.07317073170731707,1.3233006022211742,0.24390243902439024,0.04878048780487805,0.5121951219512195,0.17073170731707318,4.657636901251366,4,0.5853658536585366
0.06712564543889846,0.03342800961328381,2,2XY6_A,0.07692307692307693,1.4302872814730405,0.23076923076923078,0.05128205128205128,0.5384615384615384,0.1794871794871795,4.668472781429801,3,0.717948717948718
0.07758620689655173,0.035356904603068715,2,2XY7_A,0.06666666666666667,1.1209788185682557,0.2222222222222222,0.044444444444444446,0.5111111111111111,0.2,4.4754887894751185,5,0.5555555555555556
0.06724137931034482,0.02838709677419355,2,2Y1J_A,0.07692307692307693,1.4629832191614671,0.23076923076923078,0.05128205128205128,0.5384615384615384,0.20512820512820512,4.646295992171307,5,0.7692307692307693
0.010721247563352826,0.009007897334649555,1,2Y35_A,0.09090909090909091,1.3588374171044517,0.18181818181818182,0.09090909090909091,0.09090909090909091,0.5454545454545454,4.96368103385334,5,0.36363636363636365
0.07543103448275862,0.07399226946438432,2,2Y7H_A,0.08571428571428572,4.185568221270302,0.22857142857142856,0.11428571428571428,0.34285714285714286,0.2857142857142857,7.815917888427498,3,0.5142857142857142
0.017013232514177693,0.017724550898203593,1,2Y7H_B,0.2222222222222222,1.3462587217477568,0.4444444444444444,0.1111111111111111,0.2222222222222222,0.0,3.972454128779207,2,0.8888888888888888
0.010084033613445379,0.0036870135190495697,3,2Y9Z_B,0.0,4.879437954496204,0.0,0.0,0.0,0.8333333333333334,15.195261296487152,5,0.3333333333333333
0.10810810810810811,0.06514657980456026,2,2YPB_B,0.0,3.492179547165635,0.0,0.125,0.375,0.5,5.110201192376138,3,0.625
0.17307692307692307,0.09601873536299765,2,2Z33_A,0.1111111111111111,1.275667615029613,0.2222222222222222,0.1111111111111111,0.2222222222222222,0.3888888888888889,3.576175553580469,2,0.7222222222222222
0.1162079510703364,0.06295585412667946,2,2Z6A_A,0.10526315789473684,1.316017318374594,0.2631578947368421,0.02631578947368421,0.42105263157894735,0.23684210526315788,3.7028658272331425,3,0.868421052631579
0.08868501529051988,0.0573959938366718,3,2Z6Q_A,0.10344827586206896,1.1828292845243573,0.20689655172413793,0.0,0.4827586206896552,0.2413793103448276,4.109447534289103,4,0.5172413793103449
0.11009174311926606,0.07186779400461184,2,2Z6U_A,0.1111111111111111,1.3375894218385176,0.2777777777777778,0.0,0.3888888888888889,0.25,3.8699384935282755,3,0.8611111111111112
0.07346938775510205,0.04300489929232444,1,2Z70_A,0.2222222222222222,1.6510505332147043,0.4444444444444444,0.0,0.2777777777777778,0.3333333333333333,4.186025561895447,2,0.7777777777777778
0.11314984709480122,0.08096699923254029,2,2ZCJ_A,0.10810810810810811,1.261889442029872,0.24324324324324326,0.0,0.43243243243243246,0.24324324324324326,3.774634177526445,4,0.8378378378378378
0.15714285714285714,0.10616229408175717,2,2ZKD_A,0.09090909090909091,1.4101139977656074,0.2727272727272727,0.030303030303030304,0.30303030303030304,0.24242424242424243,3.722509055733676,1,1.0
0.14492753623188406,0.07285974499089254,2,30FH_6,0.1,1.5675626452444638,0.4,0.1,0.2,0.3,4.0265951171836205,2,0.9
0.0024509803921568627,0.0003020235578375113,1,30GB_I,1.0,,1.0,0.0,0.0,0.0,0.0,1,1.0
0.0061162079510703364,0.003762227238525207,2,30GB_K,0.0,,0.0,0.0,0.0,1.0,1.5058890977030277,1,1.0
0.0764525993883792,0.03745743473325766,1,36HT_A,0.2,2.2339736917811384,0.36,0.08,0.16,0.32,6.8396546193844365,8,0.24
0.005747126436781609,0.001467351430667645,1,36HT_I,0.0,,0.0,0.0,0.0,1.0,0.0,1,1.0
0.0778688524590164,0.03701825557809331,2,36HT_L,0.0,1.8003149206973206,0.21052631578947367,0.10526315789473684,0.3157894736842105,0.3684210526315789,8.556725356508375,4,0.42105263157894735
0.23333333333333334,0.10056925996204934,2,36NB_A,0.2857142857142857,1.6566388988537522,0.35714285714285715,0.0,0.35714285714285715,0.42857142857142855,4.32528018924185,3,0.6428571428571429
0.16271186440677965,0.09674582233948989,2,36OF_A,0.0625,3.5337502842945683,0.16666666666666666,0.0625,0.4375,0.2916666666666667,6.477549833071449,5,0.6875
0.015384615384615385,0.003238341968911917,1,36PP_D,0.0,9.431234256402698,0.3333333333333333,0.0,0.3333333333333333,0.3333333333333333,7.133188621647439,2,0.6666666666666666
0.20567375886524822,0.13842281879194632,2,36XS_A,0.06896551724137931,1.1238844124039344,0.3793103448275862,0.034482758620689655,0.2413793103448276,0.20689655172413793,3.4865994351207914,2,0.5517241379310345
0.2459016393442623,0.12453531598513011,2,3A01_F,0.26666666666666666,1.952847120406481,0.3333333333333333,0.0,0.4,0.4,4.612557508015853,4,0.4666666666666667
0.08680555555555555,0.05686604886267902,2,3A46_A,0.24,1.3060432645995608,0.32,0.04,0.44,0.24,3.8796611672625883,2,0.96
0.11409395973154363,0.06810766721044045,4,3A4K_D,0.08823529411764706,1.5427469702277683,0.17647058823529413,0.11764705882352941,0.38235294117647056,0.2647058823529412,4.130471897809717,3,0.9117647058823529
0.15254237288135594,0.08726415094339622,2,3A5U_A,0.16666666666666666,1.307621932291914,0.3888888888888889,0.0,0.2777777777777778,0.3333333333333333,5.6316424209205405,9,0.4444444444444444
0.06643356643356643,0.03844444444444445,1,3AUO_A,0.10526315789473684,1.2814664037228831,0.2631578947368421,0.10526315789473684,0.15789473684210525,0.3157894736842105,5.114607122878067,6,0.2631578947368421
0.01892744479495268,0.01632815611310235,1,3B39_A,0.3333333333333333,1.4075038543245506,0.6666666666666666,0.0,0.3333333333333333,0.16666666666666666,4.136111491910555,2,0.8333333333333334
0.039735099337748346,0.0256198347107438,1,3BBB_B,0.16666666666666666,1.6970071472001502,0.5,0.0,0.16666666666666666,0.16666666666666666,3.69494942278436,1,1.0
0.05982905982905983,0.050165380374862185,2,3BDN_A,0.0,1.8290906044613762,0.14285714285714285,0.0,0.5714285714285714,0.07142857142857142,4.401723320351354,5,0.5
0.01092896174863388,0.007032348804500703,1,3BEP_A,0.0,1.5327743933419722,0.25,0.25,0.0,0.5,2.7885634872967557,1,1.0
0.08955223880597014,0.0648854961832061,2,3BI3_A,0.16666666666666666,1.2609684685910962,0.3333333333333333,0.05555555555555555,0.2777777777777778,0.2777777777777778,4.321070038033401,4,0.5555555555555556
0.09405940594059406,0.06767868437697659,2,3BIE_A,0.15789473684210525,1.2685962132946234,0.3684210526315789,0.05263157894736842,0.2631578947368421,0.2631578947368421,4.172446982604685,4,0.5263157894736842
0.07960199004975124,0.04267515923566879,2,3BKZ_A,0.1875,1.265285172055397,0.375,0.0625,0.375,0.3125,4.179965365378052,4,0.4375
0.04941860465116279,0.032364840014711294,2,3BQ1_A,0.058823529411764705,1.410515947877668,0.35294117647058826,0.0,0.058823529411764705,0.47058823529411764,6.698395101917939,6,0.4117647058823529
0.036231884057971016,0.024620060790273558,2,3BRG_C,0.13333333333333333,1.4038835039622393,0.13333333333333333,0.06666666666666667,0.3333333333333333,0.5333333333333333,4.303949707599772,4,0.5333333333333333
0.1650485436893204,0.08400460299194476,2,3BS1_A,0.058823529411764705,2.9545363645168647,0.17647058823529413,0.0,0.4117647058823529,0.4117647058823529,4.24299986158618,2,0.9411764705882353
0.1,0.05238095238095238,1,3BSU_G,0.6,1.7264356556886593,0.6,0.0,0.2,0.4,2.694837029410353,1,1.0
0.12254901960784313,0.0910757946210269,2,3BTX_A,0.16,1.2558681456046228,0.32,0.04,0.16,0.4,4.2963281535290765,5,0.36
0.125,0.09461966604823747,2,3BTY_A,0.2,1.2018938509681485,0.36,0.12,0.16,0.4,4.082207083394428,3,0.8
0.14356435643564355,0.08923076923076922,2,3BTZ_A,0.13793103448275862,1.2075119624798551,0.27586206896551724,0.06896551724137931,0.20689655172413793,0.3793103448275862,4.058515825782966,4,0.4827586206896552
0.12315270935960591,0.09380748007357449,2,3BU0_A,0.16,1.276418472467924,0.32,0.04,0.16,0.4,4.3225409211983195,3,0.8
0.096045197740113,0.048161764705882355,2,3C25_A,0.08823529411764706,1.5207976379282442,0.20588235294117646,0.11764705882352941,0.38235294117647056,0.23529411764705882,4.832031908585327,3,0.9117647058823529
0.14596273291925466,0.09069493521790342,3,3C29_A,0.0851063829787234,1.8665225140912745,0.2978723404255319,0.02127659574468085,0.2978723404255319,0.40425531914893614,4.775695229351374,7,0.48936170212765956
0.10429447852760736,0.07123179850452578,3,3C5F_A,0.17647058823529413,1.4418199500665603,0.35294117647058826,0.058823529411764705,0.20588235294117646,0.29411764705882354,5.164522481747659,5,0.3235294117647059
0.09422492401215805,0.07084148727984345,3,3C5G_B,0.16129032258064516,1.477417921735114,0.2903225806451613,0.06451612903225806,0.25806451612903225,0.3225806451612903,5.433079376837144,7,0.3225806451612903
0.2564102564102564,0.1456,2,3CBB_B,0.05,1.4206250428161578,0.1,0.15,0.15,0.6,3.861531511008231,2,0.8
0.05327413984461709,0.02669208770257388,2,3CFR_A,0.125,1.0696065600313052,0.2708333333333333,0.10416666666666667,0.3125,0.22916666666666666,4.861498317036877,7,0.3541666666666667
0.10952380952380952,0.08990825688073395,2,3CLZ_B,0.13043478260869565,1.0545002601800957,0.30434782608695654,0.043478260869565216,0.2608695652173913,0.2608695652173913,3.7523110262556583,1,1.0
0.03458957150232318,0.01870119194410193,1,3CMU_A,0.0,3.515819843141407,0.34328358208955223,0.0,0.14925373134328357,0.29850746268656714,5.628919964122281,5,0.22388059701492538
0.02983219390926041,0.015505154639175258,1,3CMW_A,0.0,3.366498937787907,0.3125,0.0,0.16666666666666666,0.3333333333333333,5.624388347722933,5,0.25
0.2833333333333333,0.1586998087954111,3,3CMY_A,0.17647058823529413,1.7006429983691558,0.23529411764705882,0.0,0.35294117647058826,0.47058823529411764,3.8479087554132914,3,0.5882352941176471
0.16483516483516483,0.09523809523809523,2,3CO6_C,0.2,2.3670032237414773,0.26666666666666666,0.0,0.6,0.2,4.195656994571554,2,0.9333333333333333
0.14606741573033707,0.09491059147180192,2,3COQ_A,0.0,2.7719466218823796,0.23076923076923078,0.07692307692307693,0.23076923076923078,0.46153846153846156,5.591576263948881,2,0.7692307692307693
0.043237250554323724,0.01933287950987066,2,3CQ8_A,0.1282051282051282,1.3969992015041155,0.2564102564102564,0.02564102564102564,0.38461538461538464,0.2564102564102564,5.032794142183113,4,0.6666666666666666
0.22727272727272727,0.14744801512287334,2,3CRO_L,0.06666666666666667,1.8371070304979018,0.13333333333333333,0.0,0.4666666666666667,0.3333333333333333,3.3100832115121968,1,1.0
0.13312693498452013,0.1589041095890411,6,3CRX_A,0.09302325581395349,1.6402391802036005,0.3488372093023256,0.023255813953488372,0.23255813953488372,0.4186046511627907,4.9338182057990165,10,0.3953488372093023
0.05009633911368015,0.032296086751532296,2,3CVV_A,0.2692307692307692,1.2161016683981911,0.46153846153846156,0.0,0.23076923076923078,0.34615384615384615,4.444920291337353,4,0.5769230769230769
0.055776892430278883,0.029390332766577605,2,3CVW_A,0.2857142857142857,1.231673482245896,0.42857142857142855,0.0,0.35714285714285715,0.2857142857142857,4.360238075585938,4,0.42857142857142855
0.05179282868525897,0.03330092367525522,2,3CVX_A,0.2692307692307692,1.2599351620017023,0.46153846153846156,0.0,0.2692307692307692,0.3076923076923077,4.465743480891582,4,0.46153846153846156
0.031914893617021274,0.01805869074492099,2,3CW7_A,0.1111111111111111,1.8445967006321986,0.3333333333333333,0.0,0.3333333333333333,0.0,4.590229661328094,2,0.7777777777777778
0.05776173285198556,0.034527972027972025,2,3D6Z_A,0.1875,2.2539984651932006,0.375,0.0,0.4375,0.25,4.0297214363594875,3,0.4375
0.06159420289855073,0.036483516483516484,2,3D70_A,0.17647058823529413,2.2046135403997527,0.4117647058823529,0.0,0.4117647058823529,0.23529411764705882,3.873901620838114,2,0.8235294117647058
0.061371841155234655,0.03369803063457331,2,3D71_A,0.17647058823529413,2.3049597295398385,0.35294117647058826,0.058823529411764705,0.4117647058823529,0.23529411764705882,4.068320762604497,3,0.47058823529411764
0.29310344827586204,0.1610738255033557,2,3DFX_A,0.058823529411764705,1.3309086058377944,0.35294117647058826,0.0,0.35294117647058826,0.35294117647058826,4.206486482605031,3,0.6470588235294118
0.05067567567567568,0.0335195530726257,2,3DO7_A,0.06666666666666667,2.0384356239295647,0.13333333333333333,0.06666666666666667,0.4,0.4666666666666667,5.331646296950286,2,0.6666666666666666
0.051194539249146756,0.030864197530864196,2,3DO7_B,0.06666666666666667,1.7358758231660503,0.06666666666666667,0.06666666666666667,0.4,0.4666666666666667,4.431391278451052,1,1.0
0.07396449704142012,0.056843679880329095,2,3DPG_A,0.0,1.2828479224729297,0.16,0.08,0.44,0.28,4.401970275199757,4,0.84
0.036036036036036036,0.022222222222222223,2,3DSC_A,0.25,3.92019057337351,0.25,0.08333333333333333,0.3333333333333333,0.3333333333333333,4.933694126340263,3,0.75
0.021021021021021023,0.01309090909090909,1,3DSD_A,0.14285714285714285,2.136692335360088,0.2857142857142857,0.0,0.2857142857142857,0.42857142857142855,4.349196486616894,3,0.42857142857142855
0.023519163763066203,0.025632635253054103,2,3E0D_A,0.037037037037037035,1.5253657443030484,0.25925925925925924,0.14814814814814814,0.1111111111111111,0.4444444444444444,5.2130803429833135,7,0.6296296296296297
0.03841536614645858,0.059893048128342244,2,3E3J_B,0.15625,2.3343128524831793,0.25,0.03125,0.25,0.40625,6.810183219262538,9,0.34375
0.2138364779874214,0.15402298850574714,4,3E54_A,0.11764705882352941,1.672134555181653,0.2647058823529412,0.08823529411764706,0.3235294117647059,0.29411764705882354,4.2002522728183225,6,0.6176470588235294
0.06222222222222222,0.04261206419479801,2,3E6C_C,0.07142857142857142,2.466397627112236,0.14285714285714285,0.0,0.6428571428571429,0.21428571428571427,3.5446313283363367,1,1.0
0.11353711790393013,0.07378640776699029,4,3ECP_A,0.11538461538461539,2.3418018354209686,0.3076923076923077,0.057692307692307696,0.2692307692307692,0.34615384615384615,5.881832495177407,8,0.28846153846153844
0.19291338582677164,0.10043041606886657,2,3EH8_A,0.12244897959183673,2.320266820124534,0.32653061224489793,0.08163265306122448,0.3673469387755102,0.30612244897959184,5.185955242035528,3,0.8979591836734694
0.05070422535211268,0.04150545198733732,2,3EI2_B,0.2777777777777778,1.2766779980550165,0.3333333333333333,0.0,0.2222222222222222,0.3333333333333333,4.573729234444682,4,0.6111111111111112
0.04639175257731959,0.021767810026385226,2,3EXJ_A,0.0,2.166121612494743,0.3333333333333333,0.0,0.3333333333333333,0.3333333333333333,3.6987109470726964,3,0.6666666666666666
0.145985401459854,0.06912028725314183,2,3EY1_A,0.05,1.0841671467983658,0.1,0.1,0.6,0.05,3.503159386519235,1,1.0
0.07462686567164178,0.05197132616487455,2,3EYI_B,0.2,1.4323299775016285,0.2,0.0,0.4,0.6,3.6883547862734978,2,0.8
0.07586206896551724,0.042534908700322234,2,3EYZ_A,0.06818181818181818,1.2449247006445454,0.22727272727272727,0.045454545454545456,0.4772727272727273,0.20454545454545456,4.470983404708585,5,0.8181818181818182
0.08448275862068966,0.04234737747205503,2,3EZ5_A,0.10204081632653061,1.1474714781668613,0.2653061224489796,0.02040816326530612,0.5306122448979592,0.16326530612244897,4.419760928329093,4,0.8571428571428571
0.043259557344064385,0.018170185540627,2,3F2B_A,0.046511627906976744,1.1034713944598518,0.20930232558139536,0.09302325581395349,0.23255813953488372,0.2558139534883721,5.126197779557587,9,0.5348837209302325
0.12135922330097088,0.07955251709136109,2,3F8J_B,0.12,1.123999216023014,0.32,0.04,0.28,0.24,3.5130590369925216,2,0.84
0.16666666666666666,0.06560449859418932,2,3FBD_A,0.0,1.0218836148090997,0.18181818181818182,0.045454545454545456,0.18181818181818182,0.5454545454545454,4.029877568435811,1,1.0
0.16568047337278108,0.1036764705882353,2,3FD2_A,0.08928571428571429,2.922983143910026,0.25,0.08928571428571429,0.3392857142857143,0.30357142857142855,5.876600719830598,5,0.8571428571428571
0.1380952380952381,0.08450704225352113,2,3FDE_A,0.10344827586206896,1.05208497765488,0.27586206896551724,0.034482758620689655,0.27586206896551724,0.27586206896551724,3.497649319205835,1,1.0
0.09036144578313253,0.05223251895534962,2,3FHZ_D,0.06666666666666667,1.5225640012250048,0.13333333333333333,0.0,0.5333333333333333,0.4,4.168458809140269,4,0.6
0.09876543209876543,0.06013878180416345,2,3FMT_A,0.0625,1.682035205942792,0.1875,0.0,0.4375,0.375,3.6897909658899772,2,0.6875
0.0622568093385214,0.03593093793747083,2,3G00_A,0.125,1.0818684346037934,0.25,0.0,0.3125,0.4375,4.302792618389357,4,0.6875
0.10755813953488372,0.0677536231884058,2,3G0Q_A,0.13513513513513514,1.599141447887202,0.32432432432432434,0.08108108108108109,0.2702702702702703,0.1891891891891892,3.979207777121784,5,0.7567567567567568
0.011673151750972763,0.011199253383107793,1,3G2C_A,0.3333333333333333,1.5702566358666232,0.3333333333333333,0.0,0.3333333333333333,0.6666666666666666,1.8802202401780017,1,1.0
0.2222222222222222,0.10638297872340426,3,3G9I_B,0.1111111111111111,1.372998469560536,0.2222222222222222,0.0,0.2222222222222222,0.5,3.7442109052999104,2,0.7777777777777778
0.02097902097902098,0.015584415584415584,2,3GFI_A,0.0,2.108144935475103,0.3333333333333333,0.0,0.0,0.6666666666666666,2.4659587567425105,1,1.0
0.018518518518518517,0.006120367222033322,2,3GLF_G,0.0,1.328530713019708,0.14285714285714285,0.0,0.2857142857142857,0.5714285714285714,2.7202142706838015,1,1.0
0.018518518518518517,0.007145287512759442,2,3GLG_G,0.0,1.3336345340054154,0.14285714285714285,0.0,0.2857142857142857,0.5714285714285714,2.723666187351301,1,1.0
0.06746031746031746,0.044829342842587876,2,3GO8_A,0.11764705882352941,2.1259456856173586,0.23529411764705882,0.0,0.11764705882352941,0.47058823529411764,5.29143174020488,5,0.47058823529411764
0.1111111111111111,0.059892328398384924,2,3GOX_A,0.0,1.881751971968341,0.19047619047619047,0.14285714285714285,0.19047619047619047,0.38095238095238093,4.466461093902446,4,0.42857142857142855
0.06746031746031746,0.04314720812182741,2,3GP1_A,0.11764705882352941,2.1342424565004516,0.17647058823529413,0.0,0.17647058823529413,0.47058823529411764,5.462108404146564,5,0.4117647058823529
0.045372050816696916,0.02910958904109589,1,3GP8_A,0.04,2.2090192437839367,0.2,0.04,0.28,0.24,4.428947193085211,3,0.6
0.06374501992031872,0.04383282364933741,2,3GPU_A,0.0625,1.539545312985708,0.1875,0.0,0.125,0.4375,5.086233140023967,4,0.5
0.07539682539682539,0.04698672114402452,2,3GPX_A,0.15789473684210525,1.7548663898262606,0.2631578947368421,0.0,0.10526315789473684,0.42105263157894735,5.211623041621197,5,0.47368421052631576
0.0989010989010989,0.07681498829039812,2,3GQ4_A,0.14814814814814814,1.816498097266319,0.2962962962962963,0.07407407407407407,0.2962962962962963,0.3333333333333333,3.6610241442926514,2,0.9629629629629629
0.07936507936507936,0.050025523226135786,2,3GQ5_A,0.15,1.8165416679982251,0.25,0.0,0.15,0.4,5.0994168412392895,5,0.45
0.18518518518518517,0.13258426966292136,2,3GX4_X,0.15,1.5992300428420356,0.4,0.05,0.45,0.15,3.9746137149276994,3,0.85
0.14814814814814814,0.0871559633027523,2,3GXQ_B,0.0,1.280723921403994,0.25,0.125,0.25,0.375,4.229043862646437,3,0.625
0.0730593607305936,0.06495726495726496,2,3GZ6_A,0.0,2.3419373288783945,0.125,0.0625,0.25,0.4375,4.693982929906916,3,0.4375
0.06989247311827956,0.029285714285714286,2,3H40_A,0.038461538461538464,1.2266903935575604,0.15384615384615385,0.23076923076923078,0.3076923076923077,0.23076923076923078,4.918710270286356,7,0.2692307692307692
0.06702412868632708,0.03241719520789288,2,3H4D_A,0.04,1.1563706214046658,0.16,0.2,0.32,0.24,4.977840493686245,7,0.28
0.10679611650485436,0.05333333333333334,2,3H8O_A,0.18181818181818182,1.4651978501740455,0.36363636363636365,0.0,0.18181818181818182,0.4090909090909091,4.504780478857734,3,0.45454545454545453
0.16071428571428573,0.05371900826446281,2,3HDD_B,0.1111111111111111,1.6784793914548677,0.1111111111111111,0.0,0.4444444444444444,0.4444444444444444,4.914631106549507,5,0.4444444444444444
0.05413533834586466,0.024835796387520526,1,3HJF_A,0.1388888888888889,1.6008970489549148,0.3611111111111111,0.027777777777777776,0.2777777777777778,0.2777777777777778,5.854565780645389,7,0.6111111111111112
0.06156156156156156,0.026117118955315242,1,3HK2_B,0.0975609756097561,1.5181253399497356,0.2926829268292683,0.024390243902439025,0.2926829268292683,0.3902439024390244,5.606662407047832,7,0.5365853658536586
0.16272189349112426,0.10524450744153083,6,3HOT_A,0.10909090909090909,3.2065657792539874,0.21818181818181817,0.07272727272727272,0.23636363636363636,0.34545454545454546,8.23603482273416,10,0.36363636363636365
0.12716763005780346,0.09970014992503748,2,3HQF_A,0.09090909090909091,1.3746735730655073,0.22727272727272727,0.045454545454545456,0.4090909090909091,0.36363636363636365,3.8645813429354097,3,0.8636363636363636
0.11261261261261261,0.14451827242524917,4,3HQG_A,0.08,1.6702430999676283,0.12,0.08,0.4,0.36,4.0153003216215675,4,0.72
0.08290155440414508,0.03659061558329746,2,3HT3_A,0.10416666666666667,1.0995136145699898,0.25,0.041666666666666664,0.5208333333333334,0.1875,4.451106178845078,2,0.9791666666666666
0.13149847094801223,0.08422725466825585,3,3HW8_A,0.11627906976744186,1.4688192937047488,0.27906976744186046,0.046511627906976744,0.23255813953488372,0.37209302325581395,4.963190929172876,6,0.32558139534883723
0.09393939393939393,0.05933890880127439,3,3HX0_A,0.16129032258064516,1.4139727620240667,0.3870967741935484,0.06451612903225806,0.1935483870967742,0.2903225806451613,5.2053142048128045,4,0.3870967741935484
0.0845771144278607,0.09765142150803462,1,3HXQ_A,0.11764705882352941,1.8410140221298734,0.23529411764705882,0.058823529411764705,0.29411764705882354,0.35294117647058826,3.9934947620229084,2,0.9411764705882353
0.10689655172413794,0.06658343736995423,2,3I0W_A,0.16129032258064516,1.372035310683244,0.3548387096774194,0.03225806451612903,0.2903225806451613,0.16129032258064516,3.393787041357941,2,0.967741935483871
0.10996563573883161,0.06288787753413322,2,3I0X_A,0.15625,1.3742619488531844,0.34375,0.03125,0.3125,0.15625,3.4289847294864693,2,0.96875
0.065,0.03900255754475703,1,3I3M_A,0.23076923076923078,1.3860262307678768,0.46153846153846156,0.0,0.38461538461538464,0.15384615384615385,3.876279323698471,4,0.6153846153846154
0.14393939393939395,0.0675422138836773,2,3I8D_A,0.05263157894736842,1.0826342180712936,0.10526315789473684,0.05263157894736842,0.631578947368421,0.10526315789473684,3.612617211261716,1,1.0
0.03317535545023697,0.024448419797257006,2,3IAG_C,0.14285714285714285,1.3026822051976423,0.14285714285714285,0.0,0.42857142857142855,0.5,4.325737202536298,2,0.6428571428571429
0.059887005649717516,0.03263670197537933,2,3IAY_A,0.1320754716981132,1.4776705751567343,0.3018867924528302,0.05660377358490566,0.41509433962264153,0.22641509433962265,4.649023540394467,5,0.5283018867924528
0.10223642172523961,0.06909937888198758,3,3IGC_A,0.1875,1.1168627212859839,0.28125,0.03125,0.3125,0.5,4.360002026952928,5,0.46875
0.050761421319796954,0.029411764705882353,2,3IGK_A,0.0,3.1193766006195753,0.2,0.0,0.4,0.4,4.654851466707818,2,0.9
0.0926517571884984,0.05535499398315283,2,3IH7_A,0.10344827586206896,1.2559427203502929,0.3103448275862069,0.034482758620689655,0.3448275862068966,0.13793103448275862,3.894837241582606,2,0.896551724137931
0.09223300970873786,0.06190777005685408,2,3IKT_B,0.21052631578947367,2.0236616709398816,0.3157894736842105,0.0,0.42105263157894735,0.21052631578947367,3.5312731594327342,2,0.8421052631578947
0.024844720496894408,0.007612179487179487,2,3IYD_A,0.0,1.5783112083645465,0.125,0.0,0.375,0.375,3.1519834770892676,1,1.0
0.015350877192982455,0.011597209126909296,2,3IYD_D,0.047619047619047616,1.4609367511585207,0.23809523809523808,0.14285714285714285,0.19047619047619047,0.38095238095238093,7.030484462479527,10,0.2857142857142857
0.21875,0.10071942446043165,2,3J9X_1,0.25,1.6748782653129426,0.42857142857142855,0.0,0.25,0.2857142857142857,5.781936775719182,4,0.6071428571428571
0.10305343511450382,0.06965648854961833,4,3JCA_A,0.037037037037037035,2.2040903298880963,0.18518518518518517,0.037037037037037035,0.2222222222222222,0.4074074074074074,5.497289609032102,5,0.6296296296296297
0.08163265306122448,0.017811704834605598,2,3JCA_C,0.5,2.4230720093594105,0.5,0.0,0.25,0.5,4.311117782479079,3,0.5
0.1282051282051282,0.08852459016393442,2,3JR5_A,0.11428571428571428,1.5924886781717373,0.2857142857142857,0.05714285714285714,0.3142857142857143,0.3142857142857143,4.140856257601507,4,0.7142857142857143
0.0776173285198556,0.039263531499556345,2,3JSM_A,0.13953488372093023,2.043591846719337,0.32558139534883723,0.06976744186046512,0.27906976744186046,0.23255813953488372,6.647202987998206,12,0.3953488372093023
0.10309278350515463,0.0651443922095366,2,3JSP_A,0.05,1.521893308853529,0.2,0.1,0.35,0.3,3.6092756458576156,1,1.0
0.2,0.11246943765281174,2,3JTG_A,0.2631578947368421,1.2946849829722749,0.47368421052631576,0.0,0.3157894736842105,0.42105263157894735,3.718712392958724,1,1.0
0.07327586206896551,0.044989775051124746,2,3JX7_A,0.29411764705882354,1.6755120956349276,0.29411764705882354,0.0,0.17647058823529413,0.47058823529411764,5.560976277010617,4,0.5294117647058824
0.26865671641791045,0.13575525812619502,2,3JXB_C,0.05555555555555555,1.311171316635224,0.2222222222222222,0.05555555555555555,0.4444444444444444,0.2222222222222222,2.9587923971815835,1,1.0
0.07555555555555556,0.03222398309561542,2,3JXZ_A,0.23529411764705882,1.8358130093219258,0.23529411764705882,0.058823529411764705,0.17647058823529413,0.5294117647058824,5.585311874631496,5,0.47058823529411764
0.0752212389380531,0.034957627118644065,2,3JY1_A,0.23529411764705882,1.8273170903053009,0.23529411764705882,0.058823529411764705,0.17647058823529413,0.5294117647058824,5.541657756365305,5,0.47058823529411764
0.03811944091486658,0.02273460174137375,2,3K0S_A,0.06666666666666667,1.6814143146542848,0.3333333333333333,0.06666666666666667,0.26666666666666666,0.16666666666666666,5.114212127490864,5,0.7333333333333333
0.0158311345646438,0.005549016310744914,2,3K4X_A,0.0,2.212857040514838,0.0,0.0,0.5833333333333334,0.4166666666666667,6.830786342334656,5,0.4166666666666667
0.054987212276214836,0.03026958852278102,2,3K57_A,0.11627906976744186,1.3674524291373842,0.27906976744186046,0.046511627906976744,0.20930232558139536,0.3953488372093023,5.308316291703335,4,0.627906976744186
0.05414364640883978,0.028865699959344085,2,3KD1_E,0.14285714285714285,1.1277143133578167,0.2653061224489796,0.061224489795918366,0.3877551020408163,0.24489795918367346,4.98936404995255,9,0.32653061224489793
0.2,0.1657848324514991,2,3KDE_C,0.13333333333333333,1.8180764241745437,0.3333333333333333,0.0,0.2,0.5333333333333333,4.464012333256811,3,0.5333333333333333
0.09268292682926829,0.05579665220086795,2,3KET_A,0.10526315789473684,1.8373092757439884,0.2631578947368421,0.10526315789473684,0.21052631578947367,0.2631578947368421,3.537291772619818,2,0.8421052631578947
0.07246376811594203,0.03446153846153846,1,3KHC_B,0.2,1.1122136883228557,0.4,0.0,0.26666666666666666,0.26666666666666666,4.113490005660207,3,0.6666666666666666
0.08532423208191127,0.1053763440860215,1,3KJP_A,0.28,1.390455472330506,0.32,0.08,0.52,0.2,4.1405684696673,1,1.0
0.004830917874396135,0.001759014951627089,2,3KK2_B,0.0,,0.0,0.0,0.0,1.0,6.326941961826877,2,0.5
0.06785714285714285,0.03793859649122807,2,3KLE_A,0.10526315789473684,2.2004175985352523,0.3684210526315789,0.05263157894736842,0.23684210526315788,0.23684210526315788,7.068239455385652,11,0.18421052631578946
0.004705882352941176,0.0014442518775274408,2,3KLE_B,0.0,,0.0,0.0,0.0,1.0,6.62034466546553,2,0.5
0.07956600361663653,0.03511891531451434,2,3KLF_A,0.11363636363636363,2.0863278159005474,0.29545454545454547,0.06818181818181818,0.22727272727272727,0.29545454545454547,6.7285055146775505,10,0.25
0.08064516129032258,0.033443344334433446,2,3KLH_A,0.1111111111111111,2.5239850395385695,0.3111111111111111,0.1111111111111111,0.26666666666666666,0.2222222222222222,6.7254391275100645,9,0.26666666666666666
0.07258064516129033,0.029791459781529295,2,3KMP_A,0.0,1.3281044524676524,0.3333333333333333,0.0,0.3333333333333333,0.3333333333333333,3.635317229090664,2,0.8888888888888888
0.2028985507246377,0.12036508841985168,6,3KNT_A,0.11904761904761904,1.5554652375042954,0.2857142857142857,0.14285714285714285,0.21428571428571427,0.35714285714285715,4.131693723982673,5,0.7142857142857143
0.13664596273291926,0.06216006216006216,2,3KO2_A,0.13636363636363635,1.6945516427680598,0.18181818181818182,0.09090909090909091,0.36363636363636365,0.36363636363636365,5.177234205771072,4,0.5909090909090909
0.05733944954128441,0.03419847328244275,1,3KQH_A,0.12,1.8674310050801342,0.28,0.0,0.52,0.16,4.501557955992429,3,0.52
0.029748283752860413,0.020731707317073172,1,3KQN_A,0.15384615384615385,1.0559296623026702,0.3076923076923077,0.07692307692307693,0.38461538461538464,0.15384615384615385,3.530477423382595,3,0.8461538461538461
0.09554140127388536,0.05150905432595573,2,3KTU_A,0.1,1.314405364301373,0.3333333333333333,0.03333333333333333,0.36666666666666664,0.16666666666666666,3.8797204744433245,3,0.8666666666666667
0.23469387755102042,0.12004950495049505,2,3KWQ_A,0.08695652173913043,2.840582433419703,0.30434782608695654,0.043478260869565216,0.21739130434782608,0.391304347826087,6.716033748299903,4,0.34782608695652173
0.19642857142857142,0.18202247191011237,2,3KXT_A,0.18181818181818182,2.687821766634453,0.36363636363636365,0.0,0.09090909090909091,0.5454545454545454,4.380997578340422,2,0.6363636363636364
0.16326530612244897,0.10531309297912714,2,3L1P_A,0.08333333333333333,2.1610933358652487,0.20833333333333334,0.0,0.5416666666666666,0.25,4.9651565924351,5,0.4583333333333333
0.10467289719626169,0.060072376357056693,3,3L2P_A,0.08928571428571429,1.1694971539288417,0.17857142857142858,0.07142857142857142,0.35714285714285715,0.3392857142857143,4.889187847542653,9,0.35714285714285715
0.042081949058693245,0.019807353140686473,2,3LDS_A,0.15789473684210525,1.3542004986798126,0.2631578947368421,0.05263157894736842,0.42105263157894735,0.23684210526315788,5.020277727755894,5,0.7105263157894737
0.27586206896551724,0.14677103718199608,2,3LNQ_A,0.25,2.21145617049775,0.3125,0.0,0.4375,0.375,3.894400965282275,3,0.5625
0.22033898305084745,0.16846652267818574,2,3LWH_A,0.15384615384615385,2.7616053145867214,0.5384615384615384,0.0,0.07692307692307693,0.38461538461538464,3.8800043032213662,1,1.0
0.20422535211267606,0.1515426497277677,3,3M7K_A,0.1724137931034483,1.6552268705181943,0.27586206896551724,0.034482758620689655,0.5172413793103449,0.20689655172413793,3.9666345846511013,3,0.7586206896551724
0.23529411764705882,0.10167464114832536,2,3M9E_E,0.08333333333333333,2.4507569774945006,0.25,0.041666666666666664,0.25,0.5,4.763279527604938,2,0.8333333333333334
0.14461538461538462,0.09731012658227849,3,3MDA_A,0.1276595744680851,1.471359820725384,0.2765957446808511,0.0851063829787234,0.2553191489361702,0.2765957446808511,4.52778798170251,4,0.5319148936170213
0.19254658385093168,0.12859304084720122,2,3MIP_A,0.12903225806451613,1.8954398479905663,0.22580645161290322,0.0967741935483871,0.3225806451612903,0.3870967741935484,4.697092168706555,2,0.9032258064516129
0.16770186335403728,0.11094224924012158,2,3MIS_A,0.1111111111111111,1.9877718793018242,0.18518518518518517,0.1111111111111111,0.37037037037037035,0.37037037037037035,5.061831800810673,2,0.9259259259259259
0.14285714285714285,0.11614401858304298,2,3MKZ_A,0.0,1.8468960004599937,0.25,0.0,0.3125,0.375,3.7732486022616034,3,0.875
0.13145539906103287,0.08128654970760234,2,3MLN_B,0.07142857142857142,2.782718036400504,0.17857142857142858,0.0,0.5,0.21428571428571427,4.647583843482068,2,0.9642857142857143
0.15492957746478872,0.09897610921501707,2,3MU6_A,0.0,1.6119977603569067,0.09090909090909091,0.0,0.0,0.7272727272727273,4.60228153464619,3,0.45454545454545453
0.1419753086419753,0.07260852862082212,2,3MVA_O,0.08695652173913043,2.5282721070386955,0.17391304347826086,0.08695652173913043,0.30434782608695654,0.43478260869565216,5.932398827854193,6,0.41304347826086957
0.14814814814814814,0.07727975270479134,2,3MVB_O,0.0625,2.5069648745913113,0.1875,0.0625,0.2708333333333333,0.4166666666666667,5.776497558659262,5,0.5208333333333334
0.01015228426395939,0.0020768431983385254,2,3MVD_L,0.0,1.4619171334155212,0.25,0.0,0.25,0.5,4.665701209357864,2,0.75
0.13145539906103287,0.07155635062611806,2,3MX4_A,0.14285714285714285,1.4030770671612156,0.32142857142857145,0.03571428571428571,0.21428571428571427,0.25,4.012728948112769,2,0.9642857142857143
0.0821917808219178,0.047225501770956316,1,3MXI_A,0.1111111111111111,1.7729564656108208,0.4444444444444444,0.05555555555555555,0.3888888888888889,0.16666666666666666,3.781710315461359,2,0.5
0.084070796460177,0.0430045871559633,1,3MXM_A,0.10526315789473684,1.7524659335235848,0.47368421052631576,0.05263157894736842,0.3684210526315789,0.15789473684210525,3.6329428765400347,2,0.5263157894736842
0.057777777777777775,0.028621495327102803,2,3MZH_A,0.0,1.331618014953562,0.23076923076923078,0.15384615384615385,0.38461538461538464,0.15384615384615385,3.03970452878191,1,1.0
0.14906832298136646,0.08688783570300158,2,3N1I_A,0.2916666666666667,1.6420151560165344,0.5416666666666666,0.041666666666666664,0.16666666666666666,0.20833333333333334,5.426844729764712,5,0.4583333333333333
0.11627906976744186,0.061283345349675555,4,3N6S_A,0.075,3.0419272958640957,0.1,0.05,0.325,0.475,7.7125942771582325,10,0.325
0.040268456375838924,0.018734388009991675,2,3N7Q_A,0.08333333333333333,1.61138178993199,0.08333333333333333,0.08333333333333333,0.3333333333333333,0.5,5.0225034438512335,3,0.6666666666666666
0.0425531914893617,0.03365098272781417,2,3NBN_A,0.1111111111111111,1.296715508267096,0.1111111111111111,0.05555555555555555,0.3333333333333333,0.5555555555555556,4.983433811694227,6,0.3333333333333333
0.04983388704318937,0.02725793327908869,2,3NCI_A,0.13333333333333333,1.1168272554462355,0.28888888888888886,0.08888888888888889,0.3333333333333333,0.2,4.956194570708924,7,0.35555555555555557
0.11214953271028037,0.08027133973996609,2,3NDH_A,0.041666666666666664,1.0840676331020744,0.25,0.125,0.25,0.2916666666666667,3.9419715059400877,3,0.5
0.04983388704318937,0.026748133061778683,2,3NE6_A,0.13333333333333333,1.0767666574850512,0.3111111111111111,0.08888888888888889,0.3333333333333333,0.17777777777777778,4.952518742558368,6,0.37777777777777777
0.04540420819490587,0.026605130989547983,2,3NGI_A,0.12195121951219512,1.065917738810329,0.2926829268292683,0.07317073170731707,0.34146341463414637,0.24390243902439024,5.131600513600527,6,0.3902439024390244
0.1506849315068493,0.037606837606837605,3,3NM9_A,0.18181818181818182,1.7852474852367999,0.36363636363636365,0.0,0.2727272727272727,0.45454545454545453,4.711938300227835,3,0.6363636363636364
0.09405940594059406,0.06392405063291139,2,3O1T_A,0.15789473684210525,1.2622962969604778,0.42105263157894735,0.0,0.3157894736842105,0.2631578947368421,4.087264006120775,4,0.47368421052631576
0.036036036036036036,0.020930232558139535,1,3O3F_A,0.25,1.7712024925582033,0.5,0.125,0.125,0.0,3.8489927842391443,4,0.375
0.036036036036036036,0.018648018648018648,1,3O3G_A,0.25,2.316114804117178,0.375,0.125,0.125,0.125,4.460027852526539,4,0.375
0.12878787878787878,0.05744888023369036,2,3O9X_A,0.11764705882352941,1.664544314129868,0.23529411764705882,0.0,0.35294117647058826,0.23529411764705882,3.6017698791605874,2,0.8823529411764706
0.09,0.039897039897039896,2,3ODC_B,0.1111111111111111,1.84168744425811,0.3333333333333333,0.0,0.3333333333333333,0.3333333333333333,4.064750305679136,2,0.7777777777777778
0.12371134020618557,0.06839309428950863,2,3ODH_A,0.0,1.3370579508480662,0.08333333333333333,0.125,0.20833333333333334,0.4166666666666667,3.949343446993058,5,0.7916666666666666
0.041666666666666664,0.021257750221434897,2,3OGD_A,0.25,1.5226002089989235,0.3333333333333333,0.08333333333333333,0.25,0.08333333333333333,3.9028731683327686,2,0.9166666666666666
0.04294478527607362,0.021439509954058193,2,3OGU_A,0.0,2.4146102327667314,0.14285714285714285,0.0,0.2857142857142857,0.2857142857142857,4.579297691067927,2,0.5714285714285714
0.04513888888888889,0.015084294587400177,2,3OH9_A,0.07692307692307693,1.784212771146345,0.23076923076923078,0.07692307692307693,0.23076923076923078,0.15384615384615385,4.115197648048642,2,0.9230769230769231
0.06201550387596899,0.02981029810298103,2,3OHA_A,0.0625,1.1839039862869247,0.3125,0.03125,0.21875,0.3125,4.904807925887967,8,0.46875
0.04132231404958678,0.024514811031664963,2,3ON0_A,0.2,2.924943965496129,0.4,0.0,0.8,0.0,4.0664803479250455,2,0.6
0.17040358744394618,0.10140237324703344,2,3OOL_A,0.15789473684210525,2.175726357261919,0.21052631578947367,0.10526315789473684,0.39473684210526316,0.2894736842105263,5.293597542799548,6,0.5526315789473685
0.18385650224215247,0.09682625067240452,2,3OOR_A,0.14634146341463414,2.1584109136552367,0.21951219512195122,0.12195121951219512,0.36585365853658536,0.2926829268292683,5.269169969309015,5,0.5365853658536586
0.06325301204819277,0.03683598293912369,2,3OQM_A,0.047619047619047616,1.5762771430424691,0.38095238095238093,0.0,0.42857142857142855,0.19047619047619047,3.8881411612675634,1,1.0
0.06606606606606606,0.03521671826625387,2,3OQO_A,0.045454545454545456,1.5593408464922125,0.4090909090909091,0.0,0.4090909090909091,0.18181818181818182,3.765212298395217,1,1.0
0.12307692307692308,0.05788423153692615,2,3ORC_A,0.125,1.379821247545608,0.375,0.0,0.375,0.25,4.037602704769564,3,0.75
0.06753246753246753,0.03167722574191397,2,3OSN_A,0.0,1.2459558668473543,0.15384615384615385,0.19230769230769232,0.3076923076923077,0.23076923076923078,4.878257293005206,6,0.5
0.1331521739130435,0.06555138272447934,4,3OYJ_A,0.04081632653061224,2.917561059785571,0.10204081632653061,0.08163265306122448,0.3673469387755102,0.3673469387755102,6.476251647348454,6,0.5306122448979592
0.13858695652173914,0.07867847411444141,4,3OYM_A,0.0392156862745098,2.987542475411776,0.13725490196078433,0.0784313725490196,0.3137254901960784,0.37254901960784315,6.282601710556922,7,0.35294117647058826
0.1111111111111111,0.08075370121130551,2,3P57_A,0.0,3.1994585313592467,0.1,0.0,0.0,0.7,4.429788599908854,2,0.5
0.02033492822966507,0.010476935105551212,2,3PIH_A,0.058823529411764705,1.2314733684816406,0.11764705882352941,0.0,0.4117647058823529,0.4117647058823529,4.750916526765008,3,0.8235294117647058
0.05226480836236934,0.03778801843317972,2,3PKY_A,0.13333333333333333,2.560683022697863,0.2,0.06666666666666667,0.3333333333333333,0.3333333333333333,4.793861304266805,3,0.8666666666666667
0.07716049382716049,0.05856573705179283,3,3PML_B,0.2,1.6022730749034122,0.36,0.0,0.2,0.32,5.444931861250629,5,0.44
0.03146067415730337,0.012676462114664363,2,3POV_A,0.14285714285714285,1.6335018831342416,0.14285714285714285,0.07142857142857142,0.21428571428571427,0.6428571428571429,5.127257713075769,6,0.2857142857142857
0.10557184750733138,0.050054804530507854,2,3PR5_B,0.027777777777777776,1.2737151977197605,0.2777777777777778,0.05555555555555555,0.16666666666666666,0.3055555555555556,4.797951827369862,6,0.3888888888888889
0.015300546448087432,0.010582010582010581,2,3PT6_B,0.0,2.5842815807700434,0.14285714285714285,0.0,0.21428571428571427,0.5714285714285714,6.805103770067524,4,0.42857142857142855
0.015486725663716814,0.008349568605622042,2,3PTA_A,0.07142857142857142,2.2957199344308976,0.2857142857142857,0.0,0.21428571428571427,0.5,5.6437801535540695,3,0.5
0.1346153846153846,0.049689440993788817,2,3PVI_A,0.047619047619047616,1.5759019731353163,0.09523809523809523,0.09523809523809523,0.42857142857142855,0.3333333333333333,3.8288185212846133,3,0.7619047619047619
0.19791666666666666,0.12121212121212122,2,3PVV_A,0.05263157894736842,1.7423158856501633,0.15789473684210525,0.05263157894736842,0.3157894736842105,0.3684210526315789,3.539150842068698,3,0.6842105263157895
0.10495626822157435,0.06403762662807526,2,3PW7_A,0.05555555555555555,1.3104693142754529,0.2777777777777778,0.027777777777777776,0.19444444444444445,0.3055555555555556,4.822389193663075,5,0.6388888888888888
0.08719851576994433,0.04831932773109244,2,3PY8_A,0.0425531914893617,1.2177112728346944,0.1702127659574468,0.02127659574468085,0.5319148936170213,0.2553191489361702,4.355878942714964,2,0.7446808510638298
0.03418803418803419,0.01610305958132045,2,3Q05_A,0.0,1.8035037398551468,0.25,0.0,0.25,0.5,4.083154541738379,3,0.625
0.03896103896103896,0.011363636363636364,2,3Q06_A,0.0,1.8394080468456842,0.2222222222222222,0.0,0.3333333333333333,0.4444444444444444,3.7560872934511997,1,1.0
0.028310502283105023,0.019280813815945114,1,3Q23_A,0.0967741935483871,2.044116650395676,0.3548387096774194,0.12903225806451613,0.12903225806451613,0.3548387096774194,5.765450986731367,10,0.25806451612903225
0.03287671232876712,0.021291696238467,1,3Q24_A,0.08333333333333333,2.160870218690276,0.3055555555555556,0.1111111111111111,0.1388888888888889,0.3333333333333333,5.572107688702264,9,0.3611111111111111
0.05434782608695652,0.02642369020501139,2,3Q3D_A,0.2,2.2454266735810595,0.4,0.0,0.4666666666666667,0.2,4.229639112934411,3,0.4666666666666667
0.14184397163120568,0.1054030115146147,2,3Q5F_A,0.0,2.741273622276305,0.2,0.1,0.3,0.35,4.337030149110683,3,0.8
0.057971014492753624,0.03,2,3Q5P_A,0.1875,2.22886776648652,0.375,0.0,0.4375,0.25,4.040268064207195,3,0.4375
0.10850439882697947,0.04979561501300632,3,3Q8K_A,0.10810810810810811,2.6900495503290682,0.24324324324324326,0.10810810810810811,0.2702702702702703,0.35135135135135137,6.076618209005302,6,0.6216216216216216
0.07462686567164178,0.0426341834792539,3,3Q8M_A,0.12,2.4210439211623767,0.28,0.04,0.32,0.32,6.620468698054905,5,0.52
0.04927536231884058,0.02250092216894135,2,3QE9_Y,0.11764705882352941,2.014796419608402,0.35294117647058826,0.0,0.11764705882352941,0.47058823529411764,6.127336506076238,7,0.4117647058823529
0.043478260869565216,0.020265291083271922,2,3QEB_Z,0.06666666666666667,1.6199684034194148,0.26666666666666666,0.26666666666666666,0.13333333333333333,0.26666666666666666,5.109506114103758,7,0.4
0.14285714285714285,0.09317904993909866,2,3QI5_B,0.13333333333333333,1.4626664901513453,0.4,0.0,0.3,0.26666666666666666,3.522319415536317,2,0.9333333333333333
0.04550499445061043,0.025449101796407185,2,3QNO_A,0.12195121951219512,1.080328138677207,0.2926829268292683,0.07317073170731707,0.2926829268292683,0.2682926829268293,5.1890032630311556,7,0.36585365853658536
0.17391304347826086,0.08433236874741629,2,3QQY_A,0.1346153846153846,2.804084865498644,0.2692307692307692,0.057692307692307696,0.3076923076923077,0.3076923076923077,5.73169326677801,7,0.7115384615384616
0.06097560975609756,0.014005602240896359,2,3QRF_F,0.4,3.922380135859282,0.6,0.0,0.8,0.0,4.584827136011253,2,0.6
0.05944055944055944,0.037544169611307424,2,3QRF_M,0.058823529411764705,1.4254635478505187,0.058823529411764705,0.058823529411764705,0.29411764705882354,0.5294117647058824,4.261033746999024,3,0.8823529411764706
0.07751937984496124,0.047388781431334626,2,3QSV_A,0.0,1.3338001199194103,0.3,0.0,0.2,0.5,4.198164388696157,3,0.8
0.025380710659898477,0.01499348109517601,2,3QYM_E,0.0,2.0913279739197668,0.2,0.0,0.2,0.6,4.062235891794274,4,0.4
0.022900763358778626,0.016585365853658537,1,3QYX_A,0.3333333333333333,2.982217133042659,0.3333333333333333,0.0,1.0,0.0,4.20141024422507,2,0.6666666666666666
0.093841642228739,0.04265402843601896,2,3QZ7_A,0.0,1.3416709844686863,0.1875,0.09375,0.1875,0.3125,4.891279363254862,7,0.34375
0.012539184952978056,0.011077158135981665,1,3R8F_A,0.0,1.3263370758296549,0.0,0.25,0.25,0.5,1.8325759089301403,1,1.0
0.13043478260869565,0.0919175911251981,2,3RA0_A,0.2857142857142857,1.7207176295568976,0.5238095238095238,0.09523809523809523,0.14285714285714285,0.2857142857142857,5.469625154552626,7,0.42857142857142855
0.01348747591522158,0.007253384912959381,2,3RA4_A,0.0,1.9590012720817291,0.14285714285714285,0.2857142857142857,0.0,0.14285714285714285,4.257375195088379,2,0.8571428571428571
0.03734439834024896,0.023336909871244635,2,3RAE_A,0.1111111111111111,1.9556238362690475,0.2777777777777778,0.0,0.3888888888888889,0.3333333333333333,5.012136148774772,3,0.8333333333333334
0.11730205278592376,0.05328467153284672,2,3RAX_A,0.025,1.1536610642595315,0.275,0.025,0.175,0.325,4.823801447372091,6,0.35
0.10429447852760736,0.05758157389635317,3,3RH6_A,0.058823529411764705,1.3786749355277528,0.23529411764705882,0.08823529411764706,0.2647058823529412,0.2647058823529412,5.008389679282205,4,0.29411764705882354
0.22413793103448276,0.10317460317460317,2,3RKQ_A,0.3076923076923077,1.5277998028491806,0.46153846153846156,0.0,0.38461538461538464,0.3076923076923077,3.5836283553952457,3,0.6923076923076923
0.05154639175257732,0.01675257731958763,2,3RN5_A,0.0,1.236755387181554,0.1,0.1,0.1,0.6,4.977358195553678,5,0.3
0.03980099502487562,0.014492753623188406,2,3RNU_B,0.0,1.3235427306888692,0.0,0.0,0.125,0.875,6.935846395831045,5,0.25
0.07352941176470588,0.057247259439707675,2,3RZG_A,0.13333333333333333,1.2615539837274237,0.2,0.0,0.2,0.6,4.753255804795543,4,0.4666666666666667
0.10344827586206896,0.08190709046454768,2,3RZJ_A,0.19047619047619047,1.553497059817587,0.38095238095238093,0.09523809523809523,0.19047619047619047,0.38095238095238093,4.192623147463914,3,0.8095238095238095
0.135678391959799,0.07754846779237023,2,3RZL_D,0.14814814814814814,1.3591049484645643,0.2962962962962963,0.07407407407407407,0.18518518518518517,0.4444444444444444,3.953884893989127,4,0.5185185185185185
0.115,0.08550185873605948,2,3RZM_A,0.17391304347826086,1.4185104444874748,0.30434782608695654,0.043478260869565216,0.17391304347826086,0.4782608695652174,4.320036640888899,4,0.5652173913043478
0.14402173913043478,0.07406143344709898,4,3S3N_A,0.018867924528301886,2.726849549111207,0.11320754716981132,0.07547169811320754,0.3584905660377358,0.37735849056603776,6.221680312096699,7,0.5283018867924528
0.06372549019607843,0.05745721271393643,2,3S5A_A,0.15384615384615385,1.18428595096402,0.23076923076923078,0.0,0.23076923076923078,0.5384615384615384,5.1158000507235295,6,0.3076923076923077
0.08695652173913043,0.060398505603985055,2,3S6I_D,0.05555555555555555,1.138285316122828,0.3333333333333333,0.05555555555555555,0.2777777777777778,0.16666666666666666,3.7195736412129237,3,0.7777777777777778
0.2077922077922078,0.13853503184713375,2,3S8Q_B,0.0625,1.3588740688865797,0.1875,0.0625,0.5625,0.25,3.3616162201008386,2,0.6875
0.047619047619047616,0.025536538983971745,2,3S9H_A,0.11627906976744186,1.0683982552187306,0.27906976744186046,0.09302325581395349,0.3023255813953488,0.23255813953488372,5.20232584097131,7,0.3488372093023256
0.09486166007905138,0.061318344404701075,2,3SAR_A,0.125,1.8580838084513018,0.2916666666666667,0.041666666666666664,0.20833333333333334,0.375,4.897385499874565,4,0.5
0.07114624505928854,0.0445468509984639,2,3SAS_A,0.16666666666666666,2.1371852094016934,0.2777777777777778,0.0,0.2777777777777778,0.3888888888888889,5.396274779329562,4,0.5
0.04540420819490587,0.025411061285500747,2,3SI6_A,0.12195121951219512,1.1039426934518435,0.24390243902439024,0.0975609756097561,0.3170731707317073,0.24390243902439024,5.131384179277935,7,0.4146341463414634
0.022123893805309734,0.008237232289950576,2,3SLP_A,0.0,2.5424386539716717,0.2,0.0,0.2,0.6,9.833160541547914,5,0.2
0.03056768558951965,0.017973856209150325,2,3SM4_C,0.0,1.4516492779553754,0.2857142857142857,0.14285714285714285,0.14285714285714285,0.2857142857142857,2.904194964215527,1,1.0
0.07,0.05954573357888275,2,3SPD_A,0.2857142857142857,1.5681011605567239,0.35714285714285715,0.0,0.2857142857142857,0.2857142857142857,4.4651216140651995,4,0.5
0.048834628190899,0.02561307901907357,2,3SPY_A,0.11363636363636363,1.0942891112461237,0.2727272727272727,0.09090909090909091,0.3181818181818182,0.22727272727272727,5.033915557361264,7,0.4090909090909091
0.048834628190899,0.027328348062542487,2,3SQ1_A,0.11363636363636363,1.045994505735706,0.2727272727272727,0.09090909090909091,0.3409090909090909,0.22727272727272727,4.977333025687716,7,0.36363636363636365
0.043237250554323724,0.02322422925438001,2,3SQ2_A,0.15384615384615385,1.4831299639045255,0.28205128205128205,0.02564102564102564,0.41025641025641024,0.23076923076923078,4.980465134651789,4,0.6410256410256411
0.042458100558659215,0.023848684210526317,2,3SUN_A,0.13157894736842105,1.3791086203345324,0.2631578947368421,0.05263157894736842,0.3684210526315789,0.2631578947368421,5.040158031863234,4,0.6842105263157895
0.04111111111111111,0.020444323292899004,2,3SUO_A,0.10810810810810811,1.2715034492049637,0.24324324324324326,0.02702702702702703,0.40540540540540543,0.2702702702702703,5.14742189864571,7,0.43243243243243246
0.04124860646599777,0.02298221614227086,2,3SUQ_A,0.10810810810810811,1.2403267249040755,0.24324324324324326,0.05405405405405406,0.40540540540540543,0.24324324324324326,4.938307480012539,5,0.4864864864864865
0.055,0.03529411764705882,2,3SZQ_A,0.2727272727272727,2.5661174144219565,0.36363636363636365,0.0,0.18181818181818182,0.45454545454545453,5.1244318528423625,3,0.36363636363636365
0.0392156862745098,0.0392156862745098,2,3T72_4,0.0,1.6465214721726422,0.25,0.25,0.25,0.0,6.340757456578172,3,0.5
0.028350515463917526,0.016896120150187734,2,3T79_A,0.18181818181818182,1.3859255899900589,0.2727272727272727,0.0,0.18181818181818182,0.45454545454545453,4.095041709974598,2,0.8181818181818182
0.03421633554083885,0.013236088600756347,2,3TAG_A,0.12903225806451613,1.3936940822598485,0.22580645161290322,0.03225806451612903,0.2903225806451613,0.3225806451612903,5.906001517261658,9,0.2903225806451613
0.0706896551724138,0.034808766652342074,2,3TAN_A,0.07317073170731707,1.402890581546721,0.21951219512195122,0.04878048780487805,0.5853658536585366,0.17073170731707318,4.522782619777703,3,0.7317073170731707
0.2268041237113402,0.1180428134556575,2,3TQ6_A,0.1590909090909091,2.2024978855799606,0.38636363636363635,0.022727272727272728,0.2727272727272727,0.36363636363636365,6.401647694304811,4,0.36363636363636365
0.004672897196261682,0.0011098779134295228,1,3TU4_K,0.0,,1.0,0.0,0.0,0.0,0.0,1,1.0
0.2631578947368421,0.1618320610687023,2,3U2B_C,0.15,1.6928325298684566,0.3,0.0,0.25,0.4,4.481392861704626,1,1.0
0.05357142857142857,0.034028073160357296,2,3U3W_A,0.06666666666666667,1.650705017863001,0.2,0.06666666666666667,0.5333333333333333,0.2,3.1662071020895244,1,1.0
0.007011393514460999,0.003887269193391642,1,3U44_B,0.0,2.1966384314312757,0.0,0.125,0.25,0.625,5.369591189193317,4,0.625
0.016042780748663103,0.010200723922342876,1,3U4Q_A,0.16666666666666666,1.5577347740938183,0.2777777777777778,0.16666666666666666,0.3333333333333333,0.2222222222222222,4.326811189526069,3,0.3888888888888889
0.046948356807511735,0.04718590108015918,1,3U58_A,0.4,1.4857650232201585,0.4,0.1,0.3,0.3,3.199659152763911,1,1.0
0.04838709677419355,0.05174731182795699,1,3U5Z_A,0.5555555555555556,1.5778928496098306,0.6666666666666666,0.0,0.2222222222222222,0.1111111111111111,3.8212448734703797,2,0.5555555555555556
0.06451612903225806,0.0625,2,3U60_A,0.4166666666666667,1.504742218254985,0.5,0.0,0.16666666666666666,0.3333333333333333,4.264966419503216,3,0.5
0.08333333333333333,0.052923387096774195,2,3U6P_A,0.14285714285714285,1.6865089241820772,0.2857142857142857,0.047619047619047616,0.19047619047619047,0.38095238095238093,4.909377712338055,5,0.42857142857142855
0.036585365853658534,0.023014959723820484,2,3UBT_A,0.08333333333333333,1.377672623396631,0.16666666666666666,0.0,0.5,0.3333333333333333,3.657839682994395,1,1.0
0.22413793103448276,0.16773504273504272,1,3ULP_C,0.15384615384615385,1.4998801969084274,0.38461538461538464,0.038461538461538464,0.2692307692307692,0.3076923076923077,4.966721264564428,5,0.38461538461538464
0.13812154696132597,0.08795013850415513,2,3UO7_A,0.04,1.1388730713516184,0.24,0.0,0.36,0.2,3.4473490226712653,2,0.96
0.143646408839779,0.09882515549412578,2,3UOB_A,0.07692307692307693,1.1607616207154074,0.2692307692307692,0.0,0.38461538461538464,0.19230769230769232,3.473408731867088,2,0.9615384615384616
0.1843137254901961,0.10473457675753228,2,3UVF_A,0.1276595744680851,2.286326967965307,0.2765957446808511,0.10638297872340426,0.3404255319148936,0.3617021276595745,5.258017568911991,5,0.8297872340425532
0.06769230769230769,0.02791586998087954,2,3UXP_A,0.045454545454545456,1.3918913835550402,0.22727272727272727,0.09090909090909091,0.2727272727272727,0.2727272727272727,5.146542849649431,4,0.36363636363636365
0.09655172413793103,0.05572096980008507,2,3V1Z_A,0.0,1.2343534718297668,0.14285714285714285,0.10714285714285714,0.32142857142857145,0.2857142857142857,3.983257238289284,2,0.9642857142857143
0.10495626822157435,0.05249818971759594,2,3V6H_A,0.027777777777777776,1.3142540298605299,0.2777777777777778,0.027777777777777776,0.19444444444444445,0.3055555555555556,4.742139844480546,4,0.6111111111111112
0.10818713450292397,0.04287284719677537,2,3V6K_A,0.02702702702702703,1.1747480116324012,0.21621621621621623,0.02702702702702703,0.16216216216216217,0.3783783783783784,4.876675871874223,5,0.7297297297297297
0.08961303462321792,0.031047135196161445,2,3V6T_A,0.0,1.4095166608123926,0.0,0.11363636363636363,0.29545454545454547,0.3181818181818182,5.005699820229729,1,1.0
0.045871559633027525,0.017090770983668818,2,3V72_A,0.13333333333333333,1.73658795115123,0.2,0.13333333333333333,0.4,0.2,5.079785061497726,4,0.5333333333333333
0.06422018348623854,0.030003797949107482,2,3V7J_A,0.047619047619047616,1.3550894368080346,0.19047619047619047,0.14285714285714285,0.2857142857142857,0.23809523809523808,5.200024078116924,3,0.42857142857142855
0.06060606060606061,0.02838758516275549,2,3V7K_A,0.05,1.113754124742149,0.2,0.15,0.2,0.3,5.438890588019481,5,0.45
0.08962264150943396,0.07050889025137952,2,3V9X_B,0.2631578947368421,2.1772278739156707,0.47368421052631576,0.10526315789473684,0.15789473684210525,0.21052631578947367,5.034488392485697,3,0.42105263157894735
0.06896551724137931,0.08041697691734921,1,3VAJ_A,0.25,1.8655654115479317,0.25,0.08333333333333333,0.16666666666666666,0.5,3.355753094557036,1,1.0
0.14,0.0782122905027933,2,3VEB_B,0.14285714285714285,1.4064192983428123,0.23809523809523808,0.047619047619047616,0.2857142857142857,0.5238095238095238,4.605718388362848,6,0.6190476190476191
0.046583850931677016,0.03424657534246575,2,3VH0_A,0.2,1.2915568014811316,0.3333333333333333,0.0,0.26666666666666666,0.4666666666666667,4.880663517569119,6,0.26666666666666666
0.08680555555555555,0.06926406926406926,2,3VK8_A,0.24,1.1671350385978145,0.32,0.04,0.44,0.2,3.885140469607414,1,1.0
0.21052631578947367,0.12717770034843207,1,3VKE_A,0.0,1.2872434636478338,0.125,0.125,0.1875,0.3125,3.671176886882178,1,1.0
0.05113636363636364,0.030900723208415515,2,3VOK_A,0.1111111111111111,1.8073196915226435,0.3333333333333333,0.0,0.2222222222222222,0.3333333333333333,3.172992554776207,1,1.0
0.032407407407407406,0.0367601246105919,1,3VW3_H,0.42857142857142855,2.653893414063845,0.42857142857142855,0.0,0.5714285714285714,0.2857142857142857,3.670426076840311,2,0.8571428571428571
0.06046511627906977,0.0508578431372549,2,3VW3_L,0.15384615384615385,1.0569793623384254,0.23076923076923078,0.0,0.6153846153846154,0.15384615384615385,3.036968106667341,1,1.0
0.3770491803278688,0.33702213279678067,2,3VW4_A,0.13043478260869565,4.3714135302474215,0.34782608695652173,0.0,0.30434782608695654,0.32608695652173914,6.558717126072501,2,0.8260869565217391
0.2153846153846154,0.12761904761904763,2,3VXV_A,0.07142857142857142,2.6608625001770294,0.14285714285714285,0.07142857142857142,0.35714285714285715,0.42857142857142855,4.379089399772875,1,1.0
0.11981566820276497,0.08961996596710153,2,3WAZ_B,0.07692307692307693,2.0473390750629257,0.2692307692307692,0.038461538461538464,0.46153846153846156,0.2692307692307692,4.223000110250708,1,1.0
0.08755760368663594,0.051149425287356325,2,3WGI_A,0.15789473684210525,1.7874990743435686,0.15789473684210525,0.0,0.631578947368421,0.10526315789473684,3.3910175679772334,3,0.8947368421052632
0.034574468085106384,0.015614392396469789,1,3WPD_A,0.15384615384615385,1.587349182531651,0.3076923076923077,0.11538461538461539,0.34615384615384615,0.34615384615384615,4.529977942845566,3,0.8461538461538461
0.038461538461538464,0.018621649843369302,1,3WPG_A,0.25,1.3735357935219814,0.35714285714285715,0.10714285714285714,0.4642857142857143,0.21428571428571427,4.47879384253106,4,0.6428571428571429
0.0975609756097561,0.08403361344537816,2,3WU1_A,0.0,1.2093404062225652,0.08333333333333333,0.08333333333333333,0.08333333333333333,0.6666666666666666,3.7471649537120015,2,0.9166666666666666
0.1619047619047619,0.09615384615384616,2,3WU1_B,0.35294117647058826,1.1936506432393428,0.47058823529411764,0.0,0.35294117647058826,0.4117647058823529,3.9074693698171425,2,0.8823529411764706
0.009404388714733543,0.0040683482506102524,1,3X1L_B,0.0,2.766374652855997,0.3333333333333333,0.6666666666666666,0.0,0.0,1.942353238080145,1,1.0
0.027190332326283987,0.02059308072487644,1,3X1L_D,0.1111111111111111,2.9998026750940667,0.4444444444444444,0.1111111111111111,0.1111111111111111,0.2222222222222222,7.080833595859062,2,0.8888888888888888
0.03289473684210526,0.01713796058269066,1,3X1L_G,0.0,2.60085964729638,0.0,0.2,0.2,0.6,4.708182710066071,3,0.6
0.024291497975708502,0.01671018276762402,1,3ZDA_A,0.0,2.639115307558846,0.16666666666666666,0.0,0.16666666666666666,0.16666666666666666,2.903807498398091,1,1.0
0.05714285714285714,0.05630252100840336,1,3ZH2_C,0.1111111111111111,1.1214805276593307,0.4444444444444444,0.1111111111111111,0.16666666666666666,0.2222222222222222,4.686408624797798,4,0.6666666666666666
0.22784810126582278,0.107981220657277,2,3ZHM_A,0.05555555555555555,1.192438101635114,0.16666666666666666,0.05555555555555555,0.5555555555555556,0.2222222222222222,3.0276373838890533,1,1.0
0.1746987951807229,0.10370931112793338,2,3ZI5_A,0.10344827586206896,1.2041870098398553,0.20689655172413793,0.06896551724137931,0.3103448275862069,0.3448275862068966,3.9147524777001808,3,0.8275862068965517
0.18478260869565216,0.1087248322147651,2,3ZP5_A,0.29411764705882354,1.3839214413478047,0.4117647058823529,0.058823529411764705,0.35294117647058826,0.4117647058823529,4.022432527572386,4,0.7647058823529411
0.1,0.06485188150520416,2,3ZPL_E,0.0625,2.5803621186861423,0.125,0.0625,0.3125,0.5,4.371157423619685,3,0.875
0.19166666666666668,0.07482305358948432,2,3ZQC_J,0.17391304347826086,1.4410435417136886,0.17391304347826086,0.043478260869565216,0.34782608695652173,0.30434782608695654,4.211462265054193,2,0.6521739130434783
0.1282051282051282,0.06957928802588997,2,3ZVK_F,0.1,2.720510926271762,0.1,0.0,0.3,0.4,4.397985200076022,1,1.0
0.02368421052631579,0.021944632005401754,1,3ZVM_A,0.2222222222222222,1.37223901964285,0.3333333333333333,0.1111111111111111,0.2222222222222222,0.2222222222222222,3.9750294248494313,4,0.6666666666666666
0.10526315789473684,0.047588424437299034,2,4A04_B,0.15,1.7279607017570568,0.35,0.0,0.3,0.3,4.017772346253714,1,1.0
0.059154929577464786,0.03200844178684488,2,4A0B_D,0.19047619047619047,1.2842629624114723,0.3333333333333333,0.047619047619047616,0.19047619047619047,0.3333333333333333,4.441248129276274,4,0.6190476190476191
0.010067114093959731,0.011406055578598091,1,4A15_A,0.3333333333333333,1.0337548065064484,0.3333333333333333,0.0,0.0,0.16666666666666666,4.200125360683895,3,0.6666666666666666
0.1348314606741573,0.1569767441860465,1,4A75_A,0.4166666666666667,1.704910821189513,0.4166666666666667,0.16666666666666666,0.16666666666666666,0.25,3.356253855197516,1,1.0
0.016566265060240965,0.007597340930674264,1,4A8M_Q,0.0,1.6006498037229846,0.09090909090909091,0.18181818181818182,0.36363636363636365,0.36363636363636365,4.2169113814855335,2,0.7272727272727273
0.015060240963855422,0.0036087369420702755,1,4A8W_A,0.0,1.312087405321371,0.3,0.0,0.4,0.2,3.793734727410012,3,0.8
0.21428571428571427,0.08892921960072596,2,4AA6_B,0.2,1.775221292503197,0.26666666666666666,0.06666666666666667,0.2,0.4666666666666667,3.3105690007520434,2,0.7333333333333333
0.2236842105263158,0.13268608414239483,4,4AAB_A,0.058823529411764705,1.5920512445517816,0.14705882352941177,0.08823529411764706,0.4117647058823529,0.3235294117647059,4.2891094632718625,5,0.7941176470588235
0.19607843137254902,0.09581320450885668,2,4AAE_B,0.06666666666666667,1.4604817078786865,0.2,0.06666666666666667,0.4666666666666667,0.3,4.3998781955232085,3,0.9
0.007042253521126761,0.0026642984014209592,1,4AIK_B,0.0,,0.0,0.0,1.0,0.0,0.0,1,1.0
0.042666666666666665,0.0177379983726607,2,4AIL_C,0.15625,1.2309427847730823,0.28125,0.09375,0.3125,0.3125,5.006134485334638,5,0.8125
0.15384615384615385,0.08322147651006712,2,4AUW_E,0.07142857142857142,2.7610542028205676,0.21428571428571427,0.0,0.35714285714285715,0.5,4.01027637606739,2,0.9285714285714286
0.14130434782608695,0.05100671140939597,2,4AWL_B,0.0,2.444141922760643,0.3076923076923077,0.0,0.23076923076923078,0.38461538461538464,4.901072724900368,2,0.9230769230769231
0.10714285714285714,0.050837988826815644,4,4B20_A,0.125,1.1352205817231054,0.4166666666666667,0.08333333333333333,0.25,0.20833333333333334,3.8548146888753423,3,0.7916666666666666
0.02962962962962963,0.02044653349001175,1,4B3O_A,0.125,2.297117529512757,0.25,0.0,0.5,0.1875,8.798295826458164,7,0.375
0.00975609756097561,0.0076034063260340635,1,4B3O_B,0.25,2.229905363810041,0.25,0.0,0.5,0.25,3.1185569184925033,1,1.0
0.023121387283236993,0.009373458312777503,1,4B3P_A,0.08333333333333333,2.5314837088915914,0.25,0.08333333333333333,0.25,0.25,8.145623319802223,5,0.5833333333333334
0.020257826887661142,0.005853430110044486,1,4B3Q_A,0.2727272727272727,2.1985561548500083,0.36363636363636365,0.09090909090909091,0.2727272727272727,0.2727272727272727,8.312636565951113,6,0.36363636363636365
0.007317073170731708,0.003676470588235294,1,4B3Q_B,0.3333333333333333,3.1538613073086794,0.3333333333333333,0.0,0.3333333333333333,0.3333333333333333,3.6861032020353854,1,1.0
0.10810810810810811,0.05071770334928229,2,4B5G_A,0.14285714285714285,1.5181449974881893,0.17857142857142858,0.03571428571428571,0.4642857142857143,0.25,4.4164643334572515,4,0.6071428571428571
0.09266409266409266,0.05128205128205128,2,4B5H_A,0.125,1.6111389742857996,0.16666666666666666,0.041666666666666664,0.5,0.25,4.462436434011291,5,0.4583333333333333
0.07056798623063683,0.0296137339055794,2,4B9N_A,0.0975609756097561,1.3702953847836845,0.24390243902439024,0.04878048780487805,0.4878048780487805,0.21951219512195122,4.734674201188939,6,0.5609756097560976
0.1766304347826087,0.09972677595628415,5,4BAC_A,0.06153846153846154,2.1793947030628464,0.15384615384615385,0.06153846153846154,0.4,0.2923076923076923,5.54185537870593,10,0.47692307692307695
0.1358695652173913,0.07979452054794521,4,4BE2_A,0.04,2.910859282858814,0.1,0.08,0.36,0.38,6.357293895717529,7,0.52
0.1518987341772152,0.08606245239908607,2,4BHK_A,0.125,1.7860312510405592,0.16666666666666666,0.08333333333333333,0.2916666666666667,0.375,4.404684403886774,5,0.4583333333333333
0.189873417721519,0.0967741935483871,2,4BHM_A,0.2,1.8529679656739912,0.2,0.06666666666666667,0.3333333333333333,0.26666666666666666,4.026933043405601,1,1.0
0.044489383215369056,0.028045685279187816,4,4BOC_A,0.11363636363636363,1.4535384349888125,0.18181818181818182,0.06818181818181818,0.3409090909090909,0.4090909090909091,7.455247754521995,14,0.20454545454545456
0.12878787878787878,0.09465791940018745,2,4BQA_A,0.35294117647058826,1.3259868482630037,0.47058823529411764,0.0,0.35294117647058826,0.47058823529411764,3.8623633046571166,2,0.8823529411764706
0.09090909090909091,0.04337686567164179,2,4BWJ_A,0.04081632653061224,1.1310082421014316,0.16326530612244897,0.061224489795918366,0.5102040816326531,0.2653061224489796,4.309707331150588,2,0.7346938775510204
0.05102040816326531,0.040160642570281124,2,4BXO_B,0.0,1.5859575563800654,0.4,0.0,0.1,0.2,3.0103223770167693,1,1.0
0.0108499095840868,0.003639258501080405,1,4BY1_B,0.0,1.8238427744753007,0.3333333333333333,0.0,0.16666666666666666,0.4166666666666667,6.440874053865708,5,0.4166666666666667
0.03951367781155015,0.024399690162664602,2,4C2U_A,0.19230769230769232,2.372048316065293,0.2692307692307692,0.0,0.34615384615384615,0.34615384615384615,6.93515042081155,9,0.3076923076923077
0.03003003003003003,0.1021021021021021,2,4C3G_A,0.1,1.5330923273632597,0.5,0.1,0.2,0.1,3.7788394455906844,1,1.0
0.06481481481481481,0.03332556513633186,2,4C8L_A,0.05714285714285714,1.4441533808004534,0.17142857142857143,0.08571428571428572,0.4857142857142857,0.2571428571428571,4.762297955382551,4,0.45714285714285713
0.0492845786963434,0.026299939771130296,2,4CGZ_A,0.03225806451612903,2.130388741049672,0.25806451612903225,0.06451612903225806,0.3225806451612903,0.3548387096774194,4.918176764890717,5,0.6129032258064516
0.1958762886597938,0.1631578947368421,1,4CH1_A,0.21052631578947367,1.403772433876688,0.47368421052631576,0.0,0.2631578947368421,0.21052631578947367,3.624838649135505,2,0.9473684210526315
0.10112359550561797,0.07238979118329467,2,4CIS_B,0.07407407407407407,1.6321843369250173,0.25925925925925924,0.037037037037037035,0.1111111111111111,0.5185185185185185,4.482086034317223,4,0.7777777777777778
0.08632138114209828,0.03769805135676561,2,4CJA_A,0.015384615384615385,2.503356163834064,0.12307692307692308,0.046153846153846156,0.4307692307692308,0.1076923076923077,5.753138921949706,8,0.8769230769230769
0.21428571428571427,0.10380116959064327,2,4CN3_C,0.1111111111111111,1.7190081366444352,0.2222222222222222,0.1111111111111111,0.2222222222222222,0.4444444444444444,3.762134310911528,2,0.7777777777777778
0.015625,0.015625,1,4CRO_B,0.0,,0.0,0.0,1.0,0.0,0.0,1,1.0
0.13043478260869565,0.07100823852491173,3,4CRX_A,0.09523809523809523,1.6418310589131657,0.3333333333333333,0.023809523809523808,0.2619047619047619,0.40476190476190477,4.750879174516029,10,0.4523809523809524
0.07072691552062868,0.040107605771582296,4,4D1Q_H,0.08333333333333333,1.372001176597333,0.19444444444444445,0.05555555555555555,0.3888888888888889,0.3055555555555556,5.419011292067302,9,0.3611111111111111
0.1476510067114094,0.08921330089213302,2,4D8J_A,0.13636363636363635,1.336165135779279,0.3181818181818182,0.045454545454545456,0.2727272727272727,0.45454545454545453,4.63513827032857,5,0.5
0.049160671462829736,0.028701594533029614,2,4DA4_A,0.12195121951219512,1.6497584310361963,0.24390243902439024,0.024390243902439025,0.36585365853658536,0.2926829268292683,4.161624875908145,6,0.7804878048780488
0.09090909090909091,0.05386289445048966,3,4DAV_A,0.047619047619047616,1.965384862163699,0.14285714285714285,0.047619047619047616,0.2857142857142857,0.47619047619047616,4.592995598703858,2,0.7142857142857143
0.0979381443298969,0.06845889340418881,2,4DKJ_A,0.05263157894736842,1.3190826645159923,0.18421052631578946,0.05263157894736842,0.5263157894736842,0.10526315789473684,3.4105681279491056,2,0.9736842105263158
0.10434782608695652,0.07467261075508498,4,4DM0_A,0.125,2.256865115240467,0.22916666666666666,0.0625,0.2916666666666667,0.4166666666666667,6.007753015358675,11,0.2708333333333333
0.04830053667262969,0.03120728929384966,3,4DPV_Z,0.2222222222222222,2.015439888959739,0.3333333333333333,0.07407407407407407,0.37037037037037035,0.1111111111111111,5.800889726469182,6,0.6296296296296297
0.0839041095890411,0.04027420736932305,2,4DQQ_D,0.10204081632653061,1.1947474820220052,0.24489795918367346,0.02040816326530612,0.5510204081632653,0.16326530612244897,4.513554224123068,2,0.9387755102040817
0.010964912280701754,0.005856107083100948,1,4DQY_C,0.4,1.6953259021274896,0.4,0.0,0.2,0.6,3.526496975477099,2,0.8
0.08448275862068966,0.04278649752741346,2,4DS5_A,0.08163265306122448,1.0803062824093381,0.22448979591836735,0.04081632653061224,0.5510204081632653,0.1836734693877551,4.404773304870705,3,0.8775510204081632
0.04439511653718091,0.024921694130464387,2,4DTJ_A,0.125,1.0676101332841672,0.275,0.1,0.3,0.25,5.1905182050586,7,0.4
0.08433734939759036,0.04400085855333763,2,4DWI_A,0.08163265306122448,1.0962986425389631,0.2653061224489796,0.04081632653061224,0.5102040816326531,0.16326530612244897,4.265740333767426,3,0.8367346938775511
0.04228855721393035,0.032625910674691165,2,4E54_B,0.23529411764705882,1.3527829138202585,0.4117647058823529,0.0,0.29411764705882354,0.29411764705882354,5.104783360887171,6,0.29411764705882354
0.0472636815920398,0.024073487488121634,2,4E5Z_B,0.21052631578947367,1.3932084135304024,0.3684210526315789,0.0,0.15789473684210525,0.47368421052631576,4.8237108935078545,5,0.42105263157894735
0.09259259259259259,0.0539899139721151,2,4ECW_A,0.125,1.085834975994362,0.275,0.075,0.25,0.275,4.442134724607616,8,0.35
0.15807560137457044,0.10261914984972091,2,4EFJ_A,0.08695652173913043,2.6597170725324033,0.1956521739130435,0.13043478260869565,0.391304347826087,0.32608695652173914,5.643302536720017,5,0.7391304347826086
0.0657439446366782,0.044972422571064916,2,4EJY_A,0.10526315789473684,1.0517088455230719,0.3157894736842105,0.05263157894736842,0.21052631578947367,0.21052631578947367,3.694561288702798,1,1.0
0.11956521739130435,0.06676557863501484,2,4EOT_A,0.09090909090909091,2.5492462794452497,0.2727272727272727,0.0,0.45454545454545453,0.36363636363636365,3.745595959120071,2,0.9090909090909091
0.19393939393939394,0.1308016877637131,1,4ER8_A,0.1875,1.3168601038565588,0.25,0.125,0.3125,0.34375,3.521290132844538,2,0.96875
0.016129032258064516,0.006534006534006534,1,4ESV_C,0.0,2.40352732372981,0.0,0.14285714285714285,0.42857142857142855,0.2857142857142857,3.104598715179018,1,1.0
0.1793103448275862,0.12108731466227347,2,4EVV_A,0.07692307692307693,1.2653312839187718,0.34615384615384615,0.038461538461538464,0.2692307692307692,0.19230769230769232,3.5431301749912523,2,0.5384615384615384
0.16901408450704225,0.13435374149659865,2,4EW4_A,0.08333333333333333,1.3076991987366202,0.375,0.08333333333333333,0.20833333333333334,0.20833333333333334,3.567433885289527,2,0.5833333333333334
0.076,0.04704704704704705,1,4F1H_A,0.21052631578947367,1.3170406750549988,0.2631578947368421,0.05263157894736842,0.42105263157894735,0.3684210526315789,3.3341996778922076,2,0.9473684210526315
0.00796812749003984,0.004982561036372696,1,4F1H_B,0.0,,0.0,0.0,1.0,0.0,3.130299481985675,1,1.0
0.0823327615780446,0.04195205479452055,2,4F2R_D,0.08333333333333333,1.0987702787616869,0.22916666666666666,0.041666666666666664,0.5625,0.16666666666666666,4.448640149014024,4,0.6666666666666666
0.125,0.06848772763262075,1,4F43_A,0.125,1.4156400297958025,0.3,0.025,0.425,0.275,4.620629393700979,5,0.475
0.08771929824561403,0.04419284149013879,2,4F4W_A,0.0,1.366661091070537,0.2,0.03333333333333333,0.2,0.3333333333333333,4.586438060655939,4,0.8666666666666667
0.119533527696793,0.05274725274725275,2,4F4Y_A,0.07317073170731707,1.2592111183508283,0.24390243902439024,0.04878048780487805,0.2682926829268293,0.34146341463414637,5.048469168628684,6,0.6097560975609756
0.09941520467836257,0.04030780505679736,2,4F4Z_A,0.029411764705882353,1.1352225718195623,0.3235294117647059,0.029411764705882353,0.17647058823529413,0.29411764705882354,4.675123482753766,7,0.29411764705882354
0.05637982195845697,0.023393984404010398,2,4F50_A,0.0,1.1213003304313265,0.2631578947368421,0.0,0.05263157894736842,0.42105263157894735,6.111403057270288,6,0.3157894736842105
0.08282208588957055,0.04612403100775194,3,4F5P_A,0.1111111111111111,1.8738046180638646,0.2962962962962963,0.037037037037037035,0.2962962962962963,0.25925925925925924,5.708091911348678,4,0.5925925925925926
0.093841642228739,0.04701166180758017,2,4FBT_A,0.0,1.2302678881712656,0.34375,0.03125,0.15625,0.28125,4.659479151956358,4,0.625
0.11904761904761904,0.07684824902723736,2,4FGN_A,0.06666666666666667,1.1100383378508965,0.26666666666666666,0.0,0.4,0.3333333333333333,3.395972559640614,1,1.0
0.08311345646437995,0.04735284445905952,2,4FLW_A,0.2222222222222222,1.4569203272814242,0.36507936507936506,0.12698412698412698,0.31746031746031744,0.23809523809523808,5.2578102799345245,9,0.31746031746031744
0.055776892430278883,0.03407557354925776,2,4FM2_A,0.16666666666666666,2.634576668063168,0.30952380952380953,0.07142857142857142,0.2857142857142857,0.2857142857142857,6.1971250907385045,9,0.40476190476190477
0.05364511691884457,0.027881040892193308,4,4FM9_A,0.10256410256410256,1.2934703957679101,0.23076923076923078,0.10256410256410256,0.28205128205128205,0.3333333333333333,5.0471717100201685,12,0.358974358974359
0.01556420233463035,0.004390243902439025,1,4FPV_B,0.0,2.7321426347603635,0.0,0.0,0.75,0.25,2.4163488348914477,1,1.0
0.1323529411764706,0.07191780821917808,2,4FTH_A,0.1111111111111111,1.452005649157877,0.2222222222222222,0.1111111111111111,0.3333333333333333,0.3333333333333333,3.858697430542376,2,0.8888888888888888
0.0047169811320754715,0.002955082742316785,1,4FXD_A,0.25,2.254455891515455,0.5,0.0,0.5,0.25,3.1890593788107937,2,0.75
0.030660377358490566,0.016407982261640797,1,4FYD_A,0.15384615384615385,1.4307784430014125,0.34615384615384615,0.038461538461538464,0.3076923076923077,0.2692307692307692,5.592740920444953,6,0.38461538461538464
0.09580838323353294,0.04740406320541761,2,4FZY_A,0.125,1.617608138305777,0.3125,0.0625,0.5,0.1875,3.8382026467700667,2,0.5625
0.0847953216374269,0.04,2,4G3I_A,0.0,1.1389490555470414,0.3103448275862069,0.10344827586206896,0.1724137931034483,0.2413793103448276,4.8541555276047035,6,0.3793103448275862
0.07509881422924901,0.048768225238813474,2,4G4N_A,0.05263157894736842,1.2736222095165948,0.21052631578947367,0.05263157894736842,0.15789473684210525,0.3684210526315789,4.885047414568326,4,0.3684210526315789
0.07142857142857142,0.04929577464788732,2,4G4O_A,0.05555555555555555,1.7038724204108815,0.16666666666666666,0.0,0.2222222222222222,0.4444444444444444,4.931643246701051,4,0.3888888888888889
0.06692913385826772,0.034326097930338216,2,4G4Q_A,0.058823529411764705,1.562892020626019,0.23529411764705882,0.0,0.23529411764705882,0.4117647058823529,5.079473870741445,5,0.47058823529411764
0.0873015873015873,0.049974760222110046,2,4G4R_A,0.045454545454545456,1.1619450425933053,0.18181818181818182,0.045454545454545456,0.2727272727272727,0.36363636363636365,4.605510844569572,4,0.5909090909090909
0.29508196721311475,0.25390625,2,4G92_A,0.1111111111111111,2.2768348480358185,0.3333333333333333,0.0,0.16666666666666666,0.3888888888888889,3.853846899823233,1,1.0
0.14130434782608695,0.05128205128205128,2,4G92_B,0.0,2.4773392237283205,0.3076923076923077,0.0,0.15384615384615385,0.46153846153846156,5.340325655289308,3,0.7692307692307693
0.18181818181818182,0.08187134502923976,2,4GAT_A,0.08333333333333333,2.0530292712165643,0.3333333333333333,0.0,0.16666666666666666,0.4166666666666667,4.765833659247062,4,0.5833333333333334
0.11143695014662756,0.051768137076193946,2,4GC7_A,0.0,1.2049298062163205,0.23684210526315788,0.10526315789473684,0.21052631578947367,0.21052631578947367,4.562794743179447,6,0.5
0.04081632653061224,0.036546943919344675,2,4GCL_B,0.125,1.7087201018766538,0.25,0.125,0.5,0.25,3.541269635711534,1,1.0
0.06842105263157895,0.03463758819756254,2,4GCT_C,0.07692307692307693,1.5451109468951438,0.3076923076923077,0.07692307692307693,0.38461538461538464,0.3076923076923077,3.4263300839273807,2,0.9230769230769231
0.05030181086519115,0.03767038413878562,2,4GDF_A,0.08,2.8816420665918985,0.24,0.0,0.4,0.36,6.604867715468428,4,0.6
0.1006036217303823,0.03476084538375973,4,4GJP_A,0.0,1.2328186210357115,0.02,0.08,0.28,0.26,5.052804411866289,2,0.96
0.08997955010224949,0.033408833522083806,3,4GJR_A,0.0,1.4063479638160488,0.022727272727272728,0.11363636363636363,0.29545454545454547,0.29545454545454547,5.09233085350996,4,0.9318181818181818
0.09246575342465753,0.050148746281342964,2,4GLE_A,0.037037037037037035,1.1547160854474907,0.25925925925925924,0.0,0.4074074074074074,0.37037037037037035,4.594607959563917,4,0.3333333333333333
0.11518324607329843,0.06731662024141133,3,4GLX_A,0.030303030303030304,1.3121168456824912,0.3484848484848485,0.12121212121212122,0.19696969696969696,0.18181818181818182,4.827349594230827,10,0.4696969696969697
0.10392609699769054,0.07710212394530114,1,4GNX_C,0.26666666666666666,2.1355733649891855,0.4,0.022222222222222223,0.24444444444444444,0.3333333333333333,6.122748797785722,8,0.4444444444444444
0.045,0.015964240102171137,2,4GUQ_A,0.0,2.826710155314034,0.1111111111111111,0.0,0.4444444444444444,0.4444444444444444,3.960665039581583,2,0.8888888888888888
0.047244094488188976,0.02485089463220676,1,4GZ1_A,0.16666666666666666,1.1955693648518508,0.25,0.16666666666666666,0.3333333333333333,0.3333333333333333,3.930633054230426,3,0.8333333333333334
0.056451612903225805,0.031995937023869984,2,4GZ2_A,0.14285714285714285,1.3939503657985968,0.42857142857142855,0.21428571428571427,0.14285714285714285,0.21428571428571427,4.426921016322576,4,0.35714285714285715
0.3559322033898305,0.2156448202959831,2,4GZN_C,0.047619047619047616,2.3737872081885087,0.09523809523809523,0.14285714285714285,0.23809523809523808,0.5238095238095238,4.149897806911894,2,0.9523809523809523
0.06995884773662552,0.03995793901156677,1,4H5Q_B,0.11764705882352941,1.4545748807369874,0.29411764705882354,0.0,0.35294117647058826,0.17647058823529413,3.9101058503039563,2,0.8235294117647058
0.08695652173913043,0.055658627087198514,1,4H8K_A,0.08333333333333333,1.9890983529451018,0.3333333333333333,0.08333333333333333,0.5,0.16666666666666666,3.5539091431369645,1,1.0
0.14814814814814814,0.099644128113879,2,4HC7_A,0.0625,1.602261989567881,0.3125,0.0,0.375,0.375,3.989655304524801,2,0.75
0.05806451612903226,0.03580901856763926,1,4HCC_A,0.2962962962962963,1.355715641165213,0.4444444444444444,0.0,0.3333333333333333,0.25925925925925924,5.260323363369625,10,0.18518518518518517
0.03636363636363636,0.022673031026252982,1,4HHT_A,0.25,1.7615582285755043,0.5,0.125,0.125,0.0,3.7739023476618336,3,0.375
0.17266187050359713,0.17306052855924978,1,4HIO_A,0.20833333333333334,1.4568170560515972,0.3333333333333333,0.16666666666666666,0.2916666666666667,0.25,3.998060441857918,2,0.75
0.05,0.022915340547422024,2,4HJE_A,0.0,2.5266670010769343,0.1,0.0,0.5,0.4,3.410479041355754,1,1.0
0.09090909090909091,0.07252946509519492,2,4HQB_A,0.07692307692307693,1.977602925255132,0.38461538461538464,0.0,0.0,0.38461538461538464,6.101328107302804,4,0.46153846153846156
0.12037037037037036,0.05184331797235023,2,4HQE_B,0.23076923076923078,1.5814136863076862,0.38461538461538464,0.0,0.3076923076923077,0.3076923076923077,3.715651329917903,2,0.6923076923076923
0.25263157894736843,0.19647696476964768,2,4HQX_A,0.125,4.364224825077132,0.375,0.041666666666666664,0.25,0.25,6.37298984439254,2,0.7916666666666666
0.08780487804878048,0.05689548546691404,2,4HSB_A,0.05555555555555555,1.092294182768438,0.2777777777777778,0.05555555555555555,0.2777777777777778,0.2777777777777778,3.8243890353925414,2,0.9444444444444444
0.05223880597014925,0.03305785123966942,1,4HTU_A,0.14285714285714285,1.630574388834573,0.14285714285714285,0.0,0.7142857142857143,0.14285714285714285,3.507538955446918,1,1.0
0.038781163434903045,0.025792959219240155,1,4I27_A,0.21428571428571427,1.347368698518546,0.5,0.07142857142857142,0.07142857142857142,0.21428571428571427,4.198301610637113,4,0.5
0.029893924783027964,0.017119165440684765,3,4I3H_A,0.03225806451612903,1.1491822994834293,0.25806451612903225,0.06451612903225806,0.1935483870967742,0.3870967741935484,5.134047500239213,6,0.4838709677419355
0.05555555555555555,0.025308241401687217,2,4IBU_B,0.0,2.1204972629529726,0.2727272727272727,0.0,0.2727272727272727,0.45454545454545453,4.114126759432366,1,1.0
0.05583756345177665,0.028515878159429683,2,4IBW_A,0.0,1.8565837913200056,0.18181818181818182,0.0,0.36363636363636365,0.45454545454545453,3.621680854736186,1,1.0
0.1935483870967742,0.10949868073878628,2,4IHS_B,0.1111111111111111,1.697282252845698,0.2222222222222222,0.0,0.4444444444444444,0.2222222222222222,3.455469153812008,2,0.7777777777777778
0.01181434599156118,0.007517204870301747,2,4IQJ_D,0.0,2.6692712531643523,0.07142857142857142,0.2857142857142857,0.14285714285714285,0.42857142857142855,8.501574022138454,5,0.35714285714285715
0.06050955414012739,0.0355147645650439,2,4IQR_F,0.10526315789473684,2.0995685308664616,0.15789473684210525,0.10526315789473684,0.21052631578947367,0.5263157894736842,4.257596157373625,3,0.47368421052631576
0.028011204481792718,0.013829787234042552,1,4IQW_A,0.2,2.522524612380992,0.4,0.1,0.1,0.2,3.921771075237129,2,0.7
0.2222222222222222,0.15217391304347827,2,4IS1_D,0.3333333333333333,2.1187246256613284,0.3333333333333333,0.0,0.6666666666666666,0.3333333333333333,4.16454891938807,3,0.5
0.22077922077922077,0.21621621621621623,1,4IUF_A,0.17647058823529413,1.5056466566470654,0.4117647058823529,0.058823529411764705,0.11764705882352941,0.17647058823529413,3.375137922504849,1,1.0
0.22077922077922077,0.1480891719745223,2,4IVZ_E,0.058823529411764705,1.2836477417160292,0.17647058823529413,0.058823529411764705,0.47058823529411764,0.29411764705882354,3.323843327519729,1,1.0
0.04713804713804714,0.02175697865353038,2,4J00_A,0.0,4.243866199339985,0.2857142857142857,0.07142857142857142,0.14285714285714285,0.42857142857142855,7.548798587048719,4,0.5714285714285714
0.07692307692307693,0.044468546637744036,2,4J1J_C,0.05555555555555555,1.3822040427646811,0.2777777777777778,0.05555555555555555,0.05555555555555555,0.5555555555555556,4.897622770708391,4,0.6111111111111112
0.04772475027746948,0.02516322089227421,2,4J2A_A,0.11627906976744186,1.1298164979007155,0.2558139534883721,0.06976744186046512,0.37209302325581395,0.23255813953488372,4.956590294509736,8,0.3953488372093023
0.04439511653718091,0.024622500340089785,2,4J2B_A,0.125,1.0828536605089072,0.275,0.1,0.325,0.225,5.10406931028946,8,0.375
0.049944506104328525,0.026373028820010875,2,4J2D_A,0.1111111111111111,1.0578942977626389,0.26666666666666666,0.08888888888888889,0.35555555555555557,0.2222222222222222,4.935511084443731,7,0.37777777777777777
0.04550499445061043,0.023521414004078856,2,4J2E_A,0.14634146341463414,1.0394897547070492,0.3170731707317073,0.0975609756097561,0.34146341463414637,0.1951219512195122,5.145243107249985,8,0.3170731707317073
0.04275534441805225,0.026331538001196888,2,4J2X_C,0.1111111111111111,1.1268424587576007,0.16666666666666666,0.05555555555555555,0.3333333333333333,0.5,4.219410592603352,3,0.6111111111111112
0.07291666666666667,0.042690815006468305,2,4JBK_A,0.0,1.8572692886534938,0.0,0.07142857142857142,0.35714285714285715,0.42857142857142855,4.380953569510511,2,0.5
0.031578947368421054,0.017195767195767195,2,4JBM_A,0.0,2.734781114052265,0.0,0.16666666666666666,0.3333333333333333,0.5,2.610660558104122,1,1.0
0.10204081632653061,0.07217847769028872,2,4JGC_A,0.05,1.5306348640598029,0.25,0.0,0.35,0.25,3.8338247960116965,2,0.9
0.13402061855670103,0.07097591888466413,2,4JQD_E,0.07692307692307693,1.2098054135697465,0.23076923076923078,0.0,0.5384615384615384,0.3076923076923077,3.043961699131445,1,1.0
0.07051282051282051,0.04976369196552683,1,4JS4_A,0.30303030303030304,1.1303140432708119,0.48484848484848486,0.09090909090909091,0.36363636363636365,0.09090909090909091,5.198936620007024,9,0.3333333333333333
0.1165644171779141,0.06118546845124283,3,4JWM_A,0.07894736842105263,1.3958557626062909,0.2894736842105263,0.10526315789473684,0.2631578947368421,0.23684210526315788,4.930160327228493,5,0.2894736842105263
0.12576687116564417,0.06554235339210425,3,4JWN_A,0.0975609756097561,1.526600272836754,0.3170731707317073,0.07317073170731707,0.2682926829268293,0.24390243902439024,4.9145274081231465,2,0.7073170731707317
0.07773851590106007,0.05004549590536852,3,4K1G_A,0.13636363636363635,1.476914288127228,0.2727272727272727,0.09090909090909091,0.3181818181818182,0.2727272727272727,4.195517810660774,2,0.9545454545454546
0.1021021021021021,0.06264236902050115,3,4K4I_A,0.14705882352941177,1.5855201321646066,0.3235294117647059,0.08823529411764706,0.23529411764705882,0.29411764705882354,5.208555835929515,4,0.3235294117647059
0.06455862977602109,0.031848158275695676,2,4K8X_A,0.14285714285714285,1.4249632432909123,0.30612244897959184,0.10204081632653061,0.32653061224489793,0.2653061224489796,4.75031425591366,6,0.4897959183673469
0.0446927374301676,0.01729986431478969,2,4K96_B,0.125,1.2500545826246836,0.25,0.0625,0.375,0.4375,4.566132159146214,5,0.4375
0.0339943342776204,0.016399694889397406,2,4KB6_A,0.08333333333333333,1.0908355448990563,0.25,0.0,0.3333333333333333,0.5,4.254121769251826,5,0.5833333333333334
0.033112582781456956,0.019736842105263157,1,4KDP_A,0.0,2.4706428358145036,0.0,0.0,0.4,0.6,5.990242955282369,4,0.4
0.06696428571428571,0.02258610954263128,2,4KFC_B,0.26666666666666666,2.1534363009934294,0.4,0.0,0.4666666666666667,0.2,4.132451240892369,3,0.3333333333333333
0.04772475027746948,0.0260228221541887,2,4KHN_A,0.13953488372093023,1.0808437437495961,0.27906976744186046,0.06976744186046512,0.37209302325581395,0.2558139534883721,5.099614241273714,5,0.6511627906976745
0.0811965811965812,0.06823266219239374,1,4KI2_B,0.2631578947368421,1.5523712481112375,0.42105263157894735,0.05263157894736842,0.3157894736842105,0.2631578947368421,3.3643053914160093,1,1.0
0.13015873015873017,0.06865333836288193,2,4KIS_A,0.12195121951219512,3.0753830949187795,0.1951219512195122,0.0,0.43902439024390244,0.4146341463414634,7.213973439218366,7,0.6097560975609756
0.12903225806451613,0.09387755102040816,1,4KMF_A,0.125,1.7971754400271378,0.125,0.0,0.375,0.375,3.637440818891422,2,0.625
0.07079646017699115,0.03350083752093802,2,4KNY_B,0.25,1.862218775299671,0.375,0.0,0.4375,0.25,4.037944977426892,4,0.3125
0.19291338582677164,0.1049618320610687,4,4KYW_A,0.12244897959183673,2.8627231321644238,0.2653061224489796,0.08163265306122448,0.3673469387755102,0.2653061224489796,6.73513473011709,5,0.3877551020408163
0.10101010101010101,0.05149396058486968,2,4L5R_C,0.0,1.3031182063106075,0.0,0.05,0.3,0.45,4.939516230512543,4,0.5
0.10552763819095477,0.05823418910457107,4,4L5S_A,0.0,1.584806126234708,0.0,0.047619047619047616,0.38095238095238093,0.42857142857142855,5.516498852357327,5,0.38095238095238093
0.06315789473684211,0.03286384976525822,2,4L62_A,0.16666666666666666,1.5855550249730093,0.3333333333333333,0.0,0.3333333333333333,0.25,3.614290029511336,2,0.9166666666666666
0.0949367088607595,0.04856895056374675,2,4LD0_A,0.13333333333333333,1.296152224786314,0.4,0.0,0.2,0.26666666666666666,4.42434307997924,3,0.8666666666666667
0.050445103857566766,0.028729281767955802,2,4LDX_B,0.0,1.6406062780204222,0.11764705882352941,0.0,0.47058823529411764,0.29411764705882354,3.8846292940900855,2,0.5294117647058824
0.0584958217270195,0.0242505894240485,4,4LEZ_A,0.09523809523809523,1.5008315356834143,0.19047619047619047,0.047619047619047616,0.3333333333333333,0.47619047619047616,6.120505422621887,8,0.3333333333333333
0.16981132075471697,0.1031390134529148,2,4LG0_B,0.3333333333333333,1.3163728620717965,0.4444444444444444,0.0,0.3333333333333333,0.4444444444444444,4.088683577320884,3,0.7777777777777778
0.20634920634920634,0.15289256198347106,2,4LG7_A,0.07692307692307693,2.7341795271587856,0.15384615384615385,0.07692307692307693,0.23076923076923078,0.46153846153846156,4.329572288327509,2,0.6923076923076923
0.009389671361502348,0.006027727546714889,1,4LJR_A,0.5,,0.5,0.0,0.0,0.5,5.4002323702078705,2,0.5
0.15714285714285714,0.09970674486803519,2,4LLN_J,0.0,2.5448152940160362,0.045454545454545456,0.09090909090909091,0.5454545454545454,0.2727272727272727,4.283481227808612,2,0.9090909090909091
0.07692307692307693,0.03880407124681934,2,4LNQ_A,0.0,1.7217893764573076,0.0,0.06666666666666667,0.3333333333333333,0.4666666666666667,4.727004301622054,3,0.4666666666666667
0.18666666666666668,0.10414052697616061,4,4LOX_A,0.08928571428571429,3.038290380540629,0.25,0.07142857142857142,0.3392857142857143,0.3392857142857143,5.8266717063398765,5,0.8214285714285714
0.19798657718120805,0.09376290788930194,2,4LQ0_A,0.05084745762711865,2.6742105937842466,0.23728813559322035,0.0847457627118644,0.4067796610169492,0.2542372881355932,5.560615756244813,6,0.847457627118644
0.25510204081632654,0.14676616915422885,2,4LVL_A,0.08,1.4006007969042462,0.34,0.08,0.2,0.38,4.188679414854925,2,0.96
0.03765227021040975,0.02160619649408887,2,4M42_A,0.11764705882352941,1.3760542814865093,0.23529411764705882,0.029411764705882353,0.3235294117647059,0.23529411764705882,5.297970807534165,6,0.47058823529411764
0.09235668789808917,0.045838359469240045,3,4M47_A,0.06896551724137931,1.6809739936485895,0.2413793103448276,0.06896551724137931,0.27586206896551724,0.2413793103448276,5.710848576578079,7,0.3448275862068966
0.1702127659574468,0.2703252032520325,2,4M6F_A,0.03125,2.3053078130901907,0.40625,0.0625,0.15625,0.21875,5.637928978790864,3,0.53125
0.04262877442273535,0.021367055488934916,2,4M8O_A,0.08333333333333333,1.3625590148373323,0.22916666666666666,0.041666666666666664,0.2916666666666667,0.3125,4.872602242901165,8,0.4375
0.15294117647058825,0.09654178674351585,2,4M9E_A,0.15384615384615385,1.6717236174672383,0.15384615384615385,0.23076923076923078,0.3076923076923077,0.46153846153846156,4.793140316258871,3,0.38461538461538464
0.3442622950819672,0.21161825726141079,2,4M9V_C,0.047619047619047616,2.3791855586483672,0.09523809523809523,0.09523809523809523,0.2857142857142857,0.5238095238095238,4.151990352294352,2,0.9523809523809523
0.08771929824561403,0.0606281957633309,1,4MDF_A,0.13333333333333333,1.2437053377370453,0.26666666666666666,0.0,0.5333333333333333,0.26666666666666666,3.9649691436270604,4,0.5333333333333333
0.09345794392523364,0.05470287288469106,3,4MFA_A,0.13333333333333333,1.6403537188891886,0.26666666666666666,0.06666666666666667,0.26666666666666666,0.26666666666666666,5.545190913291768,5,0.4666666666666667
0.046153846153846156,0.020447284345047924,2,4MG2_A,0.1111111111111111,2.069798661069634,0.2222222222222222,0.0,0.2222222222222222,0.5555555555555556,6.915381997033974,5,0.3333333333333333
0.04020100502512563,0.02875,2,4MGT_A,0.125,2.072688935683003,0.25,0.0,0.125,0.625,7.171660061049325,4,0.375
0.029914529914529916,0.0160857908847185,2,4MZR_A,0.0,1.9622677318431927,0.14285714285714285,0.0,0.2857142857142857,0.5714285714285714,3.969872060707386,2,0.7142857142857143
0.04773869346733668,0.02091906721536351,1,4N0O_C,0.15789473684210525,1.49270907230821,0.3684210526315789,0.10526315789473684,0.42105263157894735,0.21052631578947367,4.458095285324836,6,0.2631578947368421
0.08487084870848709,0.04549696686887541,2,4N5S_A,0.043478260869565216,1.2314027769276334,0.1956521739130435,0.021739130434782608,0.5434782608695652,0.2391304347826087,4.343616687550257,2,0.7391304347826086
0.1171303074670571,0.05826152116897715,3,4NCA_A,0.0875,1.4841818903694772,0.2875,0.075,0.2,0.3625,4.491660287252292,4,0.9
0.05555555555555555,0.05077860528097495,2,4NDH_A,0.2,2.426365957188341,0.4,0.0,0.3,0.3,5.013707398726149,3,0.4
0.027777777777777776,0.009478672985781991,1,4NDI_A,0.0,3.3046933255298807,0.2,0.0,0.2,0.4,3.594736857220331,1,1.0
0.01904761904761905,0.0035545023696682463,1,4NE1_I,0.0,,0.0,0.0,0.0,1.0,2.6672818987985685,1,1.0
0.05405405405405406,0.0288135593220339,2,4NE1_L,0.0,4.145966314314704,0.25,0.0,0.25,0.25,2.342796555588017,1,1.0
0.08866995073891626,0.0578980490874764,2,4NID_A,0.2222222222222222,1.3080841273016524,0.3333333333333333,0.05555555555555555,0.3333333333333333,0.2777777777777778,4.290691241265884,5,0.5
0.0891089108910891,0.05945604048070841,2,4NIG_A,0.2222222222222222,1.6090377201953687,0.3888888888888889,0.05555555555555555,0.3333333333333333,0.2222222222222222,4.106110838103276,3,0.5
0.0945273631840796,0.06585677749360613,2,4NIH_A,0.21052631578947367,1.3226147187487385,0.3684210526315789,0.05263157894736842,0.3157894736842105,0.2631578947368421,4.143841538896083,4,0.47368421052631576
0.095,0.06563706563706563,2,4NII_A,0.21052631578947367,1.3307955223797339,0.3684210526315789,0.05263157894736842,0.3157894736842105,0.2631578947368421,4.137407139013554,4,0.47368421052631576
0.10465116279069768,0.042810098792535674,2,4NLG_A,0.027777777777777776,1.3204863948337684,0.19444444444444445,0.05555555555555555,0.19444444444444445,0.4444444444444444,5.016356062131634,8,0.6111111111111112
0.05714285714285714,0.03083554376657825,2,4NQA_I,0.13636363636363635,2.0834956348969524,0.2727272727272727,0.045454545454545456,0.045454545454545456,0.5,5.718000084161848,5,0.5
0.08070175438596491,0.05607876712328767,2,4NRW_A,0.2608695652173913,1.3013730178687075,0.34782608695652173,0.043478260869565216,0.43478260869565216,0.2608695652173913,4.002538609175843,3,0.6521739130434783
0.06896551724137931,0.03200859291084855,2,4O0I_A,0.075,1.3303416928711078,0.225,0.05,0.525,0.2,4.658275792076415,5,0.6
0.048939641109298535,0.025630163101037915,2,4O3M_A,0.03333333333333333,2.009275451108236,0.3333333333333333,0.06666666666666667,0.26666666666666666,0.3333333333333333,4.766650676089768,6,0.3
0.09133489461358314,0.04424514200298953,2,4O3S_A,0.07692307692307693,1.2988984955250633,0.1794871794871795,0.05128205128205128,0.28205128205128205,0.3333333333333333,4.738561394794469,9,0.358974358974359
0.10122699386503067,0.059049079754601226,3,4O5K_A,0.12121212121212122,1.4193411518841812,0.2727272727272727,0.09090909090909091,0.24242424242424243,0.2727272727272727,5.030324267521493,4,0.30303030303030304
0.060941828254847646,0.02546916890080429,4,4O6A_A,0.09090909090909091,1.4088113936646833,0.18181818181818182,0.045454545454545456,0.36363636363636365,0.5,5.89280950280832,7,0.3181818181818182
0.018604651162790697,0.012106537530266344,2,4OI8_B,0.0,4.928648407542988,0.0,0.0,0.0,1.0,11.074749791798759,3,0.5
0.015372790161414296,0.008200820082008202,1,4OO8_A,0.15,1.9002075986445839,0.35,0.05,0.35,0.25,7.245359156070976,8,0.35
0.013157894736842105,0.005577244841048522,1,4OPX_C,0.5,2.2169346186613628,0.5,0.0,0.16666666666666666,0.5,3.7580355247459676,2,0.6666666666666666
0.09202453987730061,0.038100653966448676,2,4OSH_B,0.0,1.3247866990549717,0.044444444444444446,0.1111111111111111,0.26666666666666666,0.26666666666666666,4.661219169559944,5,0.4222222222222222
0.09406952965235174,0.03608979823813584,2,4OSJ_B,0.0,1.311893648437137,0.021739130434782608,0.10869565217391304,0.2608695652173913,0.2391304347826087,4.542247128356,2,0.5652173913043478
0.10590631364562118,0.04302587176602925,2,4OSK_B,0.019230769230769232,1.4222085736898478,0.038461538461538464,0.07692307692307693,0.38461538461538464,0.25,4.7045909937909265,3,0.9038461538461539
0.08113590263691683,0.031759415401911184,2,4OSM_B,0.0,1.4699180874891518,0.0,0.125,0.3,0.3,5.030697916893914,3,0.8
0.07942973523421588,0.02787162162162162,2,4OSQ_A,0.0,1.4570607405604818,0.0,0.1282051282051282,0.358974358974359,0.28205128205128205,5.151428708908545,4,0.41025641025641024
0.08519269776876268,0.030829596412556053,2,4OSR_A,0.0,1.3967214104301167,0.0,0.11904761904761904,0.2857142857142857,0.2857142857142857,5.012845503226249,2,0.9761904761904762
0.0872210953346856,0.033062482488091904,2,4OSS_A,0.0,1.416979216756112,0.0,0.11627906976744186,0.3023255813953488,0.27906976744186046,4.933436333905182,2,0.9767441860465116
0.0872210953346856,0.032846715328467155,2,4OST_A,0.0,1.3917199822677262,0.0,0.11627906976744186,0.3023255813953488,0.27906976744186046,4.936414489506357,3,0.9534883720930233
0.09164969450101833,0.03410372040586246,2,4OSV_A,0.0,1.4073953720936723,0.022222222222222223,0.1111111111111111,0.26666666666666666,0.26666666666666666,4.802229615697264,2,0.9777777777777777
0.08757637474541752,0.029087828297091216,2,4OSW_A,0.0,1.3371956212274179,0.0,0.13953488372093023,0.27906976744186046,0.23255813953488372,4.77518866347446,2,0.9767441860465116
0.09164969450101833,0.030431107354184278,2,4OSZ_A,0.0,1.3927793249617275,0.0,0.1111111111111111,0.26666666666666666,0.2222222222222222,4.719335769985478,2,0.9777777777777777
0.09330628803245436,0.03616484440706476,2,4OT0_A,0.0,1.4903975982461208,0.021739130434782608,0.10869565217391304,0.2826086956521739,0.30434782608695654,4.9073567020105955,2,0.9782608695652174
0.09127789046653144,0.033071748878923765,2,4OT3_A,0.0,1.4319356465178164,0.022222222222222223,0.1111111111111111,0.26666666666666666,0.26666666666666666,4.837004400968224,1,1.0
0.08961303462321792,0.029825548677546426,2,4OTO_A,0.022727272727272728,1.3735565375250562,0.022727272727272728,0.11363636363636363,0.2727272727272727,0.3181818181818182,4.906564677301226,2,0.9772727272727273
0.10526315789473684,0.03940886699507389,1,4OU6_A,0.375,1.7727351887958813,0.5,0.0,0.25,0.25,3.389050834465861,1,1.0
0.08450704225352113,0.020761245674740483,1,4OU7_A,0.3333333333333333,2.083009121200263,0.5,0.0,0.3333333333333333,0.3333333333333333,3.763988422435738,2,0.6666666666666666
0.05263157894736842,0.025720620842572064,2,4P0Q_A,0.06666666666666667,2.8448283964242895,0.26666666666666666,0.0,0.3333333333333333,0.26666666666666666,6.422330974305117,5,0.26666666666666666
0.05514705882352941,0.034075420263516586,2,4P9U_A,0.0,2.400585980963175,0.2,0.06666666666666667,0.26666666666666666,0.3333333333333333,3.72543233661308,1,1.0
0.028662420382165606,0.01768550557477893,3,4PAR_A,0.2222222222222222,4.758095065325876,0.2222222222222222,0.0,0.6666666666666666,0.3333333333333333,6.869965377121067,3,0.7777777777777778
0.07749077490774908,0.05522041763341067,2,4PCZ_A,0.09523809523809523,1.540759548293805,0.19047619047619047,0.047619047619047616,0.09523809523809523,0.5714285714285714,4.584078467359354,4,0.8571428571428571
0.07720588235294118,0.05258259655653792,2,4PD2_A,0.09523809523809523,1.4691528372674263,0.19047619047619047,0.047619047619047616,0.14285714285714285,0.5238095238095238,4.532403471275339,5,0.8095238095238095
0.026923076923076925,0.01324828263002944,1,4PE8_A,0.14285714285714285,1.2998611489375147,0.2857142857142857,0.14285714285714285,0.2857142857142857,0.42857142857142855,5.113400983861647,5,0.2857142857142857
0.05357142857142857,0.030941533788914198,2,4PLB_B,0.05555555555555555,1.086652993231614,0.2777777777777778,0.1111111111111111,0.08333333333333333,0.4166666666666667,4.624990461182223,7,0.4166666666666667
0.00784313725490196,0.0068560235063663075,1,4POG_A,0.0,,0.0,0.5,0.0,0.5,2.306794897166363,1,1.0
0.007263922518159807,0.003816793893129771,1,4PQU_D,0.3333333333333333,1.7782930450474252,0.3333333333333333,0.0,0.3333333333333333,0.3333333333333333,2.1880237628581063,1,1.0
0.02262443438914027,0.00684931506849315,1,4PSO_I,0.0,1.7625095289879535,0.2,0.0,0.4,0.2,3.437326444281046,1,1.0
0.04136690647482014,0.01920686928030731,2,4PTF_A,0.10869565217391304,1.4783329539313763,0.1956521739130435,0.021739130434782608,0.34782608695652173,0.32608695652173914,4.816783350437746,5,0.5217391304347826
0.0784313725490196,0.04808959156785244,2,4PXI_B,0.125,2.0238882047485354,0.4375,0.0,0.3125,0.25,3.576862700037807,2,0.75
0.06367041198501873,0.035555555555555556,1,4PY5_A,0.17647058823529413,3.370264919766253,0.35294117647058826,0.0,0.47058823529411764,0.23529411764705882,6.9541015738523795,5,0.4117647058823529
0.21311475409836064,0.14512471655328799,2,4PZI_A,0.0,1.7443175537918063,0.23076923076923078,0.0,0.23076923076923078,0.5384615384615384,4.414611456896968,2,0.5384615384615384
0.10818713450292397,0.06584821428571429,2,4Q45_A,0.02702702702702703,1.1901410880065977,0.24324324324324326,0.10810810810810811,0.21621621621621623,0.2972972972972973,4.650340224936785,6,0.5405405405405406
0.03286384976525822,0.013986013986013986,2,4QCB_A,0.14285714285714285,1.1455133089936158,0.14285714285714285,0.0,0.2857142857142857,0.5714285714285714,3.950795825645801,3,0.7142857142857143
0.031413612565445025,0.009721322099805573,1,4QGU_A,0.0,2.2931197260810845,0.0,0.0,0.5,0.5,2.6346849516315616,1,1.0
0.15555555555555556,0.08579881656804733,2,4QJU_A,0.0,2.482921320456911,0.2857142857142857,0.07142857142857142,0.21428571428571427,0.2857142857142857,5.316298397261884,2,0.8571428571428571
0.2894736842105263,0.1408695652173913,2,4QLC_U,0.045454545454545456,1.6398649747375647,0.13636363636363635,0.0,0.36363636363636365,0.45454545454545453,4.018053821370047,5,0.7272727272727273
0.15384615384615385,0.11809045226130653,2,4QPQ_B,0.25,1.3300009931871475,0.5,0.0,0.5,0.125,3.861950839803958,2,0.5
0.04061470911086718,0.022451284947754873,1,4QQW_A,0.02702702702702703,3.2644080344134734,0.10810810810810811,0.10810810810810811,0.3783783783783784,0.3783783783783784,6.4334045181293344,8,0.35135135135135137
0.26666666666666666,0.15235008103727715,3,4QR9_A,0.25,2.812860341786702,0.4,0.0,0.4,0.2,4.881923754691386,1,1.0
0.09912536443148688,0.042105263157894736,2,4QWB_A,0.029411764705882353,1.2038766061714818,0.23529411764705882,0.058823529411764705,0.20588235294117646,0.2647058823529412,4.940635884637044,8,0.29411764705882354
0.09649122807017543,0.0436046511627907,2,4QWC_A,0.0,1.3787929991870504,0.24242424242424243,0.030303030303030304,0.21212121212121213,0.30303030303030304,4.863754297526004,4,0.5454545454545454
0.10850439882697947,0.045205978855267955,2,4QWD_A,0.02702702702702703,1.2172102139672445,0.2972972972972973,0.08108108108108109,0.16216216216216217,0.24324324324324326,4.767359515240422,8,0.32432432432432434
0.04666666666666667,0.03231017770597738,1,4QYZ_B,0.0,4.155702724932019,0.14285714285714285,0.0,0.2857142857142857,0.42857142857142855,7.17798559501738,3,0.5714285714285714
0.024861878453038673,0.014627185158758473,1,4QYZ_F,0.0,10.52553352031931,0.3333333333333333,0.1111111111111111,0.3333333333333333,0.1111111111111111,10.902528628805921,2,0.6666666666666666
0.18292682926829268,0.13107511045655376,2,4R22_B,0.13333333333333333,2.0265209954804257,0.26666666666666666,0.0,0.5333333333333333,0.26666666666666666,4.035799191996264,2,0.5333333333333333
0.18823529411764706,0.12962962962962962,2,4R24_B,0.125,2.023921071350365,0.25,0.0,0.5,0.25,4.000120453033177,2,0.5
0.0556792873051225,0.026823387582881254,2,4R28_C,0.16,1.1420139086928764,0.36,0.12,0.16,0.24,4.251183756212038,4,0.64
0.2413793103448276,0.153737658674189,2,4R2D_A,0.047619047619047616,1.4572746556101426,0.09523809523809523,0.23809523809523808,0.14285714285714285,0.5238095238095238,4.708967176093742,2,0.7142857142857143
0.2808988764044944,0.14475431606905712,2,4R2P_A,0.12,1.4700586127808206,0.16,0.12,0.24,0.48,4.218038351003756,2,0.8
0.24719101123595505,0.11954992967651196,2,4R2S_A,0.09090909090909091,1.4407412999052673,0.09090909090909091,0.13636363636363635,0.13636363636363635,0.5909090909090909,4.575284369843689,2,0.7727272727272727
0.13095238095238096,0.08247422680412371,2,4R4E_B,0.09090909090909091,1.796721002817179,0.18181818181818182,0.0,0.36363636363636365,0.45454545454545453,3.5448252509453417,2,0.5454545454545454
0.22641509433962265,0.15839243498817968,2,4R55_A,0.16666666666666666,1.8058157222428464,0.5833333333333334,0.0,0.08333333333333333,0.3333333333333333,3.111475503651799,1,1.0
0.08256880733944955,0.051252408477842,3,4R63_A,0.1111111111111111,1.8688637462285675,0.25925925925925924,0.07407407407407407,0.25925925925925924,0.25925925925925924,5.686695307085004,4,0.5925925925925926
0.07975460122699386,0.047126436781609195,3,4R64_A,0.11538461538461539,1.8293449934454542,0.23076923076923078,0.07692307692307693,0.3076923076923077,0.2692307692307692,5.8392141693739745,4,0.34615384615384615
0.10780669144981413,0.049281314168377825,3,4R8A_A,0.15517241379310345,1.6115326629339093,0.3103448275862069,0.10344827586206896,0.1896551724137931,0.41379310344827586,5.994149821559964,16,0.2413793103448276
0.015748031496062992,0.007000538502961767,2,4R8P_L,0.0,6.475818689004261,0.0,0.0,0.0,1.0,8.906196228119097,2,0.75
0.10294117647058823,0.052375607931163484,2,4R8U_A,0.02857142857142857,1.1105978084564936,0.2,0.08571428571428572,0.2,0.37142857142857144,4.756629711758969,7,0.4857142857142857
0.10946745562130178,0.05798192771084337,2,4R8U_B,0.02702702702702703,1.100049029744314,0.1891891891891892,0.10810810810810811,0.21621621621621623,0.35135135135135137,4.7158038677946905,7,0.4864864864864865
0.10294117647058823,0.06374881065651761,2,4RB3_C,0.07142857142857142,1.5092416197287046,0.35714285714285715,0.07142857142857142,0.35714285714285715,0.2857142857142857,3.5299737931608086,2,0.9285714285714286
0.15757575757575756,0.10647803425167536,2,4RDM_A,0.038461538461538464,1.4056427640400657,0.11538461538461539,0.19230769230769232,0.2692307692307692,0.38461538461538464,3.78741465475611,2,0.9615384615384616
0.20967741935483872,0.13861386138613863,2,4RDU_D,0.23076923076923078,1.937595384130859,0.38461538461538464,0.0,0.38461538461538464,0.38461538461538464,4.069397984016299,3,0.46153846153846156
0.01854974704890388,0.010464629552113856,1,4REC_A,0.18181818181818182,3.132517152385276,0.36363636363636365,0.0,0.36363636363636365,0.45454545454545453,6.846252487661651,4,0.45454545454545453
0.05365853658536585,0.02934034803723189,4,4RI9_A,0.06060606060606061,1.8073598826984825,0.18181818181818182,0.030303030303030304,0.2727272727272727,0.5454545454545454,7.596016050500872,12,0.21212121212121213
0.01910828025477707,0.007547169811320755,2,4RIB_B,0.16666666666666666,2.4890082819951482,0.25,0.0,0.4166666666666667,0.4166666666666667,6.28239059287685,6,0.4166666666666667
0.020700636942675158,0.011320754716981131,2,4RIC_B,0.15384615384615385,2.6330743294148653,0.3076923076923077,0.0,0.38461538461538464,0.38461538461538464,6.269563034638383,5,0.38461538461538464
0.1568627450980392,0.09162303664921466,2,4RKH_D,0.0,1.4352386292980812,0.0,0.0,0.5,0.25,3.597629591242163,2,0.625
0.16853932584269662,0.10485021398002853,2,4ROC_B,0.13333333333333333,2.211563531231819,0.36666666666666664,0.0,0.3333333333333333,0.2,4.6109661921629215,2,0.9333333333333333
0.13813813813813813,0.06711409395973154,3,4RQ8_A,0.08695652173913043,1.406924405692258,0.30434782608695654,0.13043478260869565,0.2391304347826087,0.21739130434782608,4.51921485139519,4,0.5652173913043478
0.03402187120291616,0.03126526624328285,1,4RUL_A,0.25,3.0892854865598656,0.39285714285714285,0.0,0.32142857142857145,0.21428571428571427,6.128088871917395,7,0.35714285714285715
0.0684931506849315,0.03650057937427578,2,4S04_A,0.13333333333333333,1.34839362874753,0.2,0.0,0.4,0.3333333333333333,4.166186385796194,3,0.6666666666666666
0.20754716981132076,0.10173160173160173,2,4S0H_B,0.36363636363636365,1.9326855475610294,0.45454545454545453,0.0,0.45454545454545453,0.2727272727272727,4.22962693083742,3,0.6363636363636364
0.096045197740113,0.040887040887040885,2,4S0H_E,0.17647058823529413,1.8742809613711966,0.35294117647058826,0.0,0.35294117647058826,0.23529411764705882,4.173737103448047,1,1.0
0.11904761904761904,0.07128099173553719,2,4S0N_D,0.2,1.9583134637419075,0.3333333333333333,0.06666666666666667,0.3333333333333333,0.3333333333333333,4.6213668495877975,2,0.7333333333333333
0.23684210526315788,0.15926493108728942,2,4S2Q_D,0.16666666666666666,1.8095111367081622,0.3333333333333333,0.0,0.2777777777777778,0.4444444444444444,4.564035311050219,2,0.9444444444444444
0.06726457399103139,0.04638321369409166,2,4SKN_E,0.13333333333333333,1.4066821335180668,0.2,0.0,0.4666666666666667,0.26666666666666666,3.31565267133213,2,0.8
0.1023391812865497,0.05193827625141137,2,4TQR_A,0.02857142857142857,1.2712846760726406,0.3142857142857143,0.11428571428571428,0.22857142857142856,0.2,4.944865808456127,7,0.2857142857142857
0.07471264367816093,0.07004470938897168,1,4TU7_A,0.23076923076923078,1.653272456115284,0.3076923076923077,0.0,0.23076923076923078,0.46153846153846156,3.3372716846185626,1,1.0
0.01892744479495268,0.00872865275142315,2,4TUG_A,0.0,1.8736128336192115,0.16666666666666666,0.0,0.16666666666666666,0.6666666666666666,5.139003856917826,3,0.5
0.05108055009823183,0.02071611253196931,1,4TYN_A,0.0,1.5271884593333955,0.07692307692307693,0.15384615384615385,0.3076923076923077,0.23076923076923078,3.964019084362243,2,0.6153846153846154
0.0603448275862069,0.055872291904218926,2,4TZD_A,0.0,1.673669073805254,0.2857142857142857,0.07142857142857142,0.35714285714285715,0.2857142857142857,3.6668568653186364,1,1.0
0.17333333333333334,0.09060955518945635,2,4U0Y_A,0.0,2.250962758098382,0.07692307692307693,0.07692307692307693,0.23076923076923078,0.46153846153846156,3.375236207748719,1,1.0
0.1608187134502924,0.09027291812456263,4,4U7B_A,0.10909090909090909,3.450721414897414,0.2,0.05454545454545454,0.2909090909090909,0.36363636363636365,8.1036314928878,8,0.43636363636363634
0.21794871794871795,0.13771517996870108,2,4UMM_A,0.11764705882352941,1.5406301573884287,0.11764705882352941,0.11764705882352941,0.23529411764705882,0.5294117647058824,3.8090591813834083,2,0.7647058823529411
0.22988505747126436,0.09971098265895954,2,4UMM_E,0.15,1.8981042125762506,0.2,0.05,0.2,0.5,4.402043496125112,4,0.5
0.032924961715160794,0.015622076707202993,2,4UN3_B,0.06976744186046512,2.38306182071269,0.20930232558139536,0.09302325581395349,0.3488372093023256,0.32558139534883723,8.22526185485288,11,0.4883720930232558
0.22395833333333334,0.13996200126662445,4,4UNC_D,0.09302325581395349,2.234809717212285,0.16279069767441862,0.16279069767441862,0.3488372093023256,0.32558139534883723,4.726947158307526,1,1.0
0.2,0.1235813366960908,3,4UNO_A,0.3157894736842105,1.4919280790155456,0.42105263157894735,0.05263157894736842,0.3684210526315789,0.3684210526315789,3.730817424678888,2,0.8421052631578947
0.06217616580310881,0.03129131776112825,2,4UQG_A,0.08333333333333333,1.4247577199597858,0.25,0.05555555555555555,0.5277777777777778,0.19444444444444445,4.684587175406266,4,0.8055555555555556
0.07423580786026202,0.03886152162014231,2,4UQM_A,0.11764705882352941,1.3025273744103498,0.17647058823529413,0.11764705882352941,0.4117647058823529,0.17647058823529413,3.307477538128316,2,0.9411764705882353
0.25757575757575757,0.2154696132596685,1,4USG_A,0.11764705882352941,1.9455487337966937,0.23529411764705882,0.0,0.29411764705882354,0.35294117647058826,4.085973266818277,2,0.5882352941176471
0.14492753623188406,0.0693950177935943,2,4UUS_B,0.2,1.23915277415314,0.3,0.0,0.5,0.3,4.209328152055161,4,0.6
0.19791666666666666,0.0982367758186398,2,4UUV_A,0.3157894736842105,1.117858832481049,0.3684210526315789,0.10526315789473684,0.3684210526315789,0.3684210526315789,3.8931899290808083,5,0.5789473684210527
0.11678832116788321,0.08318098720292505,2,4UZB_A,0.1875,2.97599911630579,0.3125,0.0625,0.25,0.3125,5.336318436281763,4,0.375
0.1388888888888889,0.1038135593220339,2,4V1N_O,0.16,2.244730999965451,0.44,0.0,0.36,0.16,5.038020197820308,2,0.92
0.001813236627379873,0.0015989036089538603,2,4V8S_AR,0.0,,0.5,0.0,0.5,0.0,10.438155368200105,2,0.5
0.0045871559633027525,0.004887164007474486,1,4V8S_AW,0.25,1.8906957626424068,0.25,0.0,0.75,0.0,3.8384893250224756,2,0.75
0.013297872340425532,0.011355815554026153,2,4V8S_AY,0.0,3.2186125127561978,0.2,0.2,0.0,0.6,5.255368717713325,2,0.8
0.017045454545454544,0.004283489096573208,1,4W9M_C,0.0,1.9761191480253744,0.6666666666666666,0.0,0.16666666666666666,0.16666666666666666,2.5281159218903158,1,1.0
0.11764705882352941,0.05740740740740741,2,4WUH_A,0.0,1.2102647204063643,0.125,0.0,0.5,0.375,3.3405438910873855,1,1.0
0.07792207792207792,0.05570726379027854,2,4WWC_B,0.05555555555555555,2.4165745798032585,0.2222222222222222,0.05555555555555555,0.2777777777777778,0.3333333333333333,3.6810379100602266,1,1.0
0.10975609756097561,0.05995203836930456,2,4WX9_B,0.16666666666666666,1.0074014759994192,0.2777777777777778,0.0,0.3888888888888889,0.05555555555555555,3.4343516750963077,2,0.8888888888888888
0.01782178217821782,0.003226607098535617,2,4WZW_A,0.1111111111111111,2.483208138692261,0.3333333333333333,0.1111111111111111,0.1111111111111111,0.5555555555555556,6.557232506970353,5,0.3333333333333333
0.1926605504587156,0.1272294887039239,2,4X0G_B,0.047619047619047616,1.369504988589715,0.23809523809523808,0.047619047619047616,0.19047619047619047,0.47619047619047616,3.8072865717975346,2,0.9523809523809523
0.12745098039215685,0.07948717948717948,2,4X23_C,0.0,3.052418993056638,0.15384615384615385,0.0,0.07692307692307693,0.6153846153846154,7.157113629750883,2,0.7692307692307693
0.1111111111111111,0.07112375533428165,2,4X23_D,0.2,3.3615319869843825,0.4,0.1,0.6,0.0,6.936521057606217,3,0.5
0.24489795918367346,0.16938519447929737,2,4X23_E,0.08333333333333333,2.8282426602947526,0.2916666666666667,0.041666666666666664,0.20833333333333334,0.375,6.698559891842629,4,0.375
0.2558139534883721,0.14285714285714285,2,4X9J_A,0.045454545454545456,1.5496512989971392,0.09090909090909091,0.22727272727272727,0.13636363636363635,0.5454545454545454,4.731439787816417,3,0.7272727272727273
0.3050847457627119,0.1601489757914339,2,4XIC_A,0.16666666666666666,1.8263929995057593,0.2777777777777778,0.0,0.3888888888888889,0.4444444444444444,4.031487261691102,3,0.6111111111111112
0.08905380333951762,0.046289668336912435,2,4XIU_A,0.041666666666666664,1.1734044045784744,0.1875,0.0625,0.5208333333333334,0.22916666666666666,4.496650803852657,2,0.75
0.011409395973154362,0.003911232038091999,2,4XLN_D,0.11764705882352941,1.505696116661534,0.17647058823529413,0.0,0.29411764705882354,0.5294117647058824,7.428151208818076,11,0.17647058823529413
0.1642651296829971,0.10710460549803641,2,4XLN_F,0.12280701754385964,2.6621078677868972,0.3157894736842105,0.07017543859649122,0.22807017543859648,0.3684210526315789,8.261840831494935,6,0.7368421052631579
0.02775290957923008,0.015407441223464963,2,4XLR_C,0.0967741935483871,1.961465136324273,0.25806451612903225,0.0967741935483871,0.0967741935483871,0.3548387096774194,7.171410439743024,10,0.3225806451612903
0.030864197530864196,0.012558869701726845,2,4XLS_M,0.2,3.0255454743595096,0.4,0.2,0.2,0.0,3.282531766547055,2,0.6
0.1717171717171717,0.09167671893848009,2,4XQJ_A,0.058823529411764705,3.018626547569194,0.17647058823529413,0.0,0.4117647058823529,0.4117647058823529,4.205520052327201,1,1.0
0.03823335530652604,0.02207059219947772,2,4XQK_A,0.10344827586206896,1.5626897112502007,0.22413793103448276,0.08620689655172414,0.39655172413793105,0.29310344827586204,5.036731329487091,10,0.8103448275862069
0.13131313131313133,0.0703030303030303,2,4XQQ_A,0.07692307692307693,2.266833365449476,0.15384615384615385,0.0,0.5384615384615384,0.3076923076923077,3.839665481413234,2,0.9230769230769231
0.13636363636363635,0.07547923322683706,2,4XR0_A,0.11904761904761904,1.3123567891823993,0.2857142857142857,0.023809523809523808,0.2857142857142857,0.38095238095238093,4.840609623444939,9,0.4523809523809524
0.1377049180327869,0.06731549067315491,2,4XR2_A,0.11904761904761904,1.3497642071441773,0.3333333333333333,0.0,0.2857142857142857,0.40476190476190477,4.8258800729839635,11,0.2857142857142857
0.15625,0.07824427480916031,2,4XRM_B,0.3,1.3136720736607912,0.4,0.0,0.3,0.4,3.783829786666225,4,0.7
0.13793103448275862,0.07392197125256673,2,4XRS_B,0.125,1.3429227617631316,0.25,0.125,0.375,0.25,3.568967017810441,2,0.875
0.17857142857142858,0.1673728813559322,2,4XRS_G,0.2,2.4598190886947062,0.3,0.0,0.3,0.4,4.120165905719811,2,0.5
0.09907120743034056,0.07197735543873837,3,4XUS_A,0.15625,1.362472448095183,0.28125,0.0,0.28125,0.34375,5.399328810884096,5,0.34375
0.05564142194744977,0.022104851330203443,2,4XVI_A,0.027777777777777776,1.3791320526640503,0.1388888888888889,0.05555555555555555,0.4722222222222222,0.3055555555555556,4.595812192350653,4,0.6111111111111112
0.09917355371900827,0.07922912205567452,2,4XZF_A,0.3333333333333333,1.3706462213884263,0.5,0.08333333333333333,0.3333333333333333,0.25,3.389592405387067,1,1.0
0.13924050632911392,0.0685805422647528,2,4XZQ_B,0.0,5.110299319815067,0.09090909090909091,0.0,0.2727272727272727,0.45454545454545453,8.70085342203787,3,0.36363636363636365
0.12903225806451613,0.05075445816186557,2,4XZQ_D,0.08333333333333333,2.1440255944393702,0.16666666666666666,0.08333333333333333,0.5,0.3333333333333333,7.325633139785131,4,0.5
0.2631578947368421,0.16358024691358025,2,4Y60_C,0.15,2.0754692743292624,0.3,0.0,0.2,0.45,4.4685355957501764,1,1.0
0.10778443113772455,0.06929555895865237,3,4YD1_A,0.08333333333333333,1.6245047499611749,0.19444444444444445,0.1111111111111111,0.19444444444444445,0.3888888888888889,5.03579772236812,4,0.3333333333333333
0.07865168539325842,0.03834355828220859,2,4YF0_B,0.0,2.844317448780753,0.14285714285714285,0.0,0.2857142857142857,0.2857142857142857,5.883789629145989,2,0.7142857142857143
0.08045977011494253,0.029780564263322883,2,4YFH_B,0.0,3.1711296909198445,0.14285714285714285,0.0,0.2857142857142857,0.2857142857142857,6.166119871318289,2,0.7142857142857143
0.20833333333333334,0.07155322862129145,2,4YG1_A,0.0,1.5268321878042042,0.13333333333333333,0.0,0.7333333333333333,0.13333333333333333,3.2980989897945245,2,0.7333333333333333
0.0024154589371980675,0.0012213740458015267,1,4YG7_D,0.0,,0.0,0.0,0.0,1.0,0.0,1,1.0
0.19047619047619047,0.09090909090909091,2,4YHX_A,0.125,2.8551854776229946,0.25,0.07142857142857142,0.30357142857142855,0.32142857142857145,5.624358144816704,7,0.625
0.07727272727272727,0.05536912751677853,2,4YIG_A,0.11764705882352941,1.4170656623419182,0.11764705882352941,0.11764705882352941,0.29411764705882354,0.4117647058823529,3.638059199887029,3,0.47058823529411764
0.056112224448897796,0.037703721722208705,2,4YIR_A,0.10714285714285714,1.966469936056341,0.25,0.03571428571428571,0.4642857142857143,0.21428571428571427,7.131709330038161,9,0.39285714285714285
0.17627118644067796,0.09254498714652956,2,4YIS_A,0.057692307692307696,3.1316349208269645,0.23076923076923078,0.07692307692307693,0.36538461538461536,0.3269230769230769,6.083547500710637,3,0.9615384615384616
0.18050541516245489,0.0998062015503876,2,4YIT_D,0.04,2.9423811532700777,0.22,0.06,0.4,0.3,5.658427787505495,4,0.72
0.23809523809523808,0.126232741617357,2,4YJ0_B,0.0,1.3506980221296896,0.13333333333333333,0.0,0.13333333333333333,0.6,4.8553895326698635,3,0.6666666666666666
0.05128205128205128,0.040175768989328314,2,4YKL_B,0.3,2.3196479025511563,0.3,0.0,0.2,0.5,5.047316592255049,4,0.4
0.07929515418502203,0.04052511415525114,2,4YNQ_A,0.1111111111111111,1.8097028897682927,0.3888888888888889,0.05555555555555555,0.3888888888888889,0.2777777777777778,3.967028777415398,1,1.0
0.10755813953488372,0.0701627486437613,2,4YOQ_A,0.10810810810810811,1.4364959968381115,0.32432432432432434,0.02702702702702703,0.24324324324324326,0.24324324324324326,3.995642104587774,3,0.4864864864864865
0.0881057268722467,0.03513664249860569,1,4YOW_A,0.05,1.9215132913708968,0.3,0.05,0.25,0.15,4.106636062759102,3,0.7
0.11549295774647887,0.07937062937062937,2,4YPR_A,0.0975609756097561,1.439500988290493,0.34146341463414637,0.07317073170731707,0.2926829268292683,0.17073170731707318,3.77814876306774,6,0.7560975609756098
0.07962529274004684,0.040627885503231764,2,4YQW_A,0.058823529411764705,1.1538462234075606,0.23529411764705882,0.058823529411764705,0.23529411764705882,0.35294117647058826,4.697600509101806,8,0.3235294117647059
0.07547169811320754,0.03739184177997528,2,4YR3_A,0.09375,1.1871898250181063,0.21875,0.0625,0.28125,0.3125,4.840447865309548,8,0.375
0.04861111111111111,0.026006711409395974,2,4YRV_A,0.0,4.02541037154816,0.14285714285714285,0.07142857142857142,0.21428571428571427,0.5,7.600195012726421,5,0.5
0.140893470790378,0.0847457627118644,2,4Z1X_A,0.0975609756097561,2.265493698580527,0.24390243902439024,0.12195121951219512,0.34146341463414637,0.34146341463414637,5.5025092647464575,5,0.8292682926829268
0.15771812080536912,0.08618331053351573,2,4Z20_A,0.10638297872340426,2.866030267562664,0.23404255319148937,0.1276595744680851,0.3191489361702128,0.3404255319148936,6.243682078321232,8,0.6170212765957447
0.03505154639175258,0.01301939058171745,3,4Z2C_A,0.0,1.5268911663800924,0.29411764705882354,0.0,0.17647058823529413,0.4117647058823529,5.211565939489818,7,0.29411764705882354
0.13705583756345177,0.0832258064516129,2,4Z3A_A,0.0,1.70449941404203,0.14814814814814814,0.0,0.37037037037037035,0.2222222222222222,3.9338712764827455,3,0.7777777777777778
0.19718309859154928,0.09929078014184398,2,4Z5D_A,0.0,1.4467072281266327,0.14285714285714285,0.0,0.7142857142857143,0.14285714285714285,3.349111976571819,2,0.7857142857142857
0.19444444444444445,0.10193321616871705,2,4Z5H_A,0.0,1.3787870138532472,0.14285714285714285,0.0,0.7142857142857143,0.14285714285714285,3.4465970401488417,1,1.0
0.14953271028037382,0.0847457627118644,2,4Z66_C,0.0,2.0280244450285694,0.1875,0.0,0.125,0.5625,6.435044857274279,2,0.8125
0.13829787234042554,0.04891304347826087,2,4Z66_D,0.07692307692307693,2.0705610159520185,0.15384615384615385,0.07692307692307693,0.5384615384615384,0.3076923076923077,7.084556368790711,4,0.5384615384615384
0.061946902654867256,0.031578947368421054,2,4Z8F_H,0.2857142857142857,1.4057247078979278,0.35714285714285715,0.0,0.42857142857142855,0.2857142857142857,3.9057215021300142,1,1.0
0.004672897196261682,0.003003003003003003,1,4Z8F_L,0.0,,0.0,0.0,0.0,1.0,0.0,1,1.0
0.030844155844155844,0.021932547072211876,2,4ZCF_A,0.2631578947368421,1.7715746842368945,0.3684210526315789,0.0,0.3684210526315789,0.2631578947368421,4.505290641575728,5,0.5789473684210527
0.07462686567164178,0.0391276459268762,1,4ZHN_A,0.2,1.1323882485068706,0.4666666666666667,0.06666666666666667,0.3333333333333333,0.26666666666666666,4.013065142149966,3,0.5333333333333333
0.051470588235294115,0.03796889295516926,2,4ZSF_A,0.0,1.4507441307117754,0.0,0.0,0.5,0.5,6.793196700561988,7,0.42857142857142855
0.002207505518763797,0.0008294166436273154,1,4ZUX_e,0.0,,0.0,0.0,0.0,1.0,0.0,1,1.0
0.1476510067114094,0.09499575911789652,2,4ZYD_A,0.13636363636363635,1.191080250358993,0.4090909090909091,0.045454545454545456,0.3181818181818182,0.18181818181818182,3.0252892804744356,2,0.9545454545454546
0.17410714285714285,0.10365198711063373,4,5A0M_A,0.1282051282051282,2.0862337908872677,0.1794871794871795,0.1282051282051282,0.358974358974359,0.3076923076923077,5.140446418119243,6,0.5641025641025641
0.18061674008810572,0.11792956243329776,4,5A0M_B,0.12195121951219512,1.949400556262372,0.1951219512195122,0.0975609756097561,0.3170731707317073,0.34146341463414637,5.023598378559516,4,0.6585365853658537
0.225130890052356,0.129073482428115,2,5A0W_D,0.09302325581395349,2.2861877181183363,0.16279069767441862,0.11627906976744186,0.37209302325581395,0.3488372093023256,5.057018195317221,2,0.6511627906976745
0.14782608695652175,0.10106382978723404,2,5A3D_B,0.058823529411764705,2.3321382556470525,0.17647058823529413,0.058823529411764705,0.29411764705882354,0.4117647058823529,4.743454340237533,3,0.7058823529411765
0.1962025316455696,0.13004846526655897,2,5A72_B,0.06451612903225806,1.6536780435474843,0.1935483870967742,0.12903225806451613,0.3225806451612903,0.2903225806451613,4.412493582472192,3,0.9354838709677419
0.189873417721519,0.14527845036319612,4,5A74_B,0.06666666666666667,1.667259499059204,0.23333333333333334,0.16666666666666666,0.3333333333333333,0.2,4.334781398410559,1,1.0
0.23497267759562843,0.1421957671957672,4,5AKM_A,0.09302325581395349,2.4425953500578093,0.16279069767441862,0.13953488372093023,0.37209302325581395,0.3488372093023256,5.000305325568199,2,0.627906976744186
0.24456521739130435,0.1453104359313078,3,5AKN_F,0.08888888888888889,2.15462982235628,0.2,0.15555555555555556,0.3111111111111111,0.3333333333333333,4.749153990908749,1,1.0
0.043478260869565216,0.01681931723563697,1,5AWH_A,0.15151515151515152,1.8142430545753143,0.30303030303030304,0.09090909090909091,0.2727272727272727,0.3939393939393939,6.776476792819255,11,0.2727272727272727
0.028051554207733132,0.013853306765347757,2,5B2R_B,0.08108108108108109,2.1609723447589615,0.24324324324324326,0.08108108108108109,0.32432432432432434,0.32432432432432434,8.660973769374591,11,0.24324324324324326
0.027293404094010616,0.014881236287322332,2,5B2S_B,0.08333333333333333,2.1045070209226,0.25,0.1111111111111111,0.3055555555555556,0.3055555555555556,8.568100440186207,11,0.25
0.02865761689291101,0.014668063625107154,2,5B2T_B,0.07894736842105263,2.376921075198369,0.2631578947368421,0.07894736842105263,0.3157894736842105,0.3157894736842105,8.597505100531519,9,0.2894736842105263
0.05110062893081761,0.029044009057792655,2,5B43_A,0.1076923076923077,2.4358408541900656,0.2153846153846154,0.046153846153846156,0.4,0.27692307692307694,6.857368569251213,11,0.27692307692307694
0.18018018018018017,0.13714902807775378,2,5B7J_A,0.0,1.663871641131835,0.3,0.0,0.35,0.35,3.4976947086008754,2,0.95
0.18333333333333332,0.07171314741035857,2,5BNG_B,0.2727272727272727,1.2139861669810712,0.45454545454545453,0.09090909090909091,0.18181818181818182,0.36363636363636365,4.078010177872538,4,0.6363636363636364
0.0975609756097561,0.06743940990516333,1,5BNH_A,0.25,1.4439991397468854,0.4166666666666667,0.08333333333333333,0.3333333333333333,0.3333333333333333,3.3893591430122125,1,1.0
0.022813688212927757,0.010702652396463471,2,5BOX_A,0.3333333333333333,2.957508335201183,0.5,0.0,0.5,0.16666666666666666,3.729637937071168,2,0.5
0.026615969581749048,0.01907864122847836,2,5BPD_A,0.2857142857142857,2.2152279275626836,0.42857142857142855,0.0,0.42857142857142855,0.14285714285714285,3.511936980571439,2,0.5714285714285714
0.06072874493927125,0.04881808838643371,4,5BS8_D,0.0,1.355514308826004,0.26666666666666666,0.2,0.13333333333333333,0.3333333333333333,4.2074951588958385,2,0.8666666666666667
0.07462686567164178,0.03669724770642202,2,5BYG_B,0.06666666666666667,1.9791993466515618,0.26666666666666666,0.0,0.2,0.26666666666666666,3.4631710667389104,1,1.0
0.05357142857142857,0.029,2,5C8E_G,0.13333333333333333,2.0755686378189133,0.3333333333333333,0.0,0.13333333333333333,0.4,4.123009511743073,2,0.5333333333333333
0.07894736842105263,0.034646739130434784,3,5CDM_D,0.0,1.5512277216902968,0.26666666666666666,0.2,0.06666666666666667,0.4,4.196087799359725,3,0.8
0.08994708994708994,0.03822098679638638,3,5CDN_U,0.0,1.3909092748547927,0.29411764705882354,0.17647058823529413,0.11764705882352941,0.35294117647058826,3.9664971011653707,2,0.8823529411764706
0.0797872340425532,0.03708791208791209,2,5CDO_B,0.0,1.7834177429505618,0.2,0.2,0.13333333333333333,0.4,4.531802127369661,3,0.8
0.041407867494824016,0.021914949126010958,2,5CDP_A,0.1,1.3247382040451028,0.3,0.0,0.15,0.45,5.357441028240305,7,0.65
0.07894736842105263,0.0410221923335575,3,5CDP_B,0.0,1.767505209324663,0.2,0.2,0.13333333333333333,0.4,4.500095675480903,3,0.8
0.08808290155440414,0.03935957304869913,2,5CDQ_S,0.0,1.6601969844931423,0.23529411764705882,0.17647058823529413,0.17647058823529413,0.29411764705882354,4.519762201691983,2,0.8823529411764706
0.07116104868913857,0.04101838755304102,2,5CG9_A,0.15789473684210525,1.474003556417382,0.42105263157894735,0.05263157894736842,0.3684210526315789,0.21052631578947367,3.8482285672179803,3,0.8947368421052632
0.09565217391304348,0.03254274682846112,1,5CHI_A,0.09090909090909091,1.7679008017277036,0.36363636363636365,0.09090909090909091,0.22727272727272727,0.045454545454545456,3.7270084886450348,1,1.0
0.1419753086419753,0.07585675779745861,2,5CKY_O,0.08695652173913043,2.406126312520905,0.21739130434782608,0.043478260869565216,0.32608695652173914,0.41304347826086957,5.97768666261289,6,0.391304347826087
0.06926406926406926,0.04100461301896463,2,5CL3_A,0.3125,1.5734329954903632,0.3125,0.0,0.125,0.5,5.599269109194534,4,0.5625
0.0735930735930736,0.04459251665812404,2,5CL8_A,0.29411764705882354,1.6186258954048436,0.29411764705882354,0.058823529411764705,0.17647058823529413,0.47058823529411764,5.374978833120498,5,0.47058823529411764
0.16666666666666666,0.09561752988047809,2,5CLV_B,0.0,1.3470669200216872,0.1875,0.0625,0.375,0.1875,3.5790063831766568,3,0.6875
0.26153846153846155,0.14228456913827656,2,5CLV_E,0.0,1.5030766726063434,0.23529411764705882,0.058823529411764705,0.35294117647058826,0.17647058823529413,3.6078812925835706,3,0.6470588235294118
0.17525773195876287,0.10512483574244415,2,5CM3_A,0.0,1.4886296860598718,0.23529411764705882,0.058823529411764705,0.35294117647058826,0.17647058823529413,3.5530990358614574,3,0.6470588235294118
0.14814814814814814,0.0668211664735419,2,5CO0_O,0.0625,2.3581419488294384,0.1875,0.041666666666666664,0.2708333333333333,0.4166666666666667,5.809206648615625,3,0.5416666666666666
0.16,0.048484848484848485,2,5CQQ_B,0.08333333333333333,2.240918965429284,0.16666666666666666,0.0,0.25,0.5,5.023100312098926,3,0.4166666666666667
0.1419753086419753,0.0777820562187139,2,5CRJ_O,0.06521739130434782,2.374309497335647,0.15217391304347827,0.06521739130434782,0.30434782608695654,0.45652173913043476,5.898074596223984,6,0.3695652173913043
0.13580246913580246,0.06841901816776189,2,5CRK_O,0.09090909090909091,2.366876529796005,0.18181818181818182,0.06818181818181818,0.29545454545454547,0.45454545454545453,5.847231301555332,5,0.45454545454545453
0.11384615384615385,0.06611570247933884,3,5CWR_A,0.16216216216216217,1.4543699354021131,0.32432432432432434,0.05405405405405406,0.2702702702702703,0.2702702702702703,4.939795536852857,4,0.32432432432432434
0.09836065573770492,0.07257501744591766,2,5CY1_A,0.1111111111111111,2.8957805507647603,0.3333333333333333,0.0,0.2777777777777778,0.3888888888888889,4.386450252646031,2,0.6111111111111112
0.045062320230105465,0.02197410618838342,2,5CZZ_A,0.14893617021276595,2.672829184702615,0.3617021276595745,0.02127659574468085,0.44680851063829785,0.19148936170212766,8.461108222473444,13,0.23404255319148937
0.18072289156626506,0.15926493108728942,2,5D4S_B,0.06666666666666667,2.664375889191151,0.13333333333333333,0.06666666666666667,0.4,0.26666666666666666,3.944035522980276,1,1.0
0.1111111111111111,0.07829181494661921,2,5D5X_B,0.0,1.5419374667900179,0.0,0.0,0.36363636363636365,0.6363636363636364,3.7768363070429447,1,1.0
0.109375,0.07371483996120272,2,5D8C_B,0.21428571428571427,2.070501471576442,0.35714285714285715,0.0,0.42857142857142855,0.2857142857142857,3.9556111685984483,2,0.8571428571428571
0.06481481481481481,0.09808612440191387,1,5D8F_B,0.5714285714285714,2.012200021251122,0.5714285714285714,0.0,0.5714285714285714,0.14285714285714285,4.622576227511032,3,0.7142857142857143
0.1320754716981132,0.07829977628635347,2,5D8K_B,0.21428571428571427,1.6075692742521317,0.21428571428571427,0.0,0.35714285714285715,0.5,3.7898038713905833,1,1.0
0.01160092807424594,0.005980484734025811,2,5DAC_A,0.0,1.8596741411499174,0.0,0.0,0.8,0.2,4.042363365877816,2,0.8
0.11231884057971014,0.057208237986270026,3,5DFF_A,0.16129032258064516,1.4054183352381482,0.3548387096774194,0.12903225806451613,0.25806451612903225,0.2903225806451613,3.993454088855968,1,1.0
0.10144927536231885,0.04238833181403829,2,5DFJ_A,0.17857142857142858,1.4494268621070565,0.35714285714285715,0.07142857142857142,0.35714285714285715,0.25,4.1693112690850205,2,0.8928571428571429
0.09404388714733543,0.04978096375945838,3,5DKW_A,0.2,1.5423378353028214,0.26666666666666666,0.1,0.23333333333333334,0.3333333333333333,5.587665180376793,9,0.2
0.03214285714285714,0.018501387604070305,2,5DLJ_B,0.1111111111111111,1.3202633785112523,0.3333333333333333,0.2222222222222222,0.1111111111111111,0.2222222222222222,4.062577859934228,3,0.7777777777777778
0.08974358974358974,0.04538087520259319,2,5DLJ_E,0.0,2.6479719417883105,0.14285714285714285,0.14285714285714285,0.14285714285714285,0.5714285714285714,5.1051279932691145,4,0.2857142857142857
0.027855153203342618,0.01564129301355579,2,5DNY_B,0.1,2.4368363908888204,0.3,0.0,0.4,0.2,6.417912547301117,4,0.5
0.04318936877076412,0.02569686411149826,2,5DQZ_B,0.07692307692307693,2.89998125057684,0.46153846153846156,0.15384615384615385,0.15384615384615385,0.15384615384615385,6.776564562406591,5,0.6153846153846154
0.0851063829787234,0.029769959404600813,2,5DQZ_E,0.0,2.995483667004101,0.25,0.125,0.125,0.5,5.432692263193499,5,0.25
0.02527075812274368,0.011235955056179775,2,5DS5_B,0.0,1.149485113573396,0.2857142857142857,0.2857142857142857,0.14285714285714285,0.14285714285714285,3.4641340238526745,2,0.8571428571428571
0.05319148936170213,0.02571041948579161,2,5DS5_E,0.0,3.6015051037390284,0.0,0.2,0.2,0.6,5.072730333207448,3,0.4
0.09183673469387756,0.061224489795918366,2,5DS9_B,0.0,1.751403910412957,0.0,0.0,0.5555555555555556,0.3333333333333333,3.122025819599023,1,1.0
0.08273381294964029,0.06343283582089553,2,5DWA_A,0.13043478260869565,1.5050231099477738,0.17391304347826086,0.13043478260869565,0.30434782608695654,0.391304347826087,4.60093309428364,5,0.5217391304347826
0.08636363636363636,0.060697115384615384,2,5DY0_A,0.10526315789473684,1.95815521461091,0.2631578947368421,0.0,0.3684210526315789,0.3157894736842105,3.771808372912814,1,1.0
0.10236220472440945,0.06549364613880743,2,5E01_B,0.23076923076923078,2.4609686101071646,0.3076923076923077,0.0,0.46153846153846156,0.3076923076923077,4.050840501497995,2,0.8461538461538461
0.030660377358490566,0.022666269012824338,2,5E24_E,0.15384615384615385,1.2416481616344215,0.15384615384615385,0.0,0.23076923076923078,0.6923076923076923,4.8580421683783195,4,0.46153846153846156
0.17006802721088435,0.09249786871270248,2,5E5O_A,0.1,3.2994788630097993,0.28,0.1,0.32,0.3,6.214428080180105,8,0.82
0.1717171717171717,0.09737510584250635,3,5E5S_A,0.09803921568627451,3.0981686455926813,0.2549019607843137,0.09803921568627451,0.35294117647058826,0.3137254901960784,6.104577533142886,7,0.5882352941176471
0.19112627986348124,0.10239931448157669,4,5E63_A,0.08928571428571429,3.326721866974384,0.26785714285714285,0.08928571428571429,0.32142857142857145,0.32142857142857145,5.944771565811475,5,0.8928571428571429
0.1598639455782313,0.08507909362975631,2,5E67_A,0.10638297872340426,3.3191120140184966,0.2765957446808511,0.1276595744680851,0.2978723404255319,0.3404255319148936,6.52296653385158,5,0.5319148936170213
0.037107516650808754,0.01854974704890388,1,5EAN_A,0.05128205128205128,2.698365575148065,0.1794871794871795,0.10256410256410256,0.28205128205128205,0.3333333333333333,6.605582655326059,9,0.4358974358974359
0.043021032504780114,0.022738268021286888,1,5EAX_A,0.06666666666666667,2.562611256207113,0.15555555555555556,0.17777777777777778,0.24444444444444444,0.3111111111111111,5.9669638442132085,11,0.2222222222222222
0.2698412698412698,0.17073170731707318,2,5EEA_G,0.11764705882352941,1.6373812359814144,0.23529411764705882,0.0,0.23529411764705882,0.5294117647058824,4.056745105102478,4,0.4117647058823529
0.16071428571428573,0.09462365591397849,2,5EG0_A,0.2222222222222222,1.6290772610152613,0.2222222222222222,0.1111111111111111,0.3333333333333333,0.4444444444444444,3.9669316620251394,4,0.3333333333333333
0.22807017543859648,0.09453781512605042,2,5EGO_A,0.23076923076923078,1.155557899935136,0.46153846153846156,0.0,0.3076923076923077,0.3076923076923077,3.611929708962116,4,0.6923076923076923
0.04415954415954416,0.020959290608625555,3,5EIX_A,0.06451612903225806,1.1334053172343266,0.2903225806451613,0.0967741935483871,0.25806451612903225,0.3225806451612903,4.904461713933105,7,0.3225806451612903
0.17123287671232876,0.08644656820156386,2,5ESP_A,0.08,2.904681771509447,0.26,0.06,0.4,0.24,5.764270707087042,6,0.74
0.3111111111111111,0.22662889518413598,2,5EXH_C,0.0,2.0402804519188744,0.14285714285714285,0.0,0.2857142857142857,0.5714285714285714,4.104557998209998,1,1.0
0.11764705882352941,0.050110537951363304,2,5EYB_A,0.2,1.5175086887480322,0.225,0.025,0.375,0.45,5.241679033342263,9,0.275
0.125,0.08029197080291971,2,5EYO_C,0.0,3.383484126595812,0.0,0.09090909090909091,0.18181818181818182,0.7272727272727273,4.554615392400765,2,0.8181818181818182
0.09090909090909091,0.063564875491481,1,5F0Q_A,0.17647058823529413,1.8793436745840697,0.23529411764705882,0.0,0.4117647058823529,0.35294117647058826,4.4090305598187145,2,0.8823529411764706
0.03064066852367688,0.0170316301703163,2,5F3W_B,0.09090909090909091,2.1793186190613696,0.2727272727272727,0.0,0.45454545454545453,0.18181818181818182,6.271800305417815,4,0.45454545454545453
0.04680851063829787,0.03699551569506727,1,5F55_A,0.15151515151515152,2.7095612974405134,0.3939393939393939,0.12121212121212122,0.15151515151515152,0.24242424242424243,5.686046330137278,6,0.3333333333333333
0.045454545454545456,0.02389409105586051,2,5F7Q_E,0.05555555555555555,4.035838187676615,0.16666666666666666,0.0,0.3888888888888889,0.3888888888888889,5.0870954829210815,3,0.7777777777777778
0.09836065573770492,0.052891744933267426,2,5F8A_A,0.041666666666666664,1.1909039480860237,0.08333333333333333,0.0,0.7083333333333334,0.16666666666666666,4.374537012946702,3,0.5
0.1322314049586777,0.07089151450053706,2,5F99_G,0.0,1.6757559006962017,0.1875,0.0,0.0625,0.6875,6.934113594390989,3,0.4375
0.04405286343612335,0.026414350482948944,2,5F9R_B,0.08333333333333333,1.4997699427747213,0.2,0.08333333333333333,0.36666666666666664,0.26666666666666666,6.651965513564209,14,0.38333333333333336
0.08695652173913043,0.05439709882139619,2,5FB2_A,0.3333333333333333,1.9659356552308291,0.5,0.0,0.25,0.25,4.254836416190443,4,0.75
0.05025125628140704,0.03074670571010249,4,5FDK_D,0.1,2.889028792984215,0.1,0.1,0.5,0.4,7.129800877211859,3,0.5
0.046948356807511735,0.02891566265060241,1,5FHE_A,0.1,2.031128990916442,0.2,0.0,0.3,0.3,4.198502855456633,2,0.9
0.01921397379912664,0.01352549889135255,2,5FKV_A,0.09090909090909091,1.5286830738761101,0.2727272727272727,0.045454545454545456,0.22727272727272727,0.36363636363636365,6.410562963238756,7,0.6363636363636364
0.008456659619450317,0.012114827495391098,2,5FMF_1,0.0,2.3015166254712867,0.25,0.25,0.0,0.5,9.730512515421314,4,0.25
0.034482758620689655,0.0198744769874477,2,5FMF_M,0.0,2.804458397231752,0.0,0.0,0.0,1.0,4.027330805991164,2,0.75
0.02,0.03365384615384615,1,5FMF_U,0.0,1.5613796378630795,0.0,0.0,0.3333333333333333,0.6666666666666666,2.736611466565868,1,1.0
0.06896551724137931,0.2309278350515464,2,5FMF_V,0.0,2.7071656605449523,0.16666666666666666,0.08333333333333333,0.25,0.3333333333333333,3.621043463392443,2,0.5833333333333334
0.031746031746031744,0.052104208416833664,1,5FMF_X,0.5,,1.0,0.0,0.5,0.0,1.513588047611522,1,1.0
0.04883720930232558,0.025115473441108545,1,5FTE_A,0.09523809523809523,2.1074736095100435,0.19047619047619047,0.0,0.3333333333333333,0.2857142857142857,4.202596397491817,2,0.9047619047619048
0.0851063829787234,0.02544529262086514,2,5FUR_C,0.0,5.518365820011975,0.0,0.0,0.0,1.0,5.819402583002797,2,0.75
0.03144171779141104,0.01489880059970015,2,5FW1_B,0.07317073170731707,2.276677174479789,0.24390243902439024,0.07317073170731707,0.34146341463414637,0.34146341463414637,8.27858701106065,14,0.24390243902439024
0.030395136778115502,0.013842437755481234,2,5FW2_B,0.075,2.353724135220608,0.275,0.1,0.275,0.325,8.424073015382419,12,0.3
0.030257186081694403,0.013673318551367332,2,5FW3_B,0.075,2.5797880511975486,0.225,0.1,0.3,0.375,8.442516829971105,12,0.325
0.04776119402985075,0.03302156900171788,1,5G5T_A,0.1875,2.567959425464428,0.375,0.09375,0.375,0.1875,7.147719686398291,8,0.25
0.13389121338912133,0.07421052631578948,2,5GKE_A,0.09375,1.8451990669838692,0.25,0.125,0.25,0.3125,5.456014658967397,3,0.59375
0.04184100418410042,0.01981230448383733,1,5GKP_B,0.0,1.4627542383389571,0.1,0.1,0.3,0.3,4.020411152387008,4,0.7
0.04830917874396135,0.042702358189929894,1,5GKR_A,0.4,1.8764250638357076,0.4,0.0,0.6,0.1,3.3849675314307874,1,1.0
0.009389671361502348,0.013836477987421384,1,5GKR_B,1.0,,1.0,0.0,1.0,0.0,2.8182481180301955,1,1.0
0.05789473684210526,0.03881578947368421,2,5GPC_A,0.18181818181818182,1.3310839364718554,0.5454545454545454,0.0,0.36363636363636365,0.18181818181818182,3.2235310304760185,2,0.7272727272727273
0.14184397163120568,0.07279344858962693,2,5H3R_A,0.0,2.220040664432807,0.3,0.05,0.25,0.25,4.072386076831247,2,0.95
0.026845637583892617,0.018989983305509182,1,5H8W_A,0.3125,1.3335660962380949,0.4375,0.0625,0.25,0.25,4.307716180337078,5,0.5
0.079002079002079,0.04378003203416978,2,5H9F_A,0.07894736842105263,2.830846606159034,0.18421052631578946,0.02631578947368421,0.2894736842105263,0.34210526315789475,5.988550108178948,8,0.4473684210526316
0.05228758169934641,0.02969502407704655,1,5H9F_B,0.0,3.8764948381159297,0.125,0.0,0.375,0.375,6.805771549413961,3,0.625
0.0091324200913242,0.004043905257076834,1,5H9F_J,0.0,,0.0,0.0,1.0,0.0,2.7093574610546254,1,1.0
0.037037037037037035,0.02127659574468085,1,5HAW_B,0.14285714285714285,1.5376986264382397,0.14285714285714285,0.14285714285714285,0.5714285714285714,0.2857142857142857,3.5508454723096987,1,1.0
0.03571428571428571,0.0289490245437382,1,5HBU_B,0.14285714285714285,1.661074984493545,0.14285714285714285,0.14285714285714285,0.5714285714285714,0.2857142857142857,3.5525139075944407,1,1.0
0.008771929824561403,0.0024183796856106408,1,5HCH_A,0.0,,0.0,0.0,0.0,1.0,0.0,1,1.0
0.037383177570093455,0.022598870056497175,1,5HDN_C,0.0,3.4547210429443735,0.0,0.0,0.5,0.5,2.696256174245177,1,1.0
0.08307692307692308,0.04959318093762108,3,5HHH_A,0.1111111111111111,1.8520772683521662,0.2962962962962963,0.1111111111111111,0.25925925925925924,0.2222222222222222,5.616839190668286,5,0.3333333333333333
0.11650485436893204,0.11068702290076336,1,5HK3_B,0.08333333333333333,1.4706587888328138,0.16666666666666666,0.08333333333333333,0.3333333333333333,0.25,3.2655232034683737,1,1.0
0.13986013986013987,0.08050847457627118,2,5HLG_B,0.05,2.305645741442082,0.15,0.05,0.5,0.35,4.484844242878114,2,0.9
0.10714285714285714,0.062095730918499355,2,5HNF_A,0.03333333333333333,1.1318721052227432,0.13333333333333333,0.13333333333333333,0.3,0.43333333333333335,3.982996543222306,3,0.9333333333333333
0.05514705882352941,0.029051293690422152,2,5HNK_A,0.06666666666666667,2.14967522544799,0.26666666666666666,0.06666666666666667,0.13333333333333333,0.3333333333333333,5.5629213761438265,5,0.4666666666666667
0.21311475409836064,0.12749003984063745,2,5HOD_A,0.0,2.4398107968523615,0.23076923076923078,0.0,0.3076923076923077,0.38461538461538464,4.1203655027622,3,0.5384615384615384
0.13970588235294118,0.09252506836827712,3,5HP4_A,0.13157894736842105,1.6117809770676352,0.23684210526315788,0.15789473684210525,0.23684210526315788,0.2894736842105263,5.309617384157373,6,0.5
0.09550561797752809,0.03330970942593905,2,5HRF_A,0.058823529411764705,2.435814692227877,0.35294117647058826,0.058823529411764705,0.29411764705882354,0.29411764705882354,4.875160469445689,2,0.5294117647058824
0.12994350282485875,0.049019607843137254,2,5HRG_A,0.08695652173913043,1.3788329236224361,0.2608695652173913,0.08695652173913043,0.2608695652173913,0.30434782608695654,3.8490689079785874,1,1.0
0.11363636363636363,0.05695746214852199,2,5HRH_B,0.1,2.342293054205457,0.35,0.05,0.25,0.35,4.945503375181087,3,0.55
0.09090909090909091,0.05145413870246085,3,5HRK_B,0.0625,2.2878122997911214,0.1875,0.0625,0.375,0.375,5.602265452969267,5,0.4375
0.058823529411764705,0.029717682020802376,2,5HT2_A,0.2,1.3334460716125305,0.26666666666666666,0.13333333333333333,0.3333333333333333,0.26666666666666666,3.778393703201869,3,0.8
0.06666666666666667,0.05067350865939705,2,5I2D_G,0.07692307692307693,1.3034573767663125,0.23076923076923078,0.15384615384615385,0.23076923076923078,0.46153846153846156,4.023501247336267,2,0.8461538461538461
0.16176470588235295,0.08333333333333333,2,5I44_B,0.09090909090909091,1.3215059539899736,0.09090909090909091,0.0,0.5454545454545454,0.45454545454545453,3.391468454898733,1,1.0
0.046296296296296294,0.022247575584711923,2,5IFF_A,0.0,4.320956618109156,0.0,0.0,0.5,0.5,6.093366643128488,3,0.5
0.08868501529051988,0.06147220046985121,3,5IIO_A,0.20689655172413793,1.676265538551368,0.3103448275862069,0.06896551724137931,0.20689655172413793,0.3103448275862069,5.636316117953893,7,0.41379310344827586
0.05138339920948617,0.02528507684680218,2,5INO_A,0.07692307692307693,1.5680937310790097,0.15384615384615385,0.15384615384615385,0.38461538461538464,0.23076923076923078,4.26957164539992,3,0.6153846153846154
0.04133180252583238,0.02082066869300912,2,5IUD_D,0.1388888888888889,1.1429873378678903,0.25,0.08333333333333333,0.2777777777777778,0.3333333333333333,5.0723353580775,8,0.6111111111111112
0.031055900621118012,0.021426704990854455,3,5IWI_A,0.06666666666666667,1.241959774547184,0.2,0.0,0.13333333333333333,0.5333333333333333,5.393440951329147,7,0.26666666666666666
0.08854166666666667,0.05126498002663116,2,5IWI_B,0.0,1.7543750870224322,0.17647058823529413,0.23529411764705882,0.11764705882352941,0.35294117647058826,4.340037673476612,3,0.8235294117647058
0.010300429184549357,0.004722550177095631,2,5IYB_B,0.16666666666666666,1.113249837191137,0.25,0.16666666666666666,0.3333333333333333,0.4166666666666667,9.374660474298816,9,0.3333333333333333
0.0967741935483871,0.06148055207026349,2,5IYB_M,0.0,2.308874518290384,0.16666666666666666,0.03333333333333333,0.3,0.5,9.081339628531861,8,0.3
0.11235955056179775,0.06565478291563713,3,5J0N_F,0.1,2.837442577928456,0.225,0.05,0.35,0.425,8.25537868558336,12,0.325
0.21875,0.09560723514211886,2,5J0N_I,0.0,1.7833867378635162,0.09523809523809523,0.0,0.19047619047619047,0.5714285714285714,6.805950262637027,4,0.3333333333333333
0.08781362007168458,0.03902976846747519,2,5J2M_A,0.10204081632653061,2.5199469497104987,0.3469387755102041,0.061224489795918366,0.24489795918367346,0.2653061224489796,6.77746386591668,9,0.3877551020408163
0.0049382716049382715,0.0012012012012012011,2,5J2N_B,0.0,,0.0,0.0,0.0,1.0,4.430298925752946,2,0.5
0.027707808564231738,0.011318242343541944,2,5J5P_A,0.0,1.792738631381085,0.0,0.0,0.45454545454545453,0.36363636363636365,4.120904405168789,3,0.8181818181818182
0.2484076433121019,0.1770516717325228,4,5JH0_D,0.1794871794871795,2.480296175449907,0.3076923076923077,0.0,0.3333333333333333,0.3333333333333333,6.757014941108383,4,0.46153846153846156
0.14887640449438203,0.08934337997847147,3,5JJV_B,0.09433962264150944,1.5388622912386796,0.32075471698113206,0.018867924528301886,0.4339622641509434,0.2641509433962264,4.211072134686256,4,0.49056603773584906
0.14035087719298245,0.06054054054054054,2,5JLT_A,0.1875,2.9303378261757462,0.3125,0.0,0.375,0.5,6.378174336397707,8,0.375
0.0436241610738255,0.025848142164781908,2,5JUB_A,0.0,1.033284095303018,0.23076923076923078,0.07692307692307693,0.23076923076923078,0.38461538461538464,3.11460461663923,2,0.9230769230769231
0.20652173913043478,0.13101604278074866,2,5K1Y_B,0.15789473684210525,2.350807992991795,0.3157894736842105,0.05263157894736842,0.47368421052631576,0.15789473684210525,3.8854856959514508,1,1.0
0.06315789473684211,0.0356448476992871,2,5K58_A,0.08333333333333333,1.4218022991448174,0.3333333333333333,0.08333333333333333,0.4166666666666667,0.25,3.3058385609934575,1,1.0
0.26126126126126126,0.12030905077262694,2,5K5H_A,0.1724137931034483,1.3948727454702683,0.1724137931034483,0.06896551724137931,0.41379310344827586,0.4827586206896552,4.714046130113037,5,0.7586206896551724
0.21052631578947367,0.10341151385927505,2,5K5J_A,0.125,1.7887616929297823,0.25,0.041666666666666664,0.3333333333333333,0.4583333333333333,5.003748838186518,4,0.4166666666666667
0.19047619047619047,0.07625899280575539,4,5K5L_G,0.0625,3.112165000226374,0.3125,0.0625,0.3125,0.375,6.246616260983921,5,0.625
0.20652173913043478,0.14323962516733602,2,5K5R_B,0.15789473684210525,2.220329661841687,0.3684210526315789,0.0,0.47368421052631576,0.15789473684210525,3.731542725106735,1,1.0
0.05759162303664921,0.044291952588895823,1,5K83_A,0.45454545454545453,1.5774957817827422,0.6363636363636364,0.0,0.45454545454545453,0.18181818181818182,3.561219750844371,3,0.45454545454545453
0.12023460410557185,0.0644683216005928,4,5K97_A,0.0975609756097561,2.4215704749194855,0.2682926829268293,0.0975609756097561,0.2682926829268293,0.3170731707317073,5.482422382989266,4,0.5365853658536586
0.0024154589371980675,0.0012232415902140672,1,5K98_A,0.0,,0.0,0.0,0.0,1.0,0.0,1,1.0
0.04477611940298507,0.018915510718789406,2,5KBD_A,0.0,2.80870221432738,0.1111111111111111,0.0,0.4444444444444444,0.4444444444444444,3.7976678385723543,1,1.0
0.1076923076923077,0.04253393665158371,2,5KBJ_A,0.0,1.7660226830967969,0.07142857142857142,0.07142857142857142,0.2857142857142857,0.5,3.8678049016778986,2,0.5714285714285714
0.16091954022988506,0.08762169680111266,2,5KE7_A,0.14285714285714285,1.770808211644327,0.14285714285714285,0.14285714285714285,0.2857142857142857,0.5714285714285714,5.208830448190623,3,0.35714285714285715
0.19318181818181818,0.07692307692307693,2,5KE9_A,0.23529411764705882,1.4725706622511041,0.23529411764705882,0.11764705882352941,0.17647058823529413,0.47058823529411764,4.2580172295964935,2,0.8235294117647058
0.21839080459770116,0.09610027855153204,2,5KEA_A,0.2631578947368421,1.6051499526712625,0.2631578947368421,0.15789473684210525,0.21052631578947367,0.47368421052631576,4.619153327830013,2,0.6842105263157895
0.08021390374331551,0.0742001361470388,1,5KEG_A,0.2,1.4943475564091775,0.3333333333333333,0.06666666666666667,0.3333333333333333,0.3333333333333333,3.125923147837015,1,1.0
0.08372093023255814,0.042261904761904764,2,5KFS_A,0.05555555555555555,1.3277267742336518,0.16666666666666666,0.05555555555555555,0.3055555555555556,0.3333333333333333,4.863142686234724,11,0.3888888888888889
0.049125728559533725,0.027576197387518143,2,5KK5_A,0.1016949152542373,2.3732320161768845,0.22033898305084745,0.05084745762711865,0.4067796610169492,0.2542372881355932,7.018377918508391,12,0.2711864406779661
0.29931972789115646,0.15301003344481606,2,5KKQ_A,0.18181818181818182,1.8003312230069786,0.2727272727272727,0.06818181818181818,0.3181818181818182,0.4318181818181818,5.175568726424874,5,0.5681818181818182
0.23333333333333334,0.11948051948051948,2,5KL4_A,0.047619047619047616,1.5918653195430528,0.047619047619047616,0.19047619047619047,0.09523809523809523,0.6666666666666666,4.551929792541036,3,0.7142857142857143
0.2413793103448276,0.13733333333333334,2,5KL7_A,0.047619047619047616,1.6081516156495346,0.09523809523809523,0.19047619047619047,0.09523809523809523,0.6190476190476191,4.640748016139742,3,0.6666666666666666
0.07657657657657657,0.050837988826815644,2,5KN8_A,0.11764705882352941,1.568688758352319,0.23529411764705882,0.0,0.4117647058823529,0.17647058823529413,4.071764760153076,4,0.47058823529411764
0.07207207207207207,0.04902506963788301,2,5KN9_A,0.125,1.6369095532293547,0.1875,0.0,0.4375,0.1875,4.171364324288176,4,0.4375
0.2804878048780488,0.15562403697996918,2,5KRB_G,0.08695652173913043,1.97615292243001,0.21739130434782608,0.043478260869565216,0.17391304347826086,0.391304347826087,3.9791272168694225,3,0.782608695652174
0.12903225806451613,0.06721128852580766,3,5KSE_A,0.11363636363636363,2.0817021860237497,0.36363636363636365,0.06818181818181818,0.25,0.29545454545454547,5.243929625309892,6,0.5681818181818182
0.029850746268656716,0.03389830508474576,1,5KW6_A,0.3333333333333333,1.8175519672459777,0.3333333333333333,0.0,0.5,0.16666666666666666,2.6795712877755316,1,1.0
0.1415929203539823,0.0780065005417118,2,5LCL_A,0.0625,1.8618579688485353,0.1875,0.1875,0.3125,0.25,3.908820117733992,3,0.75
0.02975206611570248,0.014982876712328766,1,5LD2_D,0.0,2.4228064069602206,0.2222222222222222,0.0,0.3888888888888889,0.2777777777777778,4.977921103694086,3,0.5555555555555556
0.05084745762711865,0.019250780437044746,2,5LEK_A,0.08333333333333333,1.160328169158315,0.3333333333333333,0.0,0.4166666666666667,0.3333333333333333,3.4979023005453773,3,0.75
0.046610169491525424,0.019270833333333334,2,5LRS_A,0.0,1.0958488553359451,0.2727272727272727,0.0,0.36363636363636365,0.36363636363636365,3.3863840704287282,2,0.8181818181818182
0.28169014084507044,0.1616,2,5LTY_K,0.1,1.567125755597817,0.25,0.05,0.3,0.5,3.8558345530059968,1,1.0
0.31746031746031744,0.2014388489208633,2,5LUX_K,0.15,1.5405999603611304,0.3,0.05,0.35,0.45,3.7709631558007177,3,0.5
0.009708737864077669,0.005499037668408029,2,5M1S_A,0.1111111111111111,1.2825793482549281,0.1111111111111111,0.0,0.2222222222222222,0.5555555555555556,7.504011969574525,4,0.4444444444444444
0.0611353711790393,0.04,2,5M1S_D,0.0,1.8358767122832929,0.21428571428571427,0.21428571428571427,0.21428571428571427,0.21428571428571427,4.2892278473626195,2,0.7142857142857143
0.0016906170752324597,0.0012780913835339226,1,5M5W_B,0.0,,0.0,0.0,0.0,1.0,3.295389648531988,2,0.5
0.04,0.02240717029449424,2,5MCT_A,0.0,2.573941580873261,0.125,0.0,0.375,0.5,3.5569661998499513,1,1.0
0.072,0.035416666666666666,2,5MEZ_A,0.0,1.4998745653636751,0.3333333333333333,0.0,0.2222222222222222,0.4444444444444444,3.988521488448431,2,0.8888888888888888
0.03608247422680412,0.02066115702479339,2,5MHJ_A,0.0,2.5425336642729444,0.2857142857142857,0.0,0.2857142857142857,0.42857142857142855,5.038123658562934,2,0.5714285714285714
0.24742268041237114,0.14856429463171036,2,5MLU_A,0.08333333333333333,2.8286944558153784,0.25,0.0,0.20833333333333334,0.4583333333333333,6.480725197584316,5,0.4166666666666667
0.16129032258064516,0.081267217630854,2,5MLU_D,0.13333333333333333,2.0145519877357425,0.26666666666666666,0.06666666666666667,0.5333333333333333,0.2,6.5436721058170235,3,0.5333333333333333
0.12380952380952381,0.09023485784919653,2,5MLU_G,0.0,2.4862874692389685,0.15384615384615385,0.0,0.15384615384615385,0.6153846153846154,7.225502420147087,4,0.3076923076923077
0.1702127659574468,0.09795918367346938,2,5MLU_H,0.125,1.7452764556178286,0.25,0.0625,0.5,0.25,6.356971226351343,3,0.5625
0.012463343108504398,0.019078849306901177,2,5MS0_D,0.058823529411764705,2.1200991404886658,0.29411764705882354,0.058823529411764705,0.47058823529411764,0.17647058823529413,8.51987626793559,7,0.4117647058823529
0.016574585635359115,0.010101010101010102,1,5MS0_F,0.3333333333333333,2.09109481298497,0.3333333333333333,0.3333333333333333,0.0,0.3333333333333333,2.2738989216776746,1,1.0
0.06722689075630252,0.022357723577235773,4,5N6I_A,0.08333333333333333,1.453942205678544,0.16666666666666666,0.041666666666666664,0.2916666666666667,0.5,6.514641738350606,10,0.2916666666666667
0.046189376443418015,0.02346465816917729,1,5N9D_B,0.05,2.1073555813426013,0.2,0.1,0.4,0.2,5.007945309864021,5,0.825
0.05405405405405406,0.029844998555887167,2,5NFV_A,0.10294117647058823,2.2886472934219872,0.19117647058823528,0.058823529411764705,0.39705882352941174,0.2647058823529412,7.3419337532297435,18,0.4117647058823529
0.09090909090909091,0.05491990846681922,2,5NNU_A,0.047619047619047616,1.3086044706682673,0.19047619047619047,0.047619047619047616,0.2857142857142857,0.23809523809523808,3.1243699278055,1,1.0
0.14864864864864866,0.07475083056478406,2,5NNX_A,0.0,1.7630759526592912,0.09090909090909091,0.09090909090909091,0.36363636363636365,0.36363636363636365,3.9057183131958046,2,0.9090909090909091
0.1935483870967742,0.11742424242424243,2,5NO6_A,0.08333333333333333,1.7317079056617477,0.3333333333333333,0.0,0.3333333333333333,0.4166666666666667,4.20947529307709,3,0.5
0.1917808219178082,0.10217755443886097,2,5NO6_N,0.0,1.7375731146392106,0.21428571428571427,0.07142857142857142,0.35714285714285715,0.2857142857142857,3.8801579931905703,3,0.8571428571428571
0.05333333333333334,0.033182503770739065,2,5NPK_b,0.05555555555555555,1.1194917230759398,0.2222222222222222,0.08333333333333333,0.16666666666666666,0.4166666666666667,4.7638859975463586,9,0.3611111111111111
0.047619047619047616,0.02758881330309902,4,5NPP_B,0.0625,1.0955774147625064,0.21875,0.09375,0.125,0.46875,4.874992518091536,9,0.40625
0.045351473922902494,0.019258000566411783,2,5NWA_A,0.1,1.3101831438723672,0.2,0.05,0.3,0.4,4.512915585916113,6,0.6
0.03787878787878788,0.022911694510739856,2,5O6B_A,0.05,1.5551500678482717,0.15,0.1,0.4,0.25,4.277730623393009,3,0.85
0.23404255319148937,0.16170763260025872,2,5O6G_A,0.09090909090909091,2.07765494906653,0.1590909090909091,0.18181818181818182,0.29545454545454547,0.38636363636363635,4.77335696818916,1,1.0
0.24736842105263157,0.14971209213051823,2,5O6I_A,0.0851063829787234,2.201375674501514,0.14893617021276595,0.1702127659574468,0.3404255319148936,0.3404255319148936,4.665738898914843,1,1.0
0.04126984126984127,0.029364440868865648,1,5O6U_D,0.15384615384615385,3.2692002791244845,0.3076923076923077,0.07692307692307693,0.46153846153846156,0.0,6.893220126746021,2,0.8461538461538461
0.06547619047619048,0.037037037037037035,2,5O6U_F,0.0,1.5714615769235365,0.09090909090909091,0.045454545454545456,0.5,0.22727272727272727,5.517843515996247,4,0.7727272727272727
0.09814814814814815,0.053821062441752096,2,5O7T_A,0.03773584905660377,1.1366223547091636,0.20754716981132076,0.018867924528301886,0.4716981132075472,0.2641509433962264,4.183889371556482,2,0.6981132075471698
0.06349206349206349,0.029469548133595286,2,5ODG_A,0.0,1.378923629907319,0.125,0.0,0.375,0.5,4.588820074887171,2,0.75
0.10734463276836158,0.08732999284180387,1,5ODL_A,0.2631578947368421,1.5105243172578247,0.3157894736842105,0.0,0.5789473684210527,0.2631578947368421,4.383697834552885,2,0.8421052631578947
0.009433962264150943,0.008018327605956471,1,5OLA_A,0.0,,0.0,0.0,0.0,1.0,2.531800580308086,1,1.0
0.03134479271991911,0.018537328593194517,2,5OLA_E,0.22580645161290322,1.4797743243525814,0.3225806451612903,0.03225806451612903,0.41935483870967744,0.25806451612903225,6.991570737161694,8,0.2903225806451613
0.011015911872705019,0.0025835866261398176,2,5OQO_A,0.0,2.1647871005862793,0.2222222222222222,0.0,0.3333333333333333,0.4444444444444444,5.166052442900011,4,0.6666666666666666
0.013647642679900745,0.0050823964269213,2,5OQP_A,0.0,3.552184051322209,0.2727272727272727,0.0,0.45454545454545453,0.2727272727272727,7.529724166143667,3,0.45454545454545453
0.15789473684210525,0.06314432989690721,1,5OR5_A,0.2,1.3985639578832831,0.4,0.06666666666666667,0.3333333333333333,0.26666666666666666,3.618299776144917,1,1.0
0.09090909090909091,0.08067664281067013,1,5SWW_D,0.17647058823529413,1.4787766458545903,0.4117647058823529,0.058823529411764705,0.29411764705882354,0.23529411764705882,3.480527397124006,1,1.0
0.1774193548387097,0.10065645514223195,2,5SZX_A,0.0,3.569610106177438,0.09090909090909091,0.0,0.2727272727272727,0.6363636363636364,3.0053966929592133,1,1.0
0.12903225806451613,0.06299212598425197,2,5T01_A,0.0,3.4491426852981433,0.25,0.0,0.125,0.625,4.251910963301531,3,0.625
0.2647058823529412,0.12121212121212122,2,5T0U_A,0.17777777777777778,1.9513153532606868,0.26666666666666666,0.06666666666666667,0.3111111111111111,0.4666666666666667,5.40275536806642,7,0.5333333333333333
0.08333333333333333,0.04185447520927238,2,5T1J_A,0.1875,1.6451135559613737,0.25,0.0,0.375,0.3125,4.527991029637519,2,0.8125
0.1891891891891892,0.11300174520069808,2,5T2H_A,0.10714285714285714,2.1971598253507456,0.19642857142857142,0.07142857142857142,0.26785714285714285,0.42857142857142855,4.914605553396489,6,0.7857142857142857
0.17525773195876287,0.09519612163948876,2,5T2N_A,0.11764705882352941,2.6990590868707325,0.2549019607843137,0.058823529411764705,0.23529411764705882,0.39215686274509803,5.6151309242220355,9,0.49019607843137253
0.17747440273037543,0.11255975662755324,2,5T2O_A,0.1346153846153846,2.258801697587158,0.2692307692307692,0.07692307692307693,0.2692307692307692,0.38461538461538464,5.240177101378347,6,0.8076923076923077
0.07718120805369127,0.038493723849372385,2,5T4I_B,0.13043478260869565,1.490249572633585,0.2608695652173913,0.043478260869565216,0.21739130434782608,0.391304347826087,4.07010258531398,3,0.6956521739130435
0.17647058823529413,0.07590132827324478,2,5T5K_B,0.0,5.065755272483175,0.25,0.0,0.16666666666666666,0.4166666666666667,7.161512835149026,2,0.75
0.19463087248322147,0.12237762237762238,2,5T7X_B,0.10344827586206896,1.376190324991307,0.13793103448275862,0.0,0.27586206896551724,0.3793103448275862,3.8321523610371977,2,0.9655172413793104
0.1917808219178082,0.11477516059957174,2,5T8D_A,0.14285714285714285,2.17890909491609,0.2857142857142857,0.08928571428571429,0.26785714285714285,0.35714285714285715,5.027976548078992,6,0.875
0.08379888268156424,0.07351940095302927,1,5TD5_A,0.2,1.1655069679795131,0.3333333333333333,0.06666666666666667,0.3333333333333333,0.26666666666666666,3.055618989567691,1,1.0
0.17006802721088435,0.09907120743034056,2,5THG_A,0.12,2.105541702235657,0.22,0.06,0.32,0.38,5.149537262386228,4,0.84
0.19101123595505617,0.13256484149855907,1,5TKZ_A,0.11764705882352941,1.3238540198344548,0.35294117647058826,0.058823529411764705,0.35294117647058826,0.23529411764705882,3.4458701301606163,1,1.0
0.0639269406392694,0.03314285714285714,2,5TRD_A,0.0,1.7867096698843679,0.14285714285714285,0.0,0.6428571428571429,0.21428571428571427,3.2727190498463643,1,1.0
0.11009174311926606,0.0735930735930736,3,5TWR_A,0.1388888888888889,1.6110363707287838,0.25,0.1111111111111111,0.1111111111111111,0.3888888888888889,5.01392519952806,5,0.3333333333333333
0.07733812949640288,0.034765279007971654,2,5TXL_A,0.13953488372093023,2.246143580580276,0.32558139534883723,0.09302325581395349,0.20930232558139536,0.27906976744186046,6.886381857995631,10,0.23255813953488372
0.08093525179856115,0.0354295837023915,2,5TXM_A,0.13333333333333333,2.232568028105374,0.3111111111111111,0.08888888888888889,0.2222222222222222,0.28888888888888886,6.707433641868711,9,0.35555555555555557
0.08288288288288288,0.03902439024390244,2,5TXN_A,0.10869565217391304,2.2618601487978975,0.2826086956521739,0.08695652173913043,0.2391304347826087,0.2826086956521739,6.953964966785542,11,0.2391304347826087
0.08453237410071943,0.03675819309123118,2,5TXO_A,0.1276595744680851,2.252450123570973,0.2978723404255319,0.0851063829787234,0.23404255319148937,0.2765957446808511,6.85944945626039,9,0.3617021276595745
0.03814713896457766,0.026056338028169014,1,5U0A_E,0.0,5.907338464170135,0.21428571428571427,0.14285714285714285,0.21428571428571427,0.35714285714285715,10.421043484994074,4,0.5
0.013745704467353952,0.00425531914893617,1,5U1J_B,0.25,1.639385283883027,0.25,0.0,0.0,0.75,4.325798997259456,3,0.5
0.08571428571428572,0.044675090252707585,2,5U33_A,0.07526881720430108,2.194436347901014,0.24731182795698925,0.06451612903225806,0.24731182795698925,0.3225806451612903,6.443888078258495,8,0.44086021505376344
0.07911392405063292,0.04586038961038961,3,5U8H_A,0.12,1.848331250101564,0.24,0.16,0.28,0.24,5.7235021975440175,5,0.36
0.08176100628930817,0.044526143790849675,3,5U8I_A,0.11538461538461539,1.77833709054533,0.34615384615384615,0.11538461538461539,0.23076923076923078,0.19230769230769232,5.553036584356603,5,0.34615384615384615
0.12727272727272726,0.069140625,2,5U91_A,0.11904761904761904,1.770807840685528,0.3333333333333333,0.0,0.35714285714285715,0.35714285714285715,4.83769557772206,6,0.5
0.08609271523178808,0.05930807248764415,1,5UC6_A,0.07692307692307693,1.0695734308438027,0.38461538461538464,0.15384615384615385,0.15384615384615385,0.3076923076923077,3.478598897949325,1,1.0
0.06191950464396285,0.03882397286091217,2,5UI5_V,0.05,4.211100969177031,0.2,0.05,0.45,0.35,6.7527215102788904,5,0.5
0.014705882352941176,0.00558659217877095,1,5UK7_K,0.0,,0.0,0.0,0.0,1.0,0.0,1,1.0
0.12903225806451613,0.06634544106745738,3,5UM9_A,0.09090909090909091,2.2711344488269685,0.2727272727272727,0.06818181818181818,0.2727272727272727,0.3409090909090909,5.345208911263527,10,0.4772727272727273
0.026604068857589983,0.012834821428571428,1,5UX0_D,0.29411764705882354,1.8349688539986813,0.35294117647058826,0.058823529411764705,0.35294117647058826,0.35294117647058826,6.981638085764353,7,0.29411764705882354
0.07492795389048991,0.03771512266569022,2,5V09_Z,0.07692307692307693,2.110737147862492,0.2692307692307692,0.11538461538461539,0.15384615384615385,0.38461538461538464,5.105704210034922,7,0.2692307692307692
0.18900343642611683,0.10951979780960404,2,5V0Q_A,0.16363636363636364,2.2703484175538833,0.2727272727272727,0.07272727272727272,0.2909090909090909,0.38181818181818183,5.2200940055198775,8,0.8
0.2823529411764706,0.1447861965491373,2,5V3G_D,0.16666666666666666,2.006622668535927,0.20833333333333334,0.041666666666666664,0.3125,0.4791666666666667,5.722143953295983,3,0.4583333333333333
0.20503597122302158,0.10588793922127256,2,5V3J_F,0.08771929824561403,2.0142067236890644,0.21052631578947367,0.07017543859649122,0.2631578947368421,0.45614035087719296,5.560779014270041,7,0.2807017543859649
0.004137931034482759,0.0013971358714634998,1,5V8F_7,0.0,3.9257991270009485,0.6666666666666666,0.0,0.0,0.3333333333333333,4.009541130393448,2,0.6666666666666666
0.09722222222222222,0.03616636528028933,2,5VA0_B,0.14285714285714285,2.842989606337634,0.14285714285714285,0.0,0.2857142857142857,0.5714285714285714,3.5346110333214127,1,1.0
0.18571428571428572,0.09647495361781076,2,5VA7_A,0.15384615384615385,1.6239032744940192,0.23076923076923078,0.0,0.23076923076923078,0.5384615384615384,3.4858896582269514,2,0.7692307692307693
0.17391304347826086,0.10619469026548672,2,5VC9_C,0.0,1.643752638490637,0.125,0.0,0.25,0.5,3.9585466832854204,2,0.875
0.1188118811881188,0.07420924574209246,2,5VFX_F,0.16666666666666666,1.3247425158230848,0.16666666666666666,0.08333333333333333,0.4166666666666667,0.4166666666666667,3.8873519410104693,2,0.6666666666666666
0.04477611940298507,0.02254740928774078,1,5VHE_A,0.1282051282051282,2.6020383212199114,0.2564102564102564,0.02564102564102564,0.41025641025641024,0.20512820512820512,6.440610677724577,8,0.5128205128205128
0.08033240997229917,0.04302203567681007,2,5VHV_A,0.1724137931034483,1.1250468032632832,0.3448275862068966,0.034482758620689655,0.3103448275862069,0.3793103448275862,5.033604783241588,6,0.27586206896551724
0.015274034141958671,0.00811010076185795,2,5VI5_C,0.11764705882352941,2.0967459986210706,0.4117647058823529,0.11764705882352941,0.11764705882352941,0.29411764705882354,8.513847649200962,10,0.17647058823529413
0.01615508885298869,0.007879884996273028,2,5VI5_D,0.1,1.1047971509212955,0.2,0.05,0.25,0.55,7.905007689119375,9,0.35
0.2540983606557377,0.12572533849129594,2,5VMX_A,0.2903225806451613,1.5015108116109646,0.4838709677419355,0.03225806451612903,0.5161290322580645,0.1935483870967742,4.397000863177327,4,0.45161290322580644
0.23770491803278687,0.13926499032882012,2,5VMZ_A,0.3103448275862069,1.5270054017132284,0.5172413793103449,0.0,0.5517241379310345,0.1724137931034483,4.494646286966219,3,0.4827586206896552
0.14925373134328357,0.060498220640569395,2,5VPE_A,0.0,4.327085814845476,0.1,0.0,0.2,0.7,3.458036343359785,1,1.0
0.16417910447761194,0.07142857142857142,2,5VPE_B,0.0,3.5633886227907046,0.18181818181818182,0.0,0.18181818181818182,0.6363636363636364,3.1033161431238914,1,1.0
0.11585365853658537,0.06271642939592151,3,5VS2_A,0.07894736842105263,1.5172070921120286,0.2631578947368421,0.10526315789473684,0.2631578947368421,0.2631578947368421,4.957746225136133,3,0.4473684210526316
0.0607661822985469,0.032045088566827695,2,5VU9_A,0.10869565217391304,1.1999874647061346,0.21739130434782608,0.10869565217391304,0.2608695652173913,0.2826086956521739,4.717369258832481,5,0.6956521739130435
0.10526315789473684,0.040376850605652756,2,5VVJ_F,0.1,1.056871481803573,0.2,0.1,0.2,0.5,6.480680789057359,6,0.3
0.07368421052631578,0.029609690444145357,3,5VVL_F,0.0,2.4517413361299214,0.14285714285714285,0.14285714285714285,0.14285714285714285,0.5714285714285714,5.005291697630734,4,0.2857142857142857
0.06896551724137931,0.03373647358370465,2,5VXN_C,0.0,1.436709954759081,0.14285714285714285,0.0,0.5,0.35714285714285715,3.064311774474752,1,1.0
0.11009174311926606,0.06922468354430379,3,5VZ7_A,0.1388888888888889,1.6350351471562337,0.25,0.1111111111111111,0.1111111111111111,0.3888888888888889,5.0548785755275185,5,0.3333333333333333
0.0764525993883792,0.049723756906077346,2,5VZB_A,0.08,2.1838553903541458,0.2,0.08,0.16,0.44,5.724426819942141,4,0.48
0.07339449541284404,0.04892601431980907,2,5VZE_A,0.08333333333333333,2.191906740293143,0.20833333333333334,0.08333333333333333,0.16666666666666666,0.4166666666666667,5.907887879682287,4,0.5
0.10703363914373089,0.07075098814229248,3,5VZG_A,0.08571428571428572,1.6565070880781696,0.2,0.11428571428571428,0.14285714285714285,0.42857142857142855,5.117794713568953,4,0.3142857142857143
0.012915129151291513,0.003955328059562588,2,5W0U_B,0.2857142857142857,1.9795934301017286,0.2857142857142857,0.0,0.2857142857142857,0.5714285714285714,5.204363411781189,4,0.2857142857142857
0.011049723756906077,0.0030211480362537764,2,5W1C_B,0.3333333333333333,2.102895799351794,0.3333333333333333,0.0,0.3333333333333333,0.5,4.785001185784081,3,0.3333333333333333
0.04891304347826087,0.030670926517571886,1,5W2M_A,0.3333333333333333,2.170024676171231,0.4444444444444444,0.0,0.2222222222222222,0.2222222222222222,3.302345182347496,1,1.0
0.021806853582554516,0.008529650690495532,1,5W36_A,0.2857142857142857,2.269347510814409,0.2857142857142857,0.14285714285714285,0.42857142857142855,0.42857142857142855,4.128863831470851,3,0.42857142857142855
0.04158004158004158,0.032428355957767725,2,5W65_P,0.05,5.509814464396953,0.25,0.1,0.4,0.25,11.87391288968201,6,0.6
0.007575757575757576,0.0035132545512615776,2,5W66_M,0.0,2.4762465638348257,0.3333333333333333,0.0,0.0,0.6666666666666666,3.7702583299564147,1,1.0
0.0872865275142315,0.044567574078535295,2,5W6Q_G,0.043478260869565216,1.3155937982284862,0.17391304347826086,0.10869565217391304,0.5,0.21739130434782608,4.5010690221763925,2,0.717391304347826
0.17557251908396945,0.09297912713472485,2,5W7G_A,0.13043478260869565,1.3602817967964849,0.391304347826087,0.08695652173913043,0.30434782608695654,0.30434782608695654,4.720495584764275,2,0.6521739130434783
0.16666666666666666,0.09481037924151696,2,5W7G_B,0.2857142857142857,1.3070726133110346,0.38095238095238093,0.09523809523809523,0.3333333333333333,0.2857142857142857,4.460897206890912,3,0.6190476190476191
0.17857142857142858,0.11316397228637413,2,5W9Q_A,0.0,2.0565512465612925,0.0,0.0,0.3,0.7,4.356223092815975,3,0.6
0.125,0.12185929648241206,2,5WCU_C,0.0,2.731540923972891,0.15384615384615385,0.07692307692307693,0.07692307692307693,0.5384615384615384,7.468282325341627,3,0.38461538461538464
0.1595744680851064,0.10901749663526245,2,5WCU_D,0.13333333333333333,1.7218414348755657,0.26666666666666666,0.0,0.4666666666666667,0.3333333333333333,6.869237052575065,3,0.5333333333333333
0.25,0.1373913043478261,2,5WCU_U,0.0,1.3264093032612694,0.10526315789473684,0.0,0.2631578947368421,0.47368421052631576,3.3609771267499724,3,0.8421052631578947
0.20284697508896798,0.10625293841090738,2,5WJQ_D,0.10526315789473684,2.261888012058742,0.17543859649122806,0.07017543859649122,0.2631578947368421,0.5087719298245614,6.174044695225269,11,0.2631578947368421
0.11316397228637413,0.06941620679639848,2,5WM1_A,0.10204081632653061,1.4187248658645553,0.24489795918367346,0.08163265306122448,0.3469387755102041,0.24489795918367346,4.390717177663873,8,0.46938775510204084
0.08727272727272728,0.04589261128958238,3,5WN3_B,0.125,1.476580390446627,0.375,0.041666666666666664,0.2916666666666667,0.2916666666666667,4.373909988631523,3,0.625
0.29310344827586204,0.2026431718061674,2,5WVW_A,0.11764705882352941,2.6727599716637305,0.47058823529411764,0.0,0.058823529411764705,0.4117647058823529,3.4894252780364035,1,1.0
0.2711864406779661,0.19264069264069264,2,5WVY_A,0.125,2.610137256803331,0.5,0.0,0.0625,0.375,3.546471593603885,1,1.0
0.23728813559322035,0.22532188841201717,2,5WVZ_A,0.21428571428571427,2.5784400062766566,0.5,0.0,0.07142857142857142,0.42857142857142855,3.8248901072351535,1,1.0
0.22033898305084745,0.17494600431965443,2,5WWC_B,0.15384615384615385,2.7886961941937605,0.5384615384615384,0.0,0.07692307692307693,0.38461538461538464,4.088422988234202,1,1.0
0.16030534351145037,0.18353174603174602,2,5WX9_A,0.047619047619047616,1.2246615376470567,0.19047619047619047,0.047619047619047616,0.14285714285714285,0.42857142857142855,3.820617975238025,3,0.7142857142857143
0.09392265193370165,0.05448028673835126,2,5X11_E,0.17647058823529413,2.919785344623307,0.29411764705882354,0.0,0.29411764705882354,0.4117647058823529,5.8457715219553625,5,0.35294117647058826
0.02622950819672131,0.02005730659025788,2,5XFP_B,0.125,2.052272971490584,0.25,0.0,0.125,0.75,3.4807032846062516,2,0.625
0.022435897435897436,0.01932367149758454,2,5XFQ_A,0.14285714285714285,3.7404602527176207,0.2857142857142857,0.0,0.14285714285714285,0.7142857142857143,3.7072282739454137,2,0.5714285714285714
0.026845637583892617,0.01692117210070161,2,5XFR_B,0.125,2.4377274933564594,0.25,0.0,0.125,0.75,3.919373614654515,2,0.625
0.05066250974279034,0.027076507997687415,2,5XH6_A,0.1076923076923077,2.417744659073858,0.23076923076923078,0.03076923076923077,0.4153846153846154,0.27692307692307694,6.7522438530334785,11,0.35384615384615387
0.05300077942322681,0.029516735796276648,2,5XH7_A,0.11764705882352941,2.526897242322675,0.22058823529411764,0.04411764705882353,0.39705882352941174,0.2647058823529412,6.767724385427681,11,0.4264705882352941
0.15254237288135594,0.06224066390041494,2,5XM8_A,0.1111111111111111,1.5650222323281635,0.25925925925925924,0.14814814814814814,0.2962962962962963,0.2962962962962963,4.4280382528593,2,0.9259259259259259
0.14942528735632185,0.05578800557880056,2,5XM9_A,0.11538461538461539,1.6536559006405183,0.2692307692307692,0.07692307692307693,0.34615384615384615,0.2692307692307692,4.505688611364526,3,0.6538461538461539
0.023474178403755867,0.013218390804597701,2,5XOG_E,0.0,1.0948427053803391,0.2,0.0,0.4,0.2,2.5135478827215167,1,1.0
0.06578947368421052,0.032467532467532464,1,5XPG_A,0.08888888888888889,1.3929093478247074,0.3111111111111111,0.06666666666666667,0.26666666666666666,0.37777777777777777,5.872857696190114,7,0.4888888888888889
0.04683648315529992,0.024008990600735594,2,5XUT_A,0.12280701754385964,2.69296470696277,0.22807017543859648,0.05263157894736842,0.3684210526315789,0.3157894736842105,7.431443543345971,12,0.3684210526315789
0.12962962962962962,0.06562847608453838,2,5XVN_F,0.2857142857142857,1.254007269715031,0.42857142857142855,0.07142857142857142,0.2857142857142857,0.2857142857142857,3.2744312737647294,1,1.0
0.13541666666666666,0.0665536244171259,3,5XVP_B,0.1282051282051282,1.7645800355520274,0.28205128205128205,0.10256410256410256,0.358974358974359,0.28205128205128205,4.692822243216136,4,0.5128205128205128
0.036414565826330535,0.015321756894790603,2,5XZB_A,0.07692307692307693,1.1899338149203158,0.15384615384615385,0.07692307692307693,0.38461538461538464,0.46153846153846156,4.508690216560285,7,0.38461538461538464
0.051900584795321635,0.029359112065878983,2,5Y36_A,0.09859154929577464,1.3312356551260134,0.22535211267605634,0.11267605633802817,0.29577464788732394,0.36619718309859156,6.280486729655324,23,0.29577464788732394
0.04742547425474255,0.04188210961737332,4,5Y3M_A,0.2857142857142857,1.1757631338188046,0.45714285714285713,0.05714285714285714,0.14285714285714285,0.2857142857142857,8.76875816377182,5,0.34285714285714286
0.032454361054766734,0.05725765946760422,2,5Y3R_A,0.0,1.2377214705676352,0.125,0.0,0.1875,0.5625,5.342344793364563,7,0.25
0.019011406844106463,0.039667458432304036,2,5Y3R_B,0.1,2.3830382067021083,0.3,0.0,0.4,0.4,6.030355156672476,4,0.6
0.04945054945054945,0.025877587758775876,3,5Y7Q_A,0.18518518518518517,1.6061037525337123,0.4074074074074074,0.0,0.2222222222222222,0.5185185185185185,8.176999782653255,10,0.37037037037037035
0.03333333333333333,0.020388349514563107,2,5YBB_D,0.15384615384615385,1.8632864690359945,0.3076923076923077,0.07692307692307693,0.38461538461538464,0.3076923076923077,5.071494601237141,6,0.5384615384615384
0.19791666666666666,0.10727496917385944,2,5YBD_A,0.3157894736842105,1.4392347916419663,0.42105263157894735,0.05263157894736842,0.3684210526315789,0.42105263157894735,3.8409946610825956,3,0.7894736842105263
0.2553191489361702,0.12197231833910034,2,5YEG_B,0.1111111111111111,1.7830025322458543,0.2222222222222222,0.05555555555555555,0.3333333333333333,0.4722222222222222,5.417197001626355,6,0.4166666666666667
0.2302158273381295,0.11940298507462686,2,5YEH_A,0.125,1.5486847496085372,0.1875,0.0625,0.375,0.46875,5.22296739087315,6,0.40625
0.20238095238095238,0.09269027882441598,2,5YEL_B,0.11764705882352941,2.6812563223691726,0.23529411764705882,0.029411764705882353,0.3235294117647059,0.47058823529411764,8.277027283711533,11,0.3235294117647059
0.10273972602739725,0.03568320278503046,2,5YI2_A,0.0,1.658873617245881,0.26666666666666666,0.0,0.4666666666666667,0.2,3.445919115468761,2,0.7333333333333333
0.0958904109589041,0.037267080745341616,2,5YI3_A,0.0,1.4933312240673102,0.2857142857142857,0.0,0.42857142857142855,0.21428571428571427,3.5316430321660572,2,0.7142857142857143
0.28888888888888886,0.19533527696793002,2,5YIW_A,0.15384615384615385,1.3155966129476024,0.38461538461538464,0.0,0.3076923076923077,0.3076923076923077,3.073571300648625,2,0.9230769230769231
0.13157894736842105,0.08324043106651802,2,5YUY_A,0.06666666666666667,1.1625136126252986,0.24444444444444444,0.1111111111111111,0.2,0.3111111111111111,4.5296403536351315,6,0.6222222222222222
0.10204081632653061,0.055919513336452974,2,5Z3N_A,0.05454545454545454,1.0986480871572533,0.2545454545454545,0.03636363636363636,0.45454545454545453,0.21818181818181817,4.165946090440321,3,0.6909090909090909
0.017632241813602016,0.00799488327470419,3,5Z7D_B,0.0,2.611042444779551,0.0,0.0,0.2857142857142857,0.5714285714285714,7.190650363481496,5,0.42857142857142855
0.05486968449931413,0.026297930098405156,2,5ZAD_A,0.1,1.468710259380166,0.275,0.1,0.325,0.225,4.422779679321672,5,0.4
0.05664488017429194,0.028929068150208622,2,5ZCW_A,0.2692307692307692,1.150038543747024,0.4230769230769231,0.07692307692307693,0.23076923076923078,0.3076923076923077,4.17963019372709,3,0.6923076923076923
0.056179775280898875,0.03333333333333333,2,5ZE0_C,0.02857142857142857,5.497184400241765,0.14285714285714285,0.0,0.3142857142857143,0.45714285714285713,8.312394712307476,6,0.42857142857142855
0.20270270270270271,0.152014652014652,2,5ZJR_B,0.2,2.3057758701590205,0.3333333333333333,0.06666666666666667,0.26666666666666666,0.4,4.122132667589549,3,0.4666666666666667
0.06108897742363878,0.04822718870778021,4,5ZLN_B,0.2826086956521739,1.2049972298123326,0.43478260869565216,0.043478260869565216,0.21739130434782608,0.30434782608695654,7.871625194356959,10,0.2826086956521739
0.14150943396226415,0.09550561797752809,2,5ZMC_B,0.4,1.4044857306562377,0.4666666666666667,0.0,0.4,0.4666666666666667,3.9419326032132367,3,0.5333333333333333
0.046296296296296294,0.03210463733650416,2,5ZMN_A,0.06666666666666667,2.175648387018947,0.3333333333333333,0.06666666666666667,0.26666666666666666,0.4,4.441063550999042,2,0.6
0.11392405063291139,0.0645682001614205,2,5ZMO_A,0.05555555555555555,1.8872456419938697,0.2777777777777778,0.05555555555555555,0.2222222222222222,0.4444444444444444,3.991522095985148,1,1.0
0.0759493670886076,0.04430124848973017,3,5ZOG_A,0.125,3.6847230959232826,0.3333333333333333,0.0,0.3333333333333333,0.2916666666666667,7.069917931403811,3,0.625
0.030434782608695653,0.017030335284725917,2,5ZR1_E,0.14285714285714285,3.250096632560089,0.2857142857142857,0.0,0.35714285714285715,0.42857142857142855,9.042083074494276,3,0.5
0.12698412698412698,0.07581967213114754,1,5ZU1_A,0.125,1.4152117753362783,0.125,0.0,0.25,0.5,3.6339763700129506,2,0.75
0.16666666666666666,0.10894941634241245,2,5ZUP_C,0.09090909090909091,1.1371061704489283,0.09090909090909091,0.0,0.2727272727272727,0.45454545454545453,3.842356669585201,2,0.7272727272727273
0.25,0.18230563002680966,2,5ZUX_A,0.043478260869565216,2.2962599483422887,0.17391304347826086,0.0,0.30434782608695654,0.43478260869565216,4.80839334503077,3,0.8260869565217391
0.19083969465648856,0.11288711288711288,4,6A57_A,0.32,1.7085352627451846,0.4,0.08,0.2,0.36,4.734691480630226,3,0.64
0.05976095617529881,0.03555104113763331,2,6A5N_A,0.16666666666666666,1.3595315785441282,0.3,0.03333333333333333,0.3333333333333333,0.3,4.168598604250749,2,0.9666666666666667
0.22413793103448276,0.13025210084033614,2,6A8R_A,0.07692307692307693,2.0340303260023673,0.23076923076923078,0.0,0.23076923076923078,0.5384615384615384,3.789409075575104,1,1.0
0.025718608169440244,0.011551312649164678,2,6AEG_B,0.11764705882352941,1.8190667096957491,0.2647058823529412,0.11764705882352941,0.29411764705882354,0.3235294117647059,8.028474225539286,11,0.2647058823529412
0.028744326777609682,0.014143331751305173,2,6AI6_A,0.10526315789473684,2.3834521531149826,0.2631578947368421,0.02631578947368421,0.34210526315789475,0.3157894736842105,8.646126941065258,7,0.47368421052631576
0.06435643564356436,0.04666666666666667,1,6AJO_A,0.0,1.2467462763522823,0.23076923076923078,0.07692307692307693,0.23076923076923078,0.23076923076923078,3.2971333917063057,2,0.9230769230769231
0.20618556701030927,0.1022167487684729,2,6AKO_C,0.15,1.6628777365912115,0.25,0.0,0.4,0.4,4.304992130937445,3,0.8
0.08288288288288288,0.04051361523134824,2,6AMO_A,0.10869565217391304,2.5654153888239644,0.2826086956521739,0.06521739130434782,0.2826086956521739,0.30434782608695654,6.657415487548011,9,0.2826086956521739
0.027586206896551724,0.012721555174385363,2,6AS7_A,0.125,1.411061523204086,0.25,0.08333333333333333,0.16666666666666666,0.4166666666666667,5.1941178226509885,7,0.6666666666666666
0.14049586776859505,0.1027479091995221,2,6ASB_I,0.0,1.5732431447500852,0.058823529411764705,0.0,0.23529411764705882,0.6470588235294118,4.298885963957501,3,0.5882352941176471
0.2222222222222222,0.21551724137931033,2,6ASD_C,0.1,2.1773829606961344,0.2,0.0,0.3,0.6,4.263078073113591,1,1.0
0.2773109243697479,0.1269191402251791,2,6B0O_A,0.12121212121212122,1.393838023172952,0.12121212121212122,0.12121212121212122,0.2727272727272727,0.5454545454545454,4.646870198061537,4,0.6363636363636364
0.2711864406779661,0.12704918032786885,2,6B0R_A,0.1875,1.3483060410862617,0.21875,0.0625,0.25,0.53125,4.90612446704044,3,0.84375
0.018867924528301886,0.016835016835016835,2,6B44_A,0.0,1.3293284521766706,0.125,0.0,0.5,0.25,3.2739303757821028,2,0.875
0.01639344262295082,0.005475989890480202,2,6B44_B,0.0,2.950676805700313,0.6,0.0,0.2,0.2,3.3357503407961513,2,0.8
0.041791044776119404,0.019095869056897894,1,6B44_F,0.0,4.836736829035855,0.2857142857142857,0.14285714285714285,0.42857142857142855,0.07142857142857142,9.024129424602146,5,0.42857142857142855
0.05970149253731343,0.04654088050314465,2,6B6H_G,0.0,1.748285160255679,0.08333333333333333,0.16666666666666666,0.16666666666666666,0.5,3.90647763785203,2,0.8333333333333334
0.13333333333333333,0.09246575342465753,2,6B6H_I,0.0,1.1895392336019996,0.2,0.0,0.4,0.2,3.0111680516705217,1,1.0
0.1522491349480969,0.07414359455654622,2,6BCF_J,0.022727272727272728,3.6104539132198723,0.20454545454545456,0.11363636363636363,0.3181818181818182,0.36363636363636365,6.688772609433693,5,0.8409090909090909
0.14982578397212543,0.08420099592575826,2,6BCG_D,0.0,3.671877487475892,0.18604651162790697,0.09302325581395349,0.3488372093023256,0.37209302325581395,6.680282394556618,7,0.5116279069767442
0.1522491349480969,0.08016682113067655,3,6BCH_A,0.022727272727272728,3.3637365234471024,0.22727272727272727,0.06818181818181818,0.3409090909090909,0.36363636363636365,6.371748584380895,6,0.45454545454545453
0.20205479452054795,0.10093374833259226,2,6BCI_A,0.01694915254237288,3.2504205976698684,0.2033898305084746,0.0847457627118644,0.3389830508474576,0.3389830508474576,5.710640578670193,5,0.847457627118644
0.19931271477663232,0.11449717022202874,2,6BCN_A,0.017241379310344827,3.2421080715470234,0.22413793103448276,0.06896551724137931,0.3103448275862069,0.3620689655172414,5.673305984834065,3,0.8793103448275862
0.19333333333333333,0.10620574760516452,2,6BD0_A,0.13793103448275862,2.9279468269034687,0.22413793103448276,0.05172413793103448,0.3793103448275862,0.3103448275862069,5.665856102641771,6,0.7413793103448276
0.17288135593220338,0.08998732572877059,4,6BDA_A,0.13725490196078433,2.82468068968295,0.2549019607843137,0.058823529411764705,0.3333333333333333,0.3333333333333333,5.868054204738887,9,0.6274509803921569
0.18305084745762712,0.09480909480909482,2,6BDB_A,0.14814814814814814,2.6037048122850694,0.24074074074074073,0.07407407407407407,0.35185185185185186,0.3148148148148148,5.520574319743379,10,0.6296296296296297
0.07833333333333334,0.03654054054054054,3,6BKG_A,0.1276595744680851,1.0601936873839,0.23404255319148937,0.02127659574468085,0.3191489361702128,0.3404255319148936,4.655531550085586,8,0.425531914893617
0.20833333333333334,0.11552346570397112,2,6BQU_B,0.13333333333333333,1.8454748008554476,0.2,0.0,0.26666666666666666,0.4666666666666667,3.675162139786787,2,0.6666666666666666
0.09824561403508772,0.06219458018658374,2,6BRR_A,0.0,1.723344163693094,0.25,0.03571428571428571,0.35714285714285715,0.21428571428571427,3.6364230027549413,2,0.6785714285714286
0.03302752293577982,0.017464277613971423,1,6BSG_A,0.16666666666666666,2.1853513992215228,0.2777777777777778,0.0,0.4444444444444444,0.2777777777777778,8.024373920264225,7,0.3333333333333333
0.09567901234567901,0.05677368833202819,3,6BTE_A,0.0967741935483871,1.2964727258840623,0.2903225806451613,0.06451612903225806,0.2903225806451613,0.25806451612903225,5.143656056097376,5,0.2903225806451613
0.1,0.07950872656755009,1,6BUX_A,0.15789473684210525,1.3919609554187764,0.3157894736842105,0.10526315789473684,0.21052631578947367,0.3157894736842105,3.579889643143203,1,1.0
0.049132947976878616,0.03543307086614173,1,6BWY_B,0.11764705882352941,1.6121419712598632,0.23529411764705882,0.11764705882352941,0.4117647058823529,0.23529411764705882,3.6408352106827553,1,1.0
0.1111111111111111,0.10026737967914438,2,6BZ1_C,0.0,3.119277444408709,0.1,0.0,0.0,0.7,4.310287417195812,2,0.5
0.001583531274742676,0.0006087044739778837,1,6BZO_D,0.5,,0.5,0.0,0.5,0.5,1.5151891157553072,1,1.0
0.0036003600360036,0.0029120559114735,2,6C04_C,0.0,4.229873167392698,0.0,0.0,0.0,1.0,13.616956938262428,4,0.25
0.08717948717948718,0.03895231699126931,2,6C31_A,0.058823529411764705,2.2944162310531873,0.11764705882352941,0.058823529411764705,0.4117647058823529,0.29411764705882354,3.6808911958181345,1,1.0
0.043052837573385516,0.02541327411793733,2,6C66_A,0.13636363636363635,2.893224206038848,0.36363636363636365,0.045454545454545456,0.3181818181818182,0.18181818181818182,7.8408236423879885,6,0.5
0.02459016393442623,0.009916492693110648,2,6C66_M,0.0,7.000030029528591,0.0,0.0,0.16666666666666666,0.8333333333333334,10.843000080409713,3,0.6666666666666666
0.0047169811320754715,0.0006053268765133172,1,6C66_O,0.0,,1.0,0.0,0.0,0.0,0.0,1,1.0
0.18055555555555555,0.08188153310104529,2,6CCG_A,0.0,2.6942669822497596,0.07692307692307693,0.07692307692307693,0.23076923076923078,0.46153846153846156,4.619500926457263,3,0.5384615384615384
0.05443548387096774,0.03401860009789525,2,6CFI_A,0.1111111111111111,1.8600927882477023,0.2962962962962963,0.07407407407407407,0.3333333333333333,0.25925925925925924,6.980516169492589,8,0.25925925925925924
0.05128205128205128,0.009615384615384616,2,6CG8_E,0.0,1.720477562890529,0.0,0.0,0.0,1.0,5.244777486794072,3,0.5
0.011730205278592375,0.0026465028355387526,2,6CIK_B,0.0,3.035058145696052,0.0,0.0,0.0,1.0,5.6104764967872,3,0.5
0.054009819967266774,0.02144659377628259,5,6CIM_A,0.030303030303030304,1.5122702027846864,0.18181818181818182,0.0,0.3939393939393939,0.3939393939393939,7.732922612830894,9,0.45454545454545453
0.04796511627906977,0.0274153904329741,1,6CQ2_A,0.09090909090909091,1.9212306662263883,0.18181818181818182,0.15151515151515152,0.24242424242424243,0.36363636363636365,4.265051846316585,5,0.45454545454545453
0.056640625,0.043315907393577296,1,6CRM_A,0.10344827586206896,1.9161131169291425,0.3448275862068966,0.10344827586206896,0.20689655172413793,0.3103448275862069,4.911331958903881,5,0.5172413793103449
0.3,0.3665254237288136,4,6CRO_A,0.16666666666666666,2.8617959486410482,0.2777777777777778,0.0,0.4444444444444444,0.2222222222222222,4.5889228269580995,2,0.7222222222222222
0.040229885057471264,0.020286813571178734,2,6CT9_A,0.14285714285714285,1.4318153052075016,0.2857142857142857,0.0,0.42857142857142855,0.42857142857142855,4.663319609670501,4,0.5
0.10429447852760736,0.062021439509954056,3,6CTR_A,0.08823529411764706,1.4561296080295667,0.2647058823529412,0.08823529411764706,0.23529411764705882,0.29411764705882354,5.076721670703774,3,0.4411764705882353
0.01675977653631285,0.006114130434782609,1,6CVP_B,0.0,1.8713055372192113,0.3333333333333333,0.0,0.3333333333333333,0.0,1.799144799837791,1,1.0
0.027777777777777776,0.009485094850948509,1,6CVQ_A,0.0,3.310969252551643,0.2,0.0,0.2,0.4,3.627270897573745,1,1.0
0.022222222222222223,0.0074374577417173765,1,6CVR_A,0.0,2.28940039245124,0.25,0.0,0.25,0.25,2.7167994023439626,1,1.0
0.05555555555555555,0.04536222071767095,2,6CVS_A,0.2,2.4314312762924915,0.4,0.0,0.3,0.3,5.018722671816142,3,0.4
0.01694915254237288,0.006189821182943604,1,6CVT_A,0.0,2.4510685126754117,0.3333333333333333,0.0,0.3333333333333333,0.3333333333333333,2.6485431408740374,1,1.0
0.08139534883720931,0.044524669073405534,2,6D0Z_A,0.05714285714285714,1.352115565562775,0.14285714285714285,0.05714285714285714,0.3142857142857143,0.34285714285714286,4.935016990429946,11,0.4
0.14432989690721648,0.07469717362045761,2,6D5F_A,0.14285714285714285,1.6981156306240623,0.39285714285714285,0.10714285714285714,0.35714285714285715,0.2857142857142857,5.935709568000574,5,0.42857142857142855
0.22137404580152673,0.09820585457979225,2,6D5F_a,0.13793103448275862,1.711445604203822,0.3448275862068966,0.10344827586206896,0.3793103448275862,0.2413793103448276,5.88118227301061,3,0.5172413793103449
0.04221635883905013,0.01971447994561523,1,6D92_A,0.15625,1.8830292073717294,0.3125,0.09375,0.25,0.40625,6.949933828384703,12,0.25
0.04221635883905013,0.021524040965110226,1,6D95_A,0.15625,1.621086559586691,0.3125,0.09375,0.25,0.40625,6.549601998488875,12,0.21875
0.17857142857142858,0.165625,1,6DG0_A,0.2,1.605621071660669,0.4666666666666667,0.13333333333333333,0.13333333333333333,0.3333333333333333,3.617617496628858,2,0.9333333333333333
0.017045454545454544,0.012799109627156371,2,6DGD_A,0.25,1.115967899908129,0.4166666666666667,0.08333333333333333,0.16666666666666666,0.16666666666666666,3.584084027370147,2,0.8333333333333334
0.1165644171779141,0.06020841373986878,3,6DIC_A,0.07894736842105263,1.5622928651121326,0.2894736842105263,0.10526315789473684,0.2631578947368421,0.2631578947368421,5.009384926162543,3,0.47368421052631576
0.08088235294117647,0.04504504504504504,1,6DOG_A,0.09090909090909091,1.7796242762461516,0.09090909090909091,0.0,0.6363636363636364,0.18181818181818182,3.3747267689852385,1,1.0
0.09022556390977443,0.04976958525345622,1,6DOH_A,0.08333333333333333,1.65050326598742,0.08333333333333333,0.0,0.6666666666666666,0.16666666666666666,3.3758745424512955,1,1.0
0.08148148148148149,0.045454545454545456,1,6DOS_A,0.09090909090909091,1.788033371394362,0.09090909090909091,0.0,0.6363636363636364,0.18181818181818182,3.365556100213821,1,1.0
0.08088235294117647,0.047747747747747746,1,6DPB_A,0.09090909090909091,1.7931785513807126,0.09090909090909091,0.0,0.6363636363636364,0.18181818181818182,3.37015225590368,1,1.0
0.08148148148148149,0.04562043795620438,1,6DPG_A,0.09090909090909091,1.7742811839573032,0.09090909090909091,0.0,0.6363636363636364,0.18181818181818182,3.368334100222394,1,1.0
0.08088235294117647,0.04792043399638336,1,6DPI_A,0.09090909090909091,1.7861539634800268,0.09090909090909091,0.0,0.6363636363636364,0.18181818181818182,3.3748396088927115,1,1.0
0.08448275862068966,0.04018048990116029,2,6DSX_A,0.061224489795918366,1.1936287801425842,0.22448979591836735,0.04081632653061224,0.4897959183673469,0.1836734693877551,4.500958208906918,5,0.5102040816326531
0.1314655172413793,0.06320907617504051,3,6DT1_A,0.04918032786885246,1.1756895366305957,0.21311475409836064,0.03278688524590164,0.29508196721311475,0.3442622950819672,4.675136508929873,7,0.39344262295081966
0.04905660377358491,0.027662517289073305,1,6DT7_A,0.15384615384615385,2.3082347332240865,0.46153846153846156,0.07692307692307693,0.15384615384615385,0.46153846153846156,6.336950228706368,4,0.38461538461538464
0.027227722772277228,0.007371007371007371,1,6DT7_B,0.09090909090909091,1.8495931820601785,0.36363636363636365,0.09090909090909091,0.36363636363636365,0.18181818181818182,2.98709070237689,1,1.0
0.019538188277087035,0.014672168729940394,2,6DVC_C,0.09090909090909091,1.6258622265280802,0.2727272727272727,0.18181818181818182,0.0,0.45454545454545453,8.04084233353449,10,0.2727272727272727
0.10344827586206896,0.04659763313609468,2,6DVC_F,0.1111111111111111,2.1769362282665843,0.3333333333333333,0.16666666666666666,0.16666666666666666,0.3333333333333333,5.092259467535593,4,0.4444444444444444
0.08902691511387163,0.04989711934156379,5,6DWW_A,0.06976744186046512,1.2126402937238936,0.16279069767441862,0.06976744186046512,0.3953488372093023,0.32558139534883723,5.167941305970319,9,0.2558139534883721
0.46551724137931033,0.3869565217391304,2,6E33_A,0.037037037037037035,1.7265623696413237,0.18518518518518517,0.037037037037037035,0.2222222222222222,0.48148148148148145,5.366834972950645,2,0.5555555555555556
0.26785714285714285,0.0975609756097561,2,6E93_A,0.16666666666666666,1.3915405030170298,0.3,0.03333333333333333,0.36666666666666664,0.36666666666666664,5.46447237674073,5,0.4666666666666667
0.26126126126126126,0.12192513368983957,2,6E94_A,0.1724137931034483,1.4270854052045,0.3103448275862069,0.034482758620689655,0.3793103448275862,0.3448275862068966,5.605953246148679,4,0.7586206896551724
0.043227665706051875,0.02070902070902071,2,6EDC_A,0.13333333333333333,1.7594743513765758,0.26666666666666666,0.0,0.3333333333333333,0.4666666666666667,5.489161950180439,4,0.4
0.012601260126012601,0.006739484080873809,2,6EDT_C,0.07142857142857142,1.4946335533273964,0.14285714285714285,0.0,0.0,0.7142857142857143,9.966944930342382,9,0.35714285714285715
0.014173228346456693,0.0064555174500706075,2,6EDT_D,0.1111111111111111,1.2309836450000975,0.2777777777777778,0.05555555555555555,0.2222222222222222,0.5,8.232869242729203,12,0.16666666666666666
0.007874015748031496,0.003462204270051933,1,6EHT_A,0.0,,0.0,0.5,0.0,0.5,7.8506259301082935,2,0.5
0.1550632911392405,0.10653465346534653,3,6EMY_B,0.04081632653061224,1.759824226252932,0.1836734693877551,0.0,0.40816326530612246,0.42857142857142855,4.708396049214364,9,0.2653061224489796
0.12580645161290321,0.08876003568242641,2,6EN0_B,0.05128205128205128,1.8844015103305785,0.2564102564102564,0.05128205128205128,0.358974358974359,0.358974358974359,4.7984166486132045,8,0.38461538461538464
0.13924050632911392,0.08166598611678236,2,6EN1_A,0.045454545454545456,1.7548018546772306,0.22727272727272727,0.045454545454545456,0.3409090909090909,0.38636363636363635,4.8253781791686245,8,0.2727272727272727
0.05405405405405406,0.05207835642618251,1,6EO6_H,0.21428571428571427,1.5894202962968886,0.5,0.07142857142857142,0.35714285714285715,0.21428571428571427,3.622074234394428,2,0.6428571428571429
0.17708333333333334,0.11207430340557276,2,6ERQ_C,0.20588235294117646,2.980919242420814,0.35294117647058826,0.029411764705882353,0.35294117647058826,0.35294117647058826,8.152465729534223,5,0.47058823529411764
0.21428571428571427,0.1423948220064725,2,6ES2_K,0.2,1.3986681458365136,0.4,0.0,0.4,0.4,4.2167687315695455,4,0.4666666666666667
0.2777777777777778,0.17295597484276728,2,6ES3_K,0.1,1.3838869066853936,0.3,0.0,0.3,0.5,4.053383664087844,2,0.9
0.016778523489932886,0.0059447983014862,2,6EU0_P,0.0,2.152662002913909,0.2,0.0,0.2,0.4,4.916642590880862,2,0.6
0.0062836624775583485,0.0025034137460172965,2,6EU1_B,0.14285714285714285,2.2989155983100305,0.42857142857142855,0.0,0.0,0.5714285714285714,8.313274243148523,4,0.42857142857142855
0.008818342151675485,0.00320017656146546,1,6EXV_B,0.1,1.9156390619130985,0.2,0.1,0.3,0.3,8.146623367299345,5,0.4
0.04201680672268908,0.019447287615148412,1,6F1K_A,0.6,1.2546353556676135,0.6,0.0,0.4,0.4,3.4487017635969117,2,0.6
0.09230769230769231,0.050063371356147024,3,6F2S_A,0.16666666666666666,1.1920123793168438,0.2222222222222222,0.16666666666666666,0.2777777777777778,0.4444444444444444,4.846824979717103,5,0.5
0.10091743119266056,0.05333333333333334,3,6F2S_H,0.18181818181818182,1.557853648624164,0.3181818181818182,0.09090909090909091,0.3181818181818182,0.4090909090909091,4.717117475129226,6,0.4090909090909091
0.07389162561576355,0.04342581423401689,2,6F2S_I,0.26666666666666666,1.7568958998738415,0.3333333333333333,0.06666666666666667,0.3333333333333333,0.4666666666666667,4.625925032544057,3,0.5333333333333333
0.0972972972972973,0.05110961667787491,2,6F59_B,0.16666666666666666,1.7009049693373473,0.2777777777777778,0.0,0.3333333333333333,0.3888888888888889,4.493958038170913,2,0.8333333333333334
0.19607843137254902,0.09385113268608414,2,6FB0_A,0.03333333333333333,1.4274255919622854,0.16666666666666666,0.1,0.4,0.3333333333333333,4.223014499291121,3,0.9
0.21428571428571427,0.11361804995970991,2,6FB0_B,0.09090909090909091,1.6127542557456316,0.21212121212121213,0.06060606060606061,0.3939393939393939,0.3333333333333333,4.297015959708691,4,0.9090909090909091
0.1895424836601307,0.0889967637540453,4,6FB1_A,0.034482758620689655,1.5108083689075453,0.20689655172413793,0.10344827586206896,0.3448275862068966,0.3448275862068966,4.299746790159825,3,0.896551724137931
0.22077922077922077,0.11075441412520064,2,6FB8_A,0.058823529411764705,1.5580515872193237,0.17647058823529413,0.08823529411764706,0.4117647058823529,0.29411764705882354,4.216765717733581,3,0.8823529411764706
0.1,0.05396449704142012,2,6FBC_A,0.05555555555555555,1.2130755257977968,0.2222222222222222,0.037037037037037035,0.46296296296296297,0.24074074074074073,4.192020434531109,2,0.7037037037037037
0.07874015748031496,0.06274509803921569,2,6FBU_A,0.15,1.404386646494235,0.25,0.0,0.4,0.3,4.108208499249838,2,0.85
0.1111111111111111,0.05988857938718663,2,6FIX_B,0.0,1.3339003972496344,0.36363636363636365,0.0,0.36363636363636365,0.09090909090909091,3.4757986626616955,2,0.8181818181818182
0.07003891050583658,0.038816108685104316,1,6FK4_A,0.16666666666666666,1.1648459646320026,0.2222222222222222,0.1111111111111111,0.5,0.2777777777777778,4.044614250720048,3,0.7777777777777778
0.04669260700389105,0.028626880155264434,1,6FKE_A,0.25,1.3634492416792472,0.3333333333333333,0.0,0.5,0.4166666666666667,4.913956158942404,6,0.25
0.09225092250922509,0.06552044609665428,2,6FL1_A,0.08,1.4066609146532785,0.24,0.08,0.16,0.48,4.320834416659705,4,0.88
0.0625,0.02389937106918239,2,6FN0_A,0.22580645161290322,1.0568213466043537,0.41935483870967744,0.0,0.3225806451612903,0.2903225806451613,4.355418058822652,5,0.45161290322580644
0.14285714285714285,0.06342182890855458,2,6FQ5_B,0.0,3.0540049305022685,0.08333333333333333,0.0,0.16666666666666666,0.5833333333333334,8.493351738299863,3,0.5833333333333334
0.10909090909090909,0.07176470588235294,2,6FQ5_C,0.0,1.4104259516009918,0.16666666666666666,0.0,0.08333333333333333,0.5833333333333334,5.756204408289339,4,0.5
0.15789473684210525,0.09651474530831099,2,6FQ5_D,0.13333333333333333,1.7620188223059041,0.2,0.06666666666666667,0.5333333333333333,0.3333333333333333,6.507351209051451,3,0.6666666666666666
0.10909090909090909,0.10392609699769054,2,6FTX_E,0.08333333333333333,4.933074854306975,0.25,0.0,0.25,0.5,8.237192967865063,3,0.3333333333333333
0.02619589977220957,0.014498815000697059,2,6FTX_W,0.08695652173913043,4.501104980960196,0.2608695652173913,0.043478260869565216,0.21739130434782608,0.5217391304347826,12.987786434411833,14,0.21739130434782608
0.04291845493562232,0.027917867435158502,1,6FWR_A,0.16666666666666666,2.2856678610447863,0.4,0.03333333333333333,0.26666666666666666,0.23333333333333334,5.648727264191053,6,0.3333333333333333
0.07874015748031496,0.03475670307845084,2,6FZS_B,0.0,1.449500646486053,0.3,0.0,0.3,0.4,4.287899860458518,3,0.7
0.06870229007633588,0.02980769230769231,2,6FZT_A,0.0,1.40745377282353,0.2222222222222222,0.0,0.3333333333333333,0.4444444444444444,3.8020821188568985,2,0.8888888888888888
0.043478260869565216,0.02017391304347826,2,6G0A_A,0.08333333333333333,1.3355937899854595,0.1875,0.020833333333333332,0.3125,0.3541666666666667,4.823812160801673,7,0.4583333333333333
0.3130434782608696,0.15723270440251572,2,6G1T_A,0.1388888888888889,2.43898049728749,0.2777777777777778,0.027777777777777776,0.3611111111111111,0.3611111111111111,4.152763603261528,1,1.0
0.22727272727272727,0.099609375,2,6GAT_A,0.13333333333333333,1.780895172224002,0.4,0.0,0.13333333333333333,0.4,4.227414887968001,4,0.6666666666666666
0.14556962025316456,0.1051792828685259,2,6GCF_A,0.21739130434782608,1.6339232310028364,0.30434782608695654,0.043478260869565216,0.6086956521739131,0.08695652173913043,3.549160810298242,2,0.6086956521739131
0.02711864406779661,0.011586452762923352,2,6GED_A,0.0,1.4599154960766503,0.0,0.0,0.5,0.375,3.7552917839779774,2,0.875
0.020161290322580645,0.010734463276836158,1,6GIS_A,0.0,3.5546624757941463,0.0,0.2,0.0,0.8,6.6367685172077575,4,0.4
0.029069767441860465,0.005809731299927378,2,6GOV_G,0.4,2.358726678633963,0.4,0.0,0.2,0.2,2.700430067032363,1,1.0
0.02727272727272727,0.017006802721088437,2,6GOV_N,0.0,2.3567829148620727,0.0,0.0,0.0,1.0,9.809577625742557,3,0.3333333333333333
0.014936519790888723,0.007684918347742555,2,6GOV_Y,0.1,2.1630916162462848,0.2,0.1,0.35,0.45,10.539337535597955,11,0.15
0.053929121725731895,0.03084736198626916,2,6GTG_A,0.05714285714285714,2.4591618801133563,0.17142857142857143,0.07142857142857142,0.35714285714285715,0.32857142857142857,7.272150677266975,16,0.37142857142857144
0.04819277108433735,0.02847571189279732,2,6GTS_C,0.0,1.8121606203333172,0.25,0.25,0.25,0.25,4.725915285153302,2,0.75
0.09565217391304348,0.0473186119873817,1,6GVQ_B,0.2727272727272727,1.3694979222241355,0.36363636363636365,0.0,0.45454545454545453,0.2727272727272727,3.984271643951604,2,0.9090909090909091
0.06435643564356436,0.04203821656050955,2,6GY3_A,0.15384615384615385,1.240829194002207,0.3076923076923077,0.0,0.6153846153846154,0.23076923076923078,3.10740869713663,1,1.0
0.09225092250922509,0.06496519721577726,2,6H0S_A,0.08,1.408429347168073,0.24,0.08,0.16,0.48,4.340536031757026,4,0.88
0.04039497307001795,0.019221642145230186,2,6H1V_A,0.08888888888888889,1.5011259288767895,0.2222222222222222,0.022222222222222223,0.3111111111111111,0.35555555555555557,4.9827890937457555,10,0.35555555555555557
0.20812182741116753,0.11478365384615384,2,6HB4_A,0.14634146341463414,2.1492843769351544,0.3902439024390244,0.024390243902439025,0.21951219512195122,0.3902439024390244,6.788843797370371,4,0.4146341463414634
0.05699481865284974,0.0235626767200754,2,6HP7_A,0.09090909090909091,2.305084033946912,0.18181818181818182,0.045454545454545456,0.45454545454545453,0.3181818181818182,5.032582524357451,4,0.7727272727272727
0.05538221528861154,0.03119682359614294,2,6I1K_A,0.1267605633802817,1.82809059210047,0.19718309859154928,0.07042253521126761,0.38028169014084506,0.2676056338028169,7.3391644299268775,21,0.3380281690140845
0.028191072826938137,0.011752440526964269,1,6I1L_A,0.08333333333333333,1.9118116278655808,0.16666666666666666,0.08333333333333333,0.3888888888888889,0.2777777777777778,6.944003882907782,10,0.3611111111111111
0.07575757575757576,0.04226705091258405,1,6I52_B,0.1,1.3761683841643049,0.1,0.1,0.4,0.2,5.088750850031621,3,0.7
0.11235955056179775,0.08281573498964803,1,6I52_C,0.3,1.0706751450065508,0.4,0.05,0.4,0.25,4.785538300958928,4,0.6
0.04065040650406504,0.02147275061267359,2,6I8A_A,0.08888888888888889,1.2931867036061038,0.2222222222222222,0.044444444444444446,0.3333333333333333,0.28888888888888886,4.902597587814445,8,0.4888888888888889
0.11764705882352941,0.08703703703703704,2,6IFM_B,0.0,3.3753618741680165,0.0,0.0,0.5,0.375,4.7030564779061494,2,0.5
0.08,0.046228710462287104,2,6IIT_B,0.0,2.3316311436909416,0.0,0.0,0.125,0.625,3.634672127793991,2,0.5
0.1393643031784841,0.06119951040391677,3,6IMK_A,0.08771929824561403,1.2293730611595621,0.22807017543859648,0.017543859649122806,0.3333333333333333,0.38596491228070173,4.769848777386396,5,0.43859649122807015
0.12165450121654502,0.04902557856272838,2,6IMN_A,0.1,1.2424233588559126,0.24,0.02,0.36,0.34,5.116915801987626,7,0.3
0.08490566037735849,0.0643915003219575,1,6IOD_A,0.0,1.5003090119923221,0.2777777777777778,0.05555555555555555,0.2222222222222222,0.2222222222222222,3.413260761911716,1,1.0
0.24489795918367346,0.16480793060718713,2,6IPU_A,0.08333333333333333,2.5604224937774327,0.2916666666666667,0.0,0.20833333333333334,0.4166666666666667,6.508079412102854,4,0.4166666666666667
0.14953271028037382,0.06884057971014493,2,6IPU_C,0.0,2.0536022619340795,0.1875,0.0,0.125,0.5625,6.4271113347330555,2,0.8125
0.15789473684210525,0.058981233243967826,2,6IPU_D,0.13333333333333333,1.8640595119593641,0.26666666666666666,0.06666666666666667,0.5333333333333333,0.2,6.612577998402038,3,0.5333333333333333
0.13793103448275862,0.06970128022759602,2,6IPU_F,0.0,3.639961070489683,0.08333333333333333,0.0,0.25,0.5,7.9146827264085005,3,0.6666666666666666
0.14150943396226415,0.07936507936507936,2,6IQ4_C,0.0,2.03980163356466,0.2,0.0,0.13333333333333333,0.6,6.773294636487555,3,0.4666666666666667
0.14492753623188406,0.0840630472854641,2,6IR8_A,0.2,3.6294673225824683,0.3,0.0,0.4,0.4,3.512541771159565,1,1.0
0.06605019815059446,0.03484616692163862,4,6IS7_A,0.12,1.6905326011823505,0.26,0.06,0.26,0.32,6.09664561195631,9,0.4
0.18404907975460122,0.16022544283413848,2,6IS8_A,0.06666666666666667,1.487512087853345,0.26666666666666666,0.06666666666666667,0.26666666666666666,0.26666666666666666,4.293988393804736,3,0.6666666666666666
0.01893939393939394,0.00876765708718948,2,6IUD_A,0.0,5.0227155095144855,0.4,0.0,0.6,0.0,5.125649674767924,2,0.6
0.2,0.07878787878787878,2,6IY2_A,0.1,2.7800524648411775,0.3,0.0,0.15,0.45,6.660094613648294,5,0.45
0.12612612612612611,0.06286379511059371,2,6IY2_C,0.0,1.874573534124031,0.21428571428571427,0.0,0.07142857142857142,0.7142857142857143,7.356025167596894,4,0.42857142857142855
0.16,0.06463878326996197,2,6IY2_D,0.125,1.4033906611382323,0.25,0.0,0.4375,0.375,7.133189892777068,4,0.4375
0.14285714285714285,0.06701030927835051,2,6IY3_D,0.14285714285714285,1.5714603773434634,0.21428571428571427,0.07142857142857142,0.42857142857142855,0.35714285714285715,7.267352182159907,5,0.42857142857142855
0.22413793103448276,0.15301724137931033,2,6J4R_A,0.07692307692307693,1.6585050036602187,0.23076923076923078,0.0,0.23076923076923078,0.46153846153846156,3.6168941194936353,1,1.0
0.2542372881355932,0.12419700214132762,2,6J5B_C,0.06666666666666667,1.5133293017055809,0.2,0.0,0.2,0.5333333333333333,3.6364889281047192,1,1.0
0.08839779005524862,0.04976141785957737,1,6J80_B,0.1875,2.0040097744273475,0.4375,0.125,0.125,0.25,4.792384030905066,4,0.375
0.13392857142857142,0.08250825082508251,2,6J9C_D,0.06666666666666667,1.71059692231488,0.2,0.06666666666666667,0.26666666666666666,0.4,3.7563201899720826,1,1.0
0.011574074074074073,0.005551996583386718,2,6J9F_C,0.06666666666666667,2.063335658747099,0.3333333333333333,0.06666666666666667,0.2,0.3333333333333333,8.69408254682395,8,0.26666666666666666
0.1232876712328767,0.06621961441743504,2,6JBX_A,0.0,1.933546460986412,0.2222222222222222,0.05555555555555555,0.3888888888888889,0.2222222222222222,3.8479640258150782,2,0.8888888888888888
0.016681299385425813,0.011665888940737284,2,6JCY_C,0.10526315789473684,1.6903029557853237,0.3684210526315789,0.15789473684210525,0.10526315789473684,0.21052631578947367,8.353339729568315,9,0.2631578947368421
0.07335907335907337,0.03574033552151714,2,6JDV_A,0.07894736842105263,1.5933609890270415,0.27631578947368424,0.10526315789473684,0.25,0.32894736842105265,6.688973403972356,19,0.17105263157894737
0.05377358490566038,0.027791030534351144,2,6JE4_K,0.10526315789473684,1.8585177783013316,0.3157894736842105,0.08771929824561403,0.22807017543859648,0.3333333333333333,7.80914313018945,14,0.24561403508771928
0.035623409669211195,0.016034535923527597,2,6JG8_B,0.07142857142857142,2.9450870275492265,0.14285714285714285,0.0,0.42857142857142855,0.35714285714285715,4.363062784429087,1,1.0
0.12149532710280374,0.06181818181818182,2,6JMA_C,0.0,1.324203214926577,0.23076923076923078,0.0,0.07692307692307693,0.6153846153846154,5.465100444675991,3,0.5384615384615384
0.1103448275862069,0.0782608695652174,2,6JNI_A,0.1875,2.9302810611738894,0.3125,0.0625,0.375,0.3125,4.466417556915976,3,0.4375
0.07482993197278912,0.06191687871077184,2,6JNX_P,0.0,3.945349279603619,0.09090909090909091,0.0,0.36363636363636365,0.45454545454545453,4.504726540116522,2,0.7272727272727273
0.1901840490797546,0.1642512077294686,2,6JRF_A,0.06451612903225806,1.437131651933188,0.22580645161290322,0.0967741935483871,0.2903225806451613,0.25806451612903225,4.071541794168356,4,0.7419354838709677
0.18404907975460122,0.1608730800323363,2,6JRG_A,0.06666666666666667,1.452988042461041,0.26666666666666666,0.1,0.23333333333333334,0.26666666666666666,4.297991365803024,5,0.6333333333333333
0.07847082494969819,0.028294036061026352,2,6JTQ_A,0.0,1.5148024356968577,0.05128205128205128,0.1282051282051282,0.358974358974359,0.1794871794871795,5.185589093463176,7,0.7435897435897436
0.09510086455331412,0.047619047619047616,2,6JUM_A,0.09090909090909091,1.1460545564046483,0.24242424242424243,0.06060606060606061,0.12121212121212122,0.3939393939393939,4.796862540299044,5,0.5151515151515151
0.09510086455331412,0.050566037735849056,2,6JUN_A,0.12121212121212122,1.2016808854905803,0.2727272727272727,0.06060606060606061,0.18181818181818182,0.36363636363636365,4.800271186944415,5,0.5454545454545454
0.12573099415204678,0.07623651915210115,2,6JUP_A,0.023255813953488372,1.1055783704662683,0.23255813953488372,0.09302325581395349,0.18604651162790697,0.3488372093023256,4.6327968306366145,7,0.5116279069767442
0.11143695014662756,0.061824953445065174,2,6JUQ_A,0.02631578947368421,1.1281217877040854,0.23684210526315788,0.07894736842105263,0.21052631578947367,0.34210526315789475,4.7215792403314065,6,0.47368421052631576
0.11527377521613832,0.06578449905482042,2,6JUR_A,0.1,1.1448336077919192,0.275,0.05,0.125,0.35,4.855007626351918,5,0.5
0.10086455331412104,0.05330812854442344,2,6JUS_A,0.08571428571428572,1.1583626318236782,0.2857142857142857,0.05714285714285714,0.14285714285714285,0.34285714285714286,5.053820179193251,5,0.6
0.08266129032258064,0.033277870216306155,2,6JW0_A,0.0,1.4117567686127244,0.024390243902439025,0.12195121951219512,0.36585365853658536,0.2682926829268293,5.195253175477455,7,0.36585365853658536
0.07847082494969819,0.023578363384188627,2,6JW3_A,0.0,1.521822312854738,0.02564102564102564,0.1282051282051282,0.3076923076923077,0.23076923076923078,5.183138545575737,4,0.5384615384615384
0.08519269776876268,0.0276536312849162,2,6JW5_A,0.0,1.4556102210374233,0.023809523809523808,0.11904761904761904,0.35714285714285715,0.2619047619047619,5.330702895481637,4,0.7619047619047619
0.14953271028037382,0.11686746987951807,2,6JXD_C,0.0,1.7613604656929773,0.1875,0.0,0.125,0.625,6.675974473063613,4,0.4375
0.16494845360824742,0.08627450980392157,2,6JXD_D,0.125,1.4815886423247362,0.25,0.0,0.4375,0.375,6.753391870395657,3,0.625
0.24742268041237114,0.16604244694132334,2,6JXD_E,0.08333333333333333,2.543975376262365,0.2916666666666667,0.0,0.20833333333333334,0.4583333333333333,6.502312384110449,5,0.4166666666666667
0.1320754716981132,0.08669108669108669,2,6JXD_G,0.0,1.911607236391252,0.21428571428571427,0.0,0.07142857142857142,0.6428571428571429,7.177434749512054,4,0.35714285714285715
0.1079136690647482,0.06672760511882998,2,6JYW_A,0.2,2.8654398194862045,0.3333333333333333,0.0,0.4,0.3333333333333333,4.565347277690767,3,0.5333333333333333
0.10638297872340426,0.12588310854206808,1,6K3J_A,0.1,2.109583155801401,0.25,0.2,0.25,0.3,4.6995924287673025,2,0.7
0.030234315948601664,0.012809564474807857,2,6K4Q_B,0.075,2.2631377918418605,0.25,0.075,0.3,0.325,8.431751315297886,13,0.225
0.09569377990430622,0.06593406593406594,2,6K4Y_M,0.1,2.705244473779191,0.2,0.0,0.3,0.6,5.96527096308228,5,0.45
0.05263157894736842,0.03291186314615099,1,6K8O_A,0.08571428571428572,1.6795538225852056,0.3142857142857143,0.11428571428571428,0.22857142857142856,0.2571428571428571,4.070415035377643,4,0.7142857142857143
0.09251101321585903,0.07348066298342541,1,6KBS_B,0.19047619047619047,1.7681614129977081,0.3333333333333333,0.0,0.19047619047619047,0.3333333333333333,4.733783572248157,4,0.5238095238095238
0.06177606177606178,0.03026933531010625,3,6KC8_A,0.078125,1.731223817277502,0.265625,0.078125,0.234375,0.40625,7.467082933388607,15,0.1875
0.023529411764705882,0.008784773060029283,1,6KCP_D,0.0,,0.5,0.5,0.0,0.0,2.0251037559269993,1,1.0
0.09049773755656108,0.07911212293682413,1,6KCQ_B,0.2,1.9994674262604013,0.3,0.05,0.2,0.3,4.559889887289241,4,0.65
0.09507042253521127,0.03805774278215223,2,6KDB_A,0.0,1.3039360479121436,0.1111111111111111,0.037037037037037035,0.4444444444444444,0.2962962962962963,3.5009738581564114,3,0.9259259259259259
0.20833333333333334,0.11139240506329114,2,6KE9_E,0.1,3.7499685448947515,0.25,0.0,0.25,0.4,6.954320844837665,4,0.4
0.13333333333333333,0.0728395061728395,2,6KE9_G,0.0,2.351731150495251,0.14285714285714285,0.0,0.14285714285714285,0.6428571428571429,6.925130213043224,3,0.5
0.005385996409335727,0.00258659469185785,2,6KF9_B,0.0,2.556467494783724,0.16666666666666666,0.16666666666666666,0.16666666666666666,0.3333333333333333,6.411922683402955,2,0.8333333333333334
0.01804123711340206,0.007243990780375371,2,6KF9_C,0.0,4.066592998545367,0.14285714285714285,0.0,0.2857142857142857,0.5714285714285714,6.002577851363699,3,0.42857142857142855
0.09,0.06758501937150237,3,6KI3_B,0.14814814814814814,1.1645462830356719,0.25925925925925924,0.14814814814814814,0.2222222222222222,0.3333333333333333,4.137647754289438,2,0.9629629629629629
0.004016064257028112,0.0015128593040847202,1,6KNB_E,0.0,,0.0,0.0,0.0,1.0,0.0,1,1.0
0.01979414093428345,0.00824827301783689,2,6KOP_D,0.08,1.5493640135887714,0.24,0.04,0.24,0.44,7.030811873505437,11,0.44
0.03880597014925373,0.0344311377245509,2,6KSF_A,0.15384615384615385,2.021024227901161,0.23076923076923078,0.0,0.0,0.6923076923076923,7.5263816336903275,7,0.38461538461538464
0.15757575757575756,0.11556603773584906,3,6KVO_A,0.038461538461538464,1.3303511682626767,0.07692307692307693,0.11538461538461539,0.38461538461538464,0.2692307692307692,4.2815253379549985,4,0.7692307692307693
0.059907834101382486,0.03397508493771234,2,6L2O_A,0.0,2.27115358716608,0.07692307692307693,0.0,0.46153846153846156,0.38461538461538464,4.335371710159814,2,0.9230769230769231
0.25882352941176473,0.13602391629297458,2,6L6Q_A,0.09090909090909091,1.7260261967761628,0.18181818181818182,0.045454545454545456,0.22727272727272727,0.4090909090909091,4.08177724891576,2,0.8181818181818182
0.07729468599033816,0.066006600660066,1,6L6S_A,0.0,1.5416508379066565,0.3125,0.125,0.25,0.1875,3.436291087977174,2,0.9375
0.25,0.18289085545722714,2,6L6Y_D,0.15,1.7396507415072513,0.3,0.0,0.2,0.45,4.414208741232873,1,1.0
0.12023460410557185,0.047757929274516955,2,6L84_A,0.04878048780487805,1.1296343836098495,0.2682926829268293,0.07317073170731707,0.24390243902439024,0.2682926829268293,4.60754524090337,6,0.5121951219512195
0.08433734939759036,0.07164634146341463,2,6L8E_A,0.14285714285714285,2.993076768387173,0.14285714285714285,0.0,0.7142857142857143,0.2857142857142857,3.6467517914128456,3,0.7142857142857143
0.07707129094412331,0.06539379474940334,1,6LBR_A,0.225,1.4083299961472546,0.425,0.075,0.35,0.25,4.72440875239118,4,0.725
0.22093023255813954,0.14962962962962964,2,6LC1_A,0.05263157894736842,1.8167254712142962,0.10526315789473684,0.05263157894736842,0.3157894736842105,0.5263157894736842,4.259313542663298,3,0.7894736842105263
0.1320754716981132,0.12709030100334448,3,6LCT_A,0.09523809523809523,1.0587670376813485,0.14285714285714285,0.09523809523809523,0.3333333333333333,0.19047619047619047,4.144061679478814,3,0.7619047619047619
0.1171875,0.05094905094905095,2,6LDI_H,0.2,2.1809433129751343,0.4,0.0,0.4,0.26666666666666666,4.330266628925586,3,0.4666666666666667
0.030303030303030304,0.029601029601029602,2,6LMJ_A,0.0,6.473350113709679,0.0,0.0,0.0,0.6666666666666666,6.882469791755797,2,0.6666666666666666
0.014619883040935672,0.009908256880733945,1,6LNB_G,0.2,3.382740427786169,0.2,0.0,0.2,0.2,5.526721740644159,2,0.8
0.06943105110896818,0.03578719827068572,3,6LTR_A,0.05555555555555555,2.4681979033743984,0.19444444444444445,0.06944444444444445,0.3611111111111111,0.2916666666666667,7.152743476788404,15,0.3055555555555556
0.07156673114119923,0.03455333493859861,3,6LTU_A,0.05405405405405406,2.3253829375743527,0.22972972972972974,0.08108108108108109,0.32432432432432434,0.28378378378378377,7.242212868042992,17,0.28378378378378377
0.07865168539325842,0.04642349597347229,2,6LWA_D,0.09523809523809523,1.264342890705267,0.19047619047619047,0.047619047619047616,0.2857142857142857,0.42857142857142855,4.124568000608842,3,0.8095238095238095
0.08148148148148149,0.05703599812996728,2,6LWD_A,0.09090909090909091,1.303246368959806,0.18181818181818182,0.045454545454545456,0.2727272727272727,0.45454545454545453,4.215884568025303,4,0.7727272727272727
0.08148148148148149,0.06302521008403361,2,6LWL_A,0.13636363636363635,1.2445991264871046,0.22727272727272727,0.045454545454545456,0.2727272727272727,0.4090909090909091,4.002023840039397,3,0.8181818181818182
0.09225092250922509,0.05592105263157895,2,6LWN_D,0.16,1.2584598936348605,0.24,0.04,0.2,0.48,4.100281433435716,3,0.8
0.09774436090225563,0.055293005671077505,2,6LWP_A,0.15384615384615385,1.221290061071846,0.23076923076923078,0.07692307692307693,0.23076923076923078,0.4230769230769231,4.0695833321524555,4,0.7692307692307693
0.08148148148148149,0.05174035747883349,3,6LWR_A,0.09090909090909091,1.2774352961762832,0.18181818181818182,0.045454545454545456,0.22727272727272727,0.45454545454545453,4.034543315662792,3,0.8181818181818182
0.15454545454545454,0.06734006734006734,2,6LXN_A,0.11764705882352941,1.1557460971393412,0.17647058823529413,0.11764705882352941,0.29411764705882354,0.35294117647058826,3.790856923125392,4,0.5294117647058824
0.06686046511627906,0.032081662413415965,2,6M0X_A,0.13043478260869565,1.9583565449359608,0.30434782608695654,0.07246376811594203,0.36231884057971014,0.2608695652173913,6.703306307799932,11,0.21739130434782608
0.0718562874251497,0.07278481012658228,1,6M75_A,0.25,1.3881901516430888,0.3333333333333333,0.0,0.4166666666666667,0.3333333333333333,3.5273182040712805,2,0.9166666666666666
0.010135135135135136,0.0034028073160357296,1,6MII_E,0.0,2.7478548505391145,0.6666666666666666,0.0,0.16666666666666666,0.16666666666666666,3.6847726409770045,1,1.0
0.26573426573426573,0.10875331564986737,2,6ML4_A,0.10526315789473684,1.6919324249503924,0.2894736842105263,0.07894736842105263,0.2631578947368421,0.3684210526315789,5.077361640706616,5,0.2894736842105263
0.09154929577464789,0.045563549160671464,2,6MQ8_A,0.07692307692307693,1.2067681307369187,0.2564102564102564,0.05128205128205128,0.2564102564102564,0.3076923076923077,4.517039462583004,7,0.5641025641025641
0.056338028169014086,0.045053003533568906,2,6MRJ_B,0.0,1.1745100176913719,0.125,0.0,0.5,0.375,4.131244369795709,2,0.5
0.029462738301559793,0.01468048359240069,1,6MU4_A,0.11764705882352941,1.4650795091438242,0.29411764705882354,0.0,0.5294117647058824,0.23529411764705882,5.740404834868581,5,0.4117647058823529
0.10638297872340426,0.061971830985915494,2,6MUO_B,0.0,3.0229848191403295,0.1,0.0,0.1,0.6,8.581609757961608,3,0.6
0.14705882352941177,0.07248157248157248,2,6MUP_A,0.13333333333333333,2.6475378292911596,0.26666666666666666,0.0,0.2,0.4666666666666667,7.3751304169228655,3,0.6
0.11956521739130435,0.0737134909596662,2,6MUP_D,0.18181818181818182,2.246669936772869,0.18181818181818182,0.09090909090909091,0.45454545454545453,0.36363636363636365,7.6426328806936095,5,0.2727272727272727
0.13333333333333333,0.06666666666666667,2,6MUP_G,0.0,2.1596881260202627,0.21428571428571427,0.0,0.14285714285714285,0.5,7.081593739989984,3,0.5
0.04390243902439024,0.026285046728971962,2,6MUP_M,0.0,3.019339190527461,0.3333333333333333,0.0,0.1111111111111111,0.5555555555555556,7.540996355549585,4,0.6666666666666666
0.08878504672897196,0.04155455904334828,2,6MXO_A,0.05263157894736842,1.1068470517658227,0.15789473684210525,0.05263157894736842,0.2894736842105263,0.3684210526315789,4.676318273106083,10,0.3157894736842105
0.044444444444444446,0.030707610146862484,2,6MZM_W,0.0,2.2732123726285884,0.0,0.0,0.0,1.0,2.973265664208619,1,1.0
0.010395010395010396,0.013350785340314137,2,6N1P_B,0.0,11.801113505162306,0.0,0.4,0.2,0.2,16.082741108500123,2,0.6
0.04113924050632911,0.026283865750101092,2,6N4C_A,0.07692307692307693,5.883531041077261,0.23076923076923078,0.0,0.3076923076923077,0.3076923076923077,9.910774541595528,2,0.7692307692307693
0.11935483870967742,0.07877280265339967,2,6N4C_B,0.02702702702702703,1.88240062504875,0.2702702702702703,0.13513513513513514,0.21621621621621623,0.2972972972972973,4.876225775529915,2,0.7567567567567568
0.023862788963460103,0.017585326652169803,2,6N4C_C,0.03125,1.3528573865568148,0.09375,0.03125,0.15625,0.59375,8.144131285454177,12,0.21875
0.03166421207658321,0.022110457392294555,2,6N4C_D,0.046511627906976744,1.9554600855230453,0.11627906976744186,0.046511627906976744,0.23255813953488372,0.5581395348837209,6.838786314449047,13,0.27906976744186046
0.1057347670250896,0.09076751946607342,2,6N4C_F,0.11864406779661017,3.309865998697078,0.2711864406779661,0.03389830508474576,0.288135593220339,0.423728813559322,7.522367720942905,7,0.6949152542372882
0.0698005698005698,0.02726457399103139,2,6N7W_H,0.10204081632653061,1.642822063835817,0.30612244897959184,0.061224489795918366,0.2653061224489796,0.30612244897959184,6.480123178233902,10,0.2653061224489796
0.16483516483516483,0.07519788918205805,2,6NCM_A,0.13333333333333333,2.239813010036384,0.2,0.0,0.3333333333333333,0.4,4.121829395722471,2,0.9333333333333333
0.03880597014925373,0.021377672209026127,1,6NE0_F,0.0,4.079274405087521,0.38461538461538464,0.0,0.38461538461538464,0.15384615384615385,9.639223937467673,6,0.38461538461538464
0.06941431670281996,0.028900187316028902,2,6NE3_W,0.0,1.8159502477049898,0.21875,0.0625,0.25,0.4375,5.279693250836661,7,0.28125
0.039301310043668124,0.025219298245614034,2,6NJU_D,0.1111111111111111,1.4870641799499356,0.2222222222222222,0.2222222222222222,0.3333333333333333,0.3333333333333333,3.133298286760174,1,1.0
0.11349693251533742,0.05630026809651475,3,6NL0_A,0.08108108108108109,1.3714076130895914,0.2702702702702703,0.08108108108108109,0.2702702702702703,0.2702702702702703,4.988409993705085,3,0.4864864864864865
0.08290155440414508,0.0650298606502986,2,6NSM_A,0.125,2.9050760519115166,0.3125,0.0,0.1875,0.3125,4.390613255401889,2,0.5625
0.08849557522123894,0.06180400890868597,1,6NUH_A,0.2,1.8675219688224063,0.35,0.0,0.2,0.3,4.634519289489101,5,0.45
0.015527950310559006,0.005627275736511089,2,6O0Z_A,0.1,1.8759332057492082,0.1,0.05,0.4,0.45,8.889808649590535,7,0.4
0.423728813559322,0.33476394849785407,2,6O19_A,0.04,2.1980751811284,0.16,0.04,0.24,0.44,5.332691710365955,3,0.56
0.18947368421052632,0.09193954659949623,2,6O3T_A,0.2222222222222222,1.7953617054175313,0.2777777777777778,0.0,0.5,0.3333333333333333,4.071554867996867,3,0.8888888888888888
0.03695150115473441,0.019420289855072465,2,6O71_A,0.3125,3.291169359822611,0.4375,0.0625,0.1875,0.3125,12.907549184025793,7,0.25
0.08445945945945946,0.050730688935281834,2,6O8E_A,0.16,2.0549790769341043,0.38,0.08,0.36,0.16,4.455136272625858,8,0.58
0.04753521126760563,0.020942408376963352,2,6O8G_B,0.07407407407407407,1.7227113717822347,0.18518518518518517,0.037037037037037035,0.3333333333333333,0.3333333333333333,4.954324216265218,6,0.4444444444444444
0.03152364273204904,0.010437051532941943,2,6O8H_A,0.05555555555555555,1.9391647318977963,0.3333333333333333,0.0,0.3333333333333333,0.2222222222222222,6.300942100134684,6,0.3333333333333333
0.08791208791208792,0.0380517503805175,2,6O8Q_B,0.0,2.1081593469737867,0.0,0.125,0.5,0.25,4.127394820926695,1,1.0
0.002325581395348837,0.0002942907592701589,1,6O9L_Q,0.0,,0.0,0.0,0.0,1.0,0.0,1,1.0
0.046413502109704644,0.020073956682514528,2,6O9L_T,0.0,1.8008075213623382,0.09090909090909091,0.0,0.09090909090909091,0.5454545454545454,7.55390780650106,8,0.2727272727272727
0.09467455621301775,0.05464071856287425,4,6OBJ_A,0.03125,1.4272146058101902,0.15625,0.09375,0.375,0.3125,5.193958534822701,4,0.75
0.12903225806451613,0.09619238476953908,2,6OD3_A,0.0,3.932297763014897,0.0,0.125,0.375,0.5,4.613326798356854,3,0.625
0.09689922480620156,0.08,4,6OEA_A,0.16,1.468323777543716,0.16,0.0,0.36,0.4,4.498123570483643,3,0.72
0.04591836734693878,0.015921616656460504,2,6OLA_A0,0.4444444444444444,1.9661438857888485,0.4444444444444444,0.0,0.5555555555555556,0.3333333333333333,5.514954818646198,4,0.3333333333333333
0.03145695364238411,0.0214321482223335,2,6OMV_B,0.13157894736842105,1.1393624717634452,0.23684210526315788,0.05263157894736842,0.39473684210526316,0.2631578947368421,5.3423993760194195,9,0.34210526315789475
0.08483754512635379,0.04198995892286627,2,6OTZ_A,0.10638297872340426,2.4106571057063686,0.3191489361702128,0.0851063829787234,0.2553191489361702,0.2765957446808511,6.772527215958385,9,0.3191489361702128
0.010107816711590296,0.00349769663879884,2,6OY6_D,0.06666666666666667,1.900275905074322,0.2,0.0,0.26666666666666666,0.5333333333333333,6.866049185968106,10,0.26666666666666666
0.1043613707165109,0.05396256471525289,3,6P0C_A,0.07462686567164178,1.1546958950792277,0.208955223880597,0.04477611940298507,0.31343283582089554,0.29850746268656714,4.51974774478892,5,0.582089552238806
0.10124610591900311,0.054248105305145594,3,6P0E_A,0.07692307692307693,1.0938837969378408,0.23076923076923078,0.015384615384615385,0.3230769230769231,0.27692307692307694,4.56565834290428,4,0.7230769230769231
0.08974358974358974,0.03647898493259318,2,6P18_Q,0.0,4.177842096043165,0.14285714285714285,0.0,0.35714285714285715,0.42857142857142855,5.824221878547829,4,0.5714285714285714
0.03485254691689008,0.017726798748696558,2,6P4F_B,0.23076923076923078,1.0275262312871452,0.3076923076923077,0.07692307692307693,0.07692307692307693,0.5384615384615384,5.584392528574069,7,0.23076923076923078
0.0779816513761468,0.03643600734843846,2,6P4F_C,0.14705882352941177,1.7189312601955644,0.35294117647058826,0.08823529411764706,0.38235294117647056,0.14705882352941177,5.16333663138649,7,0.3235294117647059
0.07056798623063683,0.03413482181193645,2,6P5C_A,0.07317073170731707,1.36073645611379,0.21951219512195122,0.04878048780487805,0.5365853658536586,0.1951219512195122,4.498613279846612,2,0.7560975609756098
0.01,0.0038071065989847717,2,6P71_D,0.06666666666666667,1.3393228428791049,0.26666666666666666,0.0,0.2,0.4666666666666667,5.931481319225694,9,0.3333333333333333
0.026845637583892617,0.011428571428571429,2,6P7B_A,0.25,3.0128081657845907,0.25,0.0,0.0,0.5,4.190276000711914,2,0.75
0.009523809523809525,0.007481296758104738,1,6P7E_G,0.0,,0.0,0.0,0.0,1.0,0.0,1,1.0
0.11231884057971014,0.05364511691884457,3,6P93_A,0.16129032258064516,1.4089991444718766,0.3870967741935484,0.12903225806451613,0.2903225806451613,0.22580645161290322,3.9500437064573775,1,1.0
0.11231884057971014,0.06114942528735632,3,6P94_A,0.16129032258064516,1.5053255885032346,0.3548387096774194,0.12903225806451613,0.25806451612903225,0.25806451612903225,3.8978911878570157,1,1.0
0.2932330827067669,0.18977384464110128,2,6PAX_A,0.07692307692307693,3.5959870986720284,0.2564102564102564,0.0,0.3076923076923077,0.23076923076923078,5.854303163600334,2,0.9230769230769231
0.1,0.0657992565055762,2,6PBD_A,0.08571428571428572,1.2168738394315968,0.2857142857142857,0.08571428571428572,0.2571428571428571,0.22857142857142856,3.718028230842124,2,0.9714285714285714
0.044136191677175286,0.03024508951851208,1,6PCM_A,0.08571428571428572,2.1850860194417328,0.17142857142857143,0.14285714285714285,0.2857142857142857,0.3142857142857143,4.268931130163717,5,0.5142857142857142
0.03133903133903134,0.017253774263120056,2,6PIJ_A,0.09090909090909091,2.032262803443553,0.36363636363636365,0.0,0.36363636363636365,0.09090909090909091,4.5461532717865945,3,0.8181818181818182
0.0410958904109589,0.016712397106510353,2,6PIJ_G,0.0,1.9490207273424465,0.19047619047619047,0.047619047619047616,0.23809523809523808,0.47619047619047616,4.1737588847309715,3,0.6666666666666666
0.0856269113149847,0.04749034749034749,3,6PKZ_A,0.10714285714285714,1.8907770074159524,0.2857142857142857,0.07142857142857142,0.2857142857142857,0.25,5.815834887546775,5,0.39285714285714285
0.11715481171548117,0.09560723514211886,2,6PMI_F,0.07142857142857142,1.3531348854761818,0.25,0.10714285714285714,0.21428571428571427,0.42857142857142855,8.167925242746492,10,0.21428571428571427
0.14375,0.07507193303688203,5,6PR5_A,0.10144927536231885,1.9274237561189216,0.15942028985507245,0.07246376811594203,0.4057971014492754,0.36231884057971014,5.3423171740182624,9,0.2753623188405797
0.0007434944237918215,9.554748710108924e-05,1,6PSQ_J,1.0,,1.0,0.0,1.0,0.0,0.0,1,1.0
0.053763440860215055,0.036262513904338156,2,6PST_L,0.16666666666666666,3.9015359570103385,0.23333333333333334,0.1,0.3,0.43333333333333335,11.42591583765395,5,0.36666666666666664
0.037122969837587005,0.02456140350877193,2,6PY8_E,0.125,1.3408390496715858,0.125,0.0,0.4375,0.5,4.5926062960049885,3,0.625
0.08595988538681948,0.05492075193512717,2,6Q0C_A,0.13333333333333333,1.666826050089969,0.3333333333333333,0.03333333333333333,0.3,0.16666666666666666,3.8490306166578865,4,0.5333333333333333
0.1059190031152648,0.052348726114649684,3,6Q1V_A,0.07352941176470588,1.1092240720281072,0.23529411764705882,0.029411764705882353,0.3088235294117647,0.27941176470588236,4.46651644363873,4,0.7205882352941176
0.2153846153846154,0.10112359550561797,2,6QEC_A,0.07142857142857142,1.3438723191585653,0.2857142857142857,0.07142857142857142,0.21428571428571427,0.35714285714285715,3.512689743325291,1,1.0
0.012552301255230125,0.011041009463722398,1,6QEM_G,0.3333333333333333,5.151996105041652,0.3333333333333333,0.0,0.3333333333333333,0.3333333333333333,5.223839049018015,2,0.6666666666666666
0.12931034482758622,0.09051724137931035,2,6QFD_B,0.13333333333333333,2.1385399137662406,0.2,0.06666666666666667,0.4,0.3333333333333333,3.513117002770705,1,1.0
0.041852181656277826,0.02427973977695167,2,6QIB_A,0.0851063829787234,1.3552789632211832,0.23404255319148937,0.0425531914893617,0.2765957446808511,0.3404255319148936,4.8206016550707345,7,0.5106382978723404
0.12643678160919541,0.039660056657223795,2,6QLD_a,0.09090909090909091,3.226748686251464,0.36363636363636365,0.0,0.18181818181818182,0.45454545454545453,9.177251824242878,5,0.36363636363636365
0.12658227848101267,0.0768,2,6QLD_b,0.0,5.392209890976109,0.1,0.0,0.2,0.6,8.450935103174738,2,0.7
0.0967741935483871,0.03894297635605007,2,6QLD_d,0.1111111111111111,3.180959945747073,0.1111111111111111,0.0,0.5555555555555556,0.4444444444444444,8.217782693401325,2,0.5555555555555556
0.12264150943396226,0.04244694132334582,2,6QLD_e,0.07692307692307693,2.0164763685995695,0.3076923076923077,0.0,0.3076923076923077,0.3076923076923077,7.3897056555855904,5,0.38461538461538464
0.11428571428571428,0.06765067650676507,2,6QLD_g,0.0,1.9942351109717908,0.08333333333333333,0.0,0.4166666666666667,0.3333333333333333,4.154867876585924,2,0.5833333333333334
0.0425531914893617,0.009575923392612859,2,6QLD_h,0.25,2.5403687589757777,0.25,0.0,0.5,0.5,9.689505089720903,4,0.25
0.11764705882352941,0.05456852791878172,2,6QLD_i,0.0,1.4993451702957536,0.08333333333333333,0.0,0.25,0.5833333333333334,5.56895904950526,2,0.9166666666666666
0.11206896551724138,0.06788793103448276,2,6QUA_B,0.15384615384615385,1.9288944251460125,0.23076923076923078,0.0,0.38461538461538464,0.38461538461538464,3.483586768673804,1,1.0
0.05084745762711865,0.02029136316337149,2,6QWF_A,0.08333333333333333,1.1752930493353517,0.3333333333333333,0.0,0.4166666666666667,0.3333333333333333,3.513595661541398,3,0.75
0.05084745762711865,0.022892819979188347,2,6QWH_A,0.0,1.132180824395525,0.25,0.0,0.3333333333333333,0.4166666666666667,3.3372106645998567,1,1.0
0.05084745762711865,0.02080083203328133,2,6QWK_A,0.16666666666666666,1.2663023044631325,0.4166666666666667,0.0,0.4166666666666667,0.25,3.392818326919457,2,0.9166666666666666
0.046610169491525424,0.018759770713913496,2,6QWM_A,0.0,1.1487764367594693,0.36363636363636365,0.0,0.36363636363636365,0.2727272727272727,3.173127146115252,1,1.0
0.035416666666666666,0.018201284796573874,2,6QX2_J,0.11764705882352941,1.1496863671696627,0.23529411764705882,0.0,0.23529411764705882,0.47058823529411764,5.479439446684072,9,0.23529411764705882
0.06951871657754011,0.043170559094125975,2,6QX2_K,0.0,1.5450330908232883,0.23076923076923078,0.15384615384615385,0.07692307692307693,0.46153846153846156,4.506421704486682,4,0.6923076923076923
0.0718232044198895,0.04066811909949165,2,6QX2_d,0.0,2.2298521212408247,0.23076923076923078,0.15384615384615385,0.07692307692307693,0.38461538461538464,4.470723675147625,2,0.8461538461538461
0.0797872340425532,0.04835318850735809,2,6QX2_k,0.0,1.7857003922534824,0.2,0.13333333333333333,0.13333333333333333,0.4,4.574392104207788,3,0.8
0.045454545454545456,0.02751068376068376,2,6QX2_r,0.09090909090909091,1.1752995293621027,0.3181818181818182,0.0,0.2727272727272727,0.36363636363636365,5.098562188003395,7,0.6363636363636364
0.08064516129032258,0.044744318181818184,2,6QX2_s,0.0,1.7001505975738147,0.2,0.2,0.06666666666666667,0.4,4.359955895945225,3,0.8
0.08021390374331551,0.034891835310537335,2,6QX2_u,0.0,2.377950256822896,0.2,0.2,0.13333333333333333,0.3333333333333333,4.389203805932216,2,0.8666666666666667
0.0045662100456621,0.0005571030640668524,1,6QXF_B,0.0,,0.0,0.0,0.0,1.0,0.0,1,1.0
0.09115281501340483,0.04574838388861263,2,6QZK_A,0.10294117647058823,1.6864117999162058,0.2647058823529412,0.08823529411764706,0.36764705882352944,0.27941176470588236,5.03788582226901,6,0.5882352941176471
0.15625,0.07001321003963012,2,6R1T_D,0.13333333333333333,1.3983745394994778,0.26666666666666666,0.0,0.4666666666666667,0.3333333333333333,7.257755073013702,3,0.4666666666666667
0.14414414414414414,0.1073512252042007,2,6R1T_G,0.0,2.022209405461084,0.1875,0.0625,0.125,0.5,8.880532084018594,5,0.375
0.0013568521031207597,0.0029124550282679457,1,6R1U_K,0.0,,0.0,0.0,0.0,1.0,0.0,1,1.0
0.15053763440860216,0.05585106382978723,2,6R2V_B,0.0,2.119797840803314,0.21428571428571427,0.0,0.21428571428571427,0.5,5.179984565739765,2,0.9285714285714286
0.16842105263157894,0.0693196405648267,2,6R2V_C,0.0,3.081671820432387,0.3125,0.0,0.1875,0.4375,6.620688675358533,3,0.6875
0.1087962962962963,0.0468977570637926,2,6RAR_I,0.0425531914893617,1.2767731274880552,0.14893617021276595,0.0425531914893617,0.2765957446808511,0.3617021276595745,5.227633752336614,6,0.48936170212765956
0.09237875288683603,0.03412675652423287,2,6RAS_I,0.025,1.3347315648807054,0.15,0.05,0.3,0.325,5.412720390873075,7,0.5
0.12962962962962962,0.06201326795500433,2,6RAU_I,0.05357142857142857,1.205095429909318,0.17857142857142858,0.017857142857142856,0.26785714285714285,0.375,4.7932291151432915,6,0.39285714285714285
0.05555555555555555,0.03424657534246575,1,6RCN_A,0.1,2.0713297220870253,0.3,0.1,0.4,0.2,4.242092814435108,2,0.7
0.010116731517509728,0.0036786060019361085,2,6RIE_A,0.0,1.2617542760949527,0.07692307692307693,0.0,0.3076923076923077,0.46153846153846156,7.62987428480085,9,0.23076923076923078
0.042270531400966184,0.023587833643699565,2,6RKW_A,0.0,3.172960187489504,0.2857142857142857,0.02857142857142857,0.22857142857142856,0.37142857142857144,12.78887456902813,10,0.6
0.011523687580025609,0.0027624309392265192,3,6RKW_B,0.0,2.447331870365336,0.2222222222222222,0.3333333333333333,0.1111111111111111,0.3333333333333333,5.4433718868517875,3,0.7777777777777778
0.08487084870848709,0.057736720554272515,2,6RNM_A,0.08695652173913043,1.4744823621306713,0.21739130434782608,0.043478260869565216,0.13043478260869565,0.5217391304347826,4.407091411329372,4,0.8695652173913043
0.08646616541353383,0.05857345299952763,2,6RNR_A,0.08695652173913043,1.4829183747252213,0.21739130434782608,0.043478260869565216,0.13043478260869565,0.5217391304347826,4.408815485426062,4,0.8695652173913043
0.0012970168612191958,0.00041830502802643686,1,6RQL_A,0.0,,0.5,0.0,0.5,0.0,2.024275152992708,1,1.0
0.07407407407407407,0.027608797379503978,4,6RWM_A,0.0,2.37627822719442,0.15,0.05,0.4,0.25,5.164619438850823,4,0.85
0.07777777777777778,0.026168224299065422,4,6RWO_A,0.0,2.435881476635897,0.19047619047619047,0.047619047619047616,0.38095238095238093,0.23809523809523808,5.090712391603797,4,0.8571428571428571
0.18840579710144928,0.10738255033557047,2,6RYD_A,0.23076923076923078,3.057407743032066,0.3076923076923077,0.0,0.3076923076923077,0.38461538461538464,3.9947877025099254,1,1.0
0.08484848484848485,0.060759493670886074,3,6S16_B,0.07142857142857142,1.7525381545243017,0.35714285714285715,0.0,0.21428571428571427,0.2857142857142857,4.1339791668063475,3,0.8571428571428571
0.045871559633027525,0.02910958904109589,1,6S3O_A,0.05,2.251799549166664,0.15,0.0,0.25,0.45,4.652094185491084,4,0.5
0.045871559633027525,0.026541095890410957,1,6S3P_A,0.1,2.532459226877133,0.2,0.0,0.25,0.4,4.64568780728675,4,0.5
0.09361702127659574,0.11556728232189974,7,6S48_A,0.0,1.0685569053242339,0.09090909090909091,0.13636363636363635,0.4090909090909091,0.2727272727272727,4.456482031953738,5,0.6363636363636364
0.15714285714285714,0.11504424778761062,2,6S6H_B,0.0,2.2872026969281456,0.22727272727272727,0.045454545454545456,0.3181818181818182,0.36363636363636365,3.989667657677945,1,1.0
0.031496062992125984,0.023920265780730896,2,6S85_A,0.16666666666666666,2.1855364894639755,0.16666666666666666,0.25,0.3333333333333333,0.3333333333333333,6.387392869766508,5,0.5
0.0960960960960961,0.053930877326243826,3,6SA0_A,0.1875,2.0619130939979975,0.25,0.0625,0.25,0.40625,5.590889482199927,6,0.3125
0.13793103448275862,0.06896551724137931,2,6T21_A,0.05,1.1055955013960925,0.1,0.0,0.35,0.35,3.704782794658483,2,0.85
0.015943312666076175,0.008621642533436499,1,6T2U_B,0.16666666666666666,2.7975809202658413,0.2777777777777778,0.1111111111111111,0.16666666666666666,0.4444444444444444,9.888429765541854,12,0.1111111111111111
0.010101010101010102,0.002947058204399537,2,6T8H_B,0.08333333333333333,1.651771915440842,0.08333333333333333,0.08333333333333333,0.3333333333333333,0.3333333333333333,7.401041969840662,7,0.25
0.0040650406504065045,0.0015471892728210418,1,6T8H_C,0.0,,0.0,0.0,0.0,1.0,0.0,1,1.0
0.08661417322834646,0.04554655870445344,2,6TBZ_A,0.0,1.5272757671803339,0.18181818181818182,0.0,0.2727272727272727,0.5454545454545454,4.394954532896476,3,0.7272727272727273
0.0888030888030888,0.06087383406971036,2,6TC9_A,0.17391304347826086,1.4010170339425323,0.30434782608695654,0.043478260869565216,0.17391304347826086,0.391304347826087,4.134769881538667,4,0.8695652173913043
0.07317073170731707,0.039192399049881234,2,6TCE_A,0.0,1.42442983423566,0.2222222222222222,0.0,0.3333333333333333,0.4444444444444444,4.614128907390069,3,0.6666666666666666
0.030693069306930693,0.01072961373390558,2,6TNY_A,0.0967741935483871,1.2389148066567552,0.22580645161290322,0.16129032258064516,0.22580645161290322,0.3225806451612903,5.885939043735259,10,0.25806451612903225
0.05056179775280899,0.029556650246305417,2,6TQN_G,0.1111111111111111,3.8534073593064186,0.1111111111111111,0.0,0.2222222222222222,0.3333333333333333,6.597709960690499,3,0.5555555555555556
0.02243829468960359,0.010775447373484702,2,6TQN_Y,0.03333333333333333,2.1281337201216606,0.1,0.06666666666666667,0.26666666666666666,0.5,8.680343805720751,13,0.23333333333333334
0.012121212121212121,0.006345651362448675,1,6TUX_A,0.0,3.029488106164483,0.25,0.0,0.25,0.0,3.33834820381821,2,0.75
0.016339869281045753,0.007352941176470588,1,6TXR_A,0.2,2.7723972328239226,0.8,0.0,0.4,0.0,3.3335504586582028,1,1.0
0.006309148264984227,0.0018156142828323583,1,6U0M_2,0.25,2.749552987234592,0.5,0.0,0.0,0.5,3.4995589739223023,2,0.5
0.004405286343612335,0.0025906735751295338,2,6U0M_4,0.0,4.198351020153958,0.0,0.0,0.3333333333333333,0.6666666666666666,2.043691082771861,1,1.0
0.0015082956259426848,0.0009593246354566385,1,6U0M_7,1.0,,1.0,0.0,0.0,0.0,0.0,1,1.0
0.26515151515151514,0.15952597994530537,3,6U81_A,0.14285714285714285,1.3594045463081812,0.22857142857142856,0.0,0.2571428571428571,0.5428571428571428,4.179599344170905,5,0.4
0.23134328358208955,0.11241007194244604,1,6U82_D,0.12903225806451613,1.4944155711522755,0.25806451612903225,0.0,0.22580645161290322,0.5483870967741935,4.359843162171283,4,0.41935483870967744
0.07903780068728522,0.03760384783559248,2,6U8W_A,0.0,1.441051080319115,0.08695652173913043,0.043478260869565216,0.4782608695652174,0.2608695652173913,3.7414265981180708,2,0.9565217391304348
0.0859106529209622,0.04646113764654798,2,6U8X_A,0.0,1.2775640773343149,0.08,0.04,0.48,0.24,3.553684490594702,1,1.0
0.07903780068728522,0.05024027959807777,2,6U90_A,0.0,1.2614606113961555,0.08695652173913043,0.043478260869565216,0.43478260869565216,0.2608695652173913,3.6687307825016164,1,1.0
0.08934707903780069,0.05231037489102005,2,6U91_A,0.0,1.3124229713045967,0.07692307692307693,0.038461538461538464,0.4230769230769231,0.2692307692307692,3.5308863822422603,1,1.0
0.03966597077244259,0.02483527622909275,2,6UBF_A,0.0,1.102147212051297,0.15789473684210525,0.0,0.5789473684210527,0.2631578947368421,6.139257078579493,8,0.3684210526315789
0.03773584905660377,0.016764033528067056,2,6UG1_A,0.0,1.2561657206433878,0.2222222222222222,0.0,0.4444444444444444,0.3333333333333333,6.019198982939006,6,0.4444444444444444
0.002617801047120419,0.0006393861892583121,1,6UH5_L,0.0,,0.0,0.0,0.0,1.0,0.0,1,1.0
0.004901960784313725,0.0009165902841429881,1,6UH5_N,0.0,,0.0,0.0,0.0,1.0,2.676115427239865,1,1.0
0.08592321755027423,0.03813369223867205,2,6UIS_A,0.10638297872340426,2.0678080411689472,0.2978723404255319,0.0851063829787234,0.2127659574468085,0.2978723404255319,6.523466429074265,12,0.23404255319148937
0.08318264014466546,0.03288888888888889,2,6UJZ_A,0.10869565217391304,2.4724205083703747,0.30434782608695654,0.043478260869565216,0.2608695652173913,0.30434782608695654,6.697894349551061,10,0.3695652173913043
0.16279069767441862,0.10110736639383726,2,6UKF_X,0.07142857142857142,1.3095337248792043,0.16666666666666666,0.09523809523809523,0.38095238095238093,0.3333333333333333,4.168733651855794,1,1.0
0.10122699386503067,0.05743112145906092,3,6UOL_A,0.06060606060606061,1.394464078608374,0.2727272727272727,0.06060606060606061,0.24242424242424243,0.2727272727272727,5.227466962224833,5,0.30303030303030304
0.09069767441860466,0.0455086258179655,2,6UQI_A,0.07692307692307693,1.3457816262897353,0.23076923076923078,0.05128205128205128,0.23076923076923078,0.358974358974359,4.692647209716606,9,0.38461538461538464
0.07253886010362694,0.03785760378576038,2,6UR4_A,0.07142857142857142,1.3576935100899254,0.21428571428571427,0.047619047619047616,0.5238095238095238,0.16666666666666666,4.532899221711447,2,0.9285714285714286
0.02181208053691275,0.010214504596527068,1,6USO_A,0.15384615384615385,2.3562835812908323,0.23076923076923078,0.07692307692307693,0.38461538461538464,0.15384615384615385,5.4024191748224295,3,0.38461538461538464
0.02181208053691275,0.008597748208802457,1,6USQ_A,0.15384615384615385,1.947773907205486,0.23076923076923078,0.07692307692307693,0.3076923076923077,0.23076923076923078,5.447281041910531,6,0.3076923076923077
0.17567567567567569,0.1012037449843959,2,6UVW_D,0.1346153846153846,2.7604347116863095,0.23076923076923078,0.057692307692307696,0.38461538461538464,0.28846153846153844,5.55909736800176,7,0.7307692307692307
0.17288135593220338,0.11770031688546853,2,6UW0_B,0.13725490196078433,2.826259786792463,0.2549019607843137,0.09803921568627451,0.27450980392156865,0.3137254901960784,5.6548465806957875,8,0.6274509803921569
0.18456375838926176,0.10136869118905047,2,6UWG_A,0.12727272727272726,2.634376513335435,0.21818181818181817,0.05454545454545454,0.36363636363636365,0.3090909090909091,5.512000447865216,6,0.7272727272727273
0.16326530612244897,0.09605263157894736,2,6UWH_A,0.125,2.5456368732900714,0.1875,0.0625,0.3333333333333333,0.3125,5.422028714622701,7,0.75
0.20136518771331058,0.10337275514673674,2,6UWJ_A,0.11864406779661017,2.5695202532087738,0.1864406779661017,0.06779661016949153,0.3559322033898305,0.3389830508474576,5.352370261856597,7,0.7288135593220338
0.19727891156462585,0.11130664320281566,2,6UWK_A,0.13793103448275862,2.7607372254165563,0.22413793103448276,0.06896551724137931,0.3620689655172414,0.3275862068965517,5.594776122557925,8,0.6379310344827587
0.005758157389635317,0.0026537997587454767,1,6V10_1,0.0,3.495177552666645,0.0,0.0,0.0,0.3333333333333333,3.8676617099727912,2,0.6666666666666666
0.011538461538461539,0.005329457364341085,1,6V1G_1,0.0,1.8285597061697019,0.16666666666666666,0.0,0.16666666666666666,0.16666666666666666,3.043599602478201,2,0.6666666666666666
0.005758157389635317,0.0021749637506041568,1,6V1Z_1,0.0,2.6790178173018813,0.0,0.0,0.3333333333333333,0.3333333333333333,1.919469863263243,1,1.0
0.19327731092436976,0.08316221765913757,2,6V7B_A,0.08695652173913043,2.1333286925844996,0.30434782608695654,0.0,0.17391304347826086,0.391304347826087,5.664046784222378,1,1.0
0.010851419031719533,0.002845699831365936,2,6VAE_A,0.0,1.6388722606581045,0.3076923076923077,0.0,0.15384615384615385,0.46153846153846156,8.323945479003742,6,0.38461538461538464
0.0469208211143695,0.017955294979846097,1,6VBW_D,0.0,5.461548632791217,0.125,0.0625,0.5,0.1875,9.159364763401934,3,0.625
0.05181347150259067,0.04155313351498638,2,6VCS_B,0.0,1.1775182591498856,0.2,0.1,0.2,0.3,3.4532750812087345,2,0.9
0.07583774250440917,0.04249485949280329,2,6VDD_A,0.046511627906976744,1.2614659533994652,0.2558139534883721,0.06976744186046512,0.4418604651162791,0.20930232558139536,4.55191434424374,4,0.6511627906976745
0.002531645569620253,0.00031416902293433867,1,6VEN_M,0.0,,0.0,0.0,0.0,1.0,0.0,1,1.0
0.11178247734138973,0.07123287671232877,3,6VF1_A,0.13513513513513514,1.5894621692679205,0.21621621621621623,0.13513513513513514,0.13513513513513514,0.35135135135135137,4.7932588754958765,4,0.5675675675675675
0.1,0.06966773847802786,2,6VG8_D,0.0,1.2029578836455843,0.08333333333333333,0.08333333333333333,0.16666666666666666,0.5833333333333334,3.972518868867537,3,0.75
0.19387755102040816,0.1181592039800995,2,6VGD_A,0.3157894736842105,1.5779349916687304,0.47368421052631576,0.0,0.42105263157894735,0.3684210526315789,4.021909897827551,2,0.7894736842105263
0.15217391304347827,0.1102629346904156,2,6VJW_A,0.09523809523809523,1.5049109310309892,0.3333333333333333,0.09523809523809523,0.23809523809523808,0.19047619047619047,3.570858888896198,2,0.6666666666666666
0.024024024024024024,0.008916960802526472,2,6VPC_B,0.125,2.025456958353129,0.28125,0.125,0.3125,0.375,10.122956074563108,16,0.25
0.24096385542168675,0.10518292682926829,2,6VTX_A,0.2,2.124045522223376,0.2,0.15,0.25,0.45,4.361249773087615,3,0.85
0.012598425196850394,0.0047407706273956025,2,6VVY_D,0.125,1.4140202451603252,0.25,0.0625,0.25,0.4375,8.519424703034945,11,0.125
0.010801080108010801,0.0039608574091332715,2,6VW0_C,0.08333333333333333,1.7128922060622174,0.25,0.0,0.0,0.6666666666666666,10.172295903840388,8,0.25
0.0045045045045045045,0.0021133525456292026,2,6VYP_K,0.0,1.4604633445906217,0.0,0.0,0.3333333333333333,0.3333333333333333,6.343809923227445,3,0.3333333333333333
0.0149812734082397,0.00548710050057759,2,6VZJ_AE,0.1,1.6307558986188928,0.3,0.0,0.2,0.6,10.15131395131708,13,0.15
0.09554140127388536,0.06778276847692936,2,6W0M_A,0.1,1.3864634380084127,0.26666666666666666,0.03333333333333333,0.36666666666666664,0.13333333333333333,3.8793666396056623,3,0.8666666666666667
0.11231884057971014,0.06118721461187215,3,6W0Q_A,0.16129032258064516,1.4232624641189793,0.3548387096774194,0.12903225806451613,0.25806451612903225,0.2903225806451613,4.0395334699723575,2,0.9032258064516129
0.038461538461538464,0.021129622104835433,2,6W0R_A,0.08333333333333333,1.122606058179076,0.25,0.08333333333333333,0.25,0.25,4.105042823493374,2,0.75
0.04153354632587859,0.018084669132757913,2,6W13_A,0.07692307692307693,1.2394232647542827,0.3076923076923077,0.07692307692307693,0.3076923076923077,0.15384615384615385,3.7804888457396264,2,0.8461538461538461
0.051094890510948905,0.028045574057843997,2,6W1A_A,0.0,1.06882242000275,0.21428571428571427,0.07142857142857142,0.35714285714285715,0.35714285714285715,3.0333275755433187,1,1.0
0.05357142857142857,0.03256621797655232,2,6W1F_A,0.0,1.3159955098482126,0.2,0.06666666666666667,0.4666666666666667,0.26666666666666666,3.163183198752384,1,1.0
0.10869565217391304,0.05842081241442264,3,6W2P_A,0.16666666666666666,1.4979283644481964,0.36666666666666664,0.13333333333333333,0.26666666666666666,0.26666666666666666,4.043934157132645,2,0.9
0.11594202898550725,0.05420303169499311,3,6W43_A,0.15625,1.417760152914517,0.34375,0.125,0.25,0.28125,3.955394089766652,2,0.90625
0.09782608695652174,0.04618198445358939,3,6W4I_A,0.1111111111111111,1.768107209502715,0.3333333333333333,0.14814814814814814,0.25925925925925924,0.2222222222222222,4.138818160708864,2,0.9629629629629629
0.08211143695014662,0.0425,3,6W5C_A,0.08333333333333333,2.2495091367381153,0.2261904761904762,0.047619047619047616,0.3333333333333333,0.30952380952380953,6.222711420551417,8,0.5
0.10112359550561797,0.06884561891515995,1,6W7A_A,0.16666666666666666,1.3435360410460053,0.4444444444444444,0.1111111111111111,0.2777777777777778,0.2222222222222222,4.161292128722414,4,0.5555555555555556
0.0912280701754386,0.05913503971756399,2,6W8B_A,0.0,1.4663461968121996,0.19230769230769232,0.038461538461538464,0.34615384615384615,0.3076923076923077,3.483199917862915,2,0.9615384615384616
0.08771929824561403,0.049404499338332596,2,6W8J_D,0.0,1.6473804608874407,0.2,0.04,0.36,0.28,3.7172300023759317,1,1.0
0.041401273885350316,0.016756756756756756,2,6WBR_A,0.15384615384615385,2.382552204669135,0.3076923076923077,0.10256410256410256,0.23076923076923078,0.3333333333333333,9.128350766152877,11,0.3076923076923077
0.03411513859275053,0.015873015873015872,2,6WC0_A,0.15625,2.2140438067816475,0.28125,0.125,0.25,0.3125,9.078961122170545,11,0.28125
0.12903225806451613,0.08985879332477535,2,6WC2_D,0.0,1.2216477082408432,0.08333333333333333,0.0,0.0,0.75,5.7078235296558,4,0.4166666666666667
0.1111111111111111,0.05725699067909454,2,6WC5_B,0.0,1.341712367968574,0.0,0.0,0.1,0.7,4.562920137542304,3,0.6
0.2,0.10187110187110188,2,6WC5_I,0.36363636363636365,1.454560486533075,0.36363636363636365,0.0,0.45454545454545453,0.36363636363636365,3.7647341297256216,4,0.7272727272727273
0.078125,0.03067484662576687,2,6WHI_I,0.0,2.6165648623151574,0.2,0.0,0.4,0.4,2.9984359421790217,2,0.8
0.055865921787709494,0.04265734265734266,1,6WHM_A,0.1,1.193483295229252,0.2,0.1,0.3,0.4,3.5240050880150653,3,0.8
0.019337016574585635,0.009928106812735364,1,6WMC_A,0.2857142857142857,1.5253595309601569,0.42857142857142855,0.14285714285714285,0.14285714285714285,0.2857142857142857,3.459161258622941,2,0.7142857142857143
0.2191780821917808,0.07746478873239436,2,6WMI_A,0.21875,1.652967363092863,0.28125,0.03125,0.40625,0.375,5.20734068346063,5,0.4375
0.007336757153338224,0.003332063975628332,3,6WMU_D,0.2,1.9174843523879967,0.3,0.1,0.3,0.5,9.90590770584741,8,0.2
0.010774410774410775,0.004948383243750533,2,6WOY_D,0.0625,1.7391313091278224,0.1875,0.0,0.25,0.5,6.3198625431307915,11,0.25
0.0807899461400359,0.03635953026196929,2,6WPJ_A,0.1111111111111111,2.4400860026324263,0.3111111111111111,0.044444444444444446,0.24444444444444444,0.3111111111111111,6.895883457841028,11,0.26666666666666666
0.21374045801526717,0.10295616717635066,2,6WQ0_A,0.25,1.7247154152546882,0.39285714285714285,0.0,0.25,0.32142857142857145,6.045176334814933,4,0.5357142857142857
0.16233766233766234,0.09762100082034454,2,6WQ2_A,0.12,1.220882902274921,0.28,0.12,0.2,0.44,4.3001096459724835,3,0.52
0.14356435643564355,0.08844415752098128,2,6WQ2_a,0.27586206896551724,1.058040006380289,0.4482758620689655,0.10344827586206896,0.3793103448275862,0.20689655172413793,4.789448455830348,5,0.4827586206896552
0.01020408163265306,0.003082003302146395,2,6WVJ_D,0.08333333333333333,2.2720303845077945,0.25,0.08333333333333333,0.25,0.5,7.850072330165846,8,0.25
0.04894179894179894,0.023682938617689706,2,6WYA_A,0.08108108108108109,1.0501130585694163,0.16216216216216217,0.08108108108108109,0.2972972972972973,0.3783783783783784,4.822879756684807,7,0.5945945945945946
0.18584070796460178,0.0960539979231568,2,6X1J_A,0.11904761904761904,2.0171094892345334,0.21428571428571427,0.14285714285714285,0.2857142857142857,0.2857142857142857,5.205605394733423,4,0.6666666666666666
0.02097902097902098,0.008350033400133601,2,6X43_A,0.041666666666666664,1.4861281054358908,0.16666666666666666,0.08333333333333333,0.3333333333333333,0.2916666666666667,6.135920261533769,9,0.25
0.1891891891891892,0.09700176366843033,2,6X6D_A,0.14285714285714285,1.7074516086692832,0.21428571428571427,0.0,0.21428571428571427,0.5,3.5954492100428035,2,0.7857142857142857
0.2054794520547945,0.09929078014184398,2,6X6E_A,0.13333333333333333,1.748676330835993,0.2,0.0,0.2,0.4666666666666667,3.3663810974524924,2,0.7333333333333333
0.1252847380410023,0.08100317094263476,2,6X74_A,0.12727272727272726,1.2618233912054746,0.23636363636363636,0.10909090909090909,0.32727272727272727,0.23636363636363636,4.337489745971062,5,0.6909090909090909
0.1187214611872146,0.06293302540415704,2,6X76_A,0.09615384615384616,1.3416333126092346,0.23076923076923078,0.09615384615384616,0.3269230769230769,0.25,4.287324851061154,7,0.4230769230769231
0.1095890410958904,0.06536135905557156,2,6X77_A,0.08333333333333333,1.394064631873901,0.1875,0.10416666666666667,0.375,0.2708333333333333,4.425186767967975,6,0.4583333333333333
0.022857142857142857,0.021382751247327157,1,6X7F_AB,0.0,2.771947124238628,0.0,0.0,0.25,0.5,5.090286766211115,2,0.75
0.028503562945368172,0.012804689910521444,2,6X9J_A,0.16666666666666666,1.1564845364488407,0.375,0.041666666666666664,0.375,0.2916666666666667,5.105677942890516,8,0.4583333333333333
0.016786570743405275,0.007926829268292683,2,6XAS_B,0.5714285714285714,1.9467201837986305,0.5714285714285714,0.2857142857142857,0.2857142857142857,0.14285714285714285,3.815871845587602,1,1.0
0.03398058252427184,0.02460984393757503,1,6XB8_C,0.14285714285714285,1.204310905021881,0.2857142857142857,0.0,0.14285714285714285,0.5714285714285714,3.751726056909746,2,0.8571428571428571
0.01652892561983471,0.005862646566164154,1,6XBU_A,0.0,1.7799616828324425,0.2,0.0,0.2,0.5,4.428905511409199,4,0.7
0.009838998211091235,0.007056681083541998,2,6XEO_A,0.18181818181818182,1.2589413761644124,0.36363636363636365,0.09090909090909091,0.0,0.45454545454545453,5.588982992578454,6,0.36363636363636365
0.1044776119402985,0.06259541984732825,3,6XGX_A,0.09523809523809523,3.2865957410038957,0.21428571428571427,0.09523809523809523,0.38095238095238093,0.35714285714285715,7.416753724629141,7,0.47619047619047616
0.1,0.0702439024390244,2,6XH7_G,0.23076923076923078,2.243572133349704,0.46153846153846156,0.0,0.3076923076923077,0.3076923076923077,4.350786150480825,3,0.5384615384615384
0.055970149253731345,0.036231884057971016,2,6XL5_G,0.2,2.2617925801576084,0.3333333333333333,0.0,0.4666666666666667,0.26666666666666666,4.032502682259012,3,0.4
0.02608695652173913,0.013363028953229399,3,6XNY_D,0.0,2.3778289759172724,0.2222222222222222,0.0,0.2222222222222222,0.5555555555555556,5.927002334790329,4,0.4444444444444444
0.0847457627118644,0.03785488958990536,2,6Y37_C,0.0,1.4683425598004558,0.4,0.0,0.1,0.4,3.5264709849283506,2,0.9
0.00847457627118644,0.0021008403361344537,1,6Y39_C,0.0,,1.0,0.0,0.0,0.0,0.0,1,1.0
0.10062893081761007,0.07563764291996482,2,6Y42_A,0.1875,2.066281733475143,0.25,0.0,0.625,0.0625,4.103065426825896,4,0.6875
0.19791666666666666,0.08129032258064516,2,6Y5D_A,0.10526315789473684,2.461146459359088,0.3684210526315789,0.0,0.15789473684210525,0.42105263157894735,6.7448760500917055,4,0.42105263157894735
0.20833333333333334,0.0697084917617237,2,6Y5E_A,0.1,2.611719910100706,0.35,0.0,0.2,0.4,6.881757458282584,4,0.45
0.14953271028037382,0.045012165450121655,2,6Y5E_C,0.0,1.8468834088595627,0.1875,0.0,0.125,0.5625,6.747042478390818,4,0.4375
0.1388888888888889,0.048134777376654635,2,6Y5E_G,0.0,1.474527499289377,0.26666666666666666,0.0,0.06666666666666667,0.5333333333333333,6.698887885299592,3,0.6
0.0055248618784530384,0.0026068821689259644,1,6Y5E_K,0.0,,0.0,0.0,0.0,1.0,2.035397219998805,1,1.0
0.04899135446685879,0.02988836874324811,2,6YCQ_A,0.0,1.4123036839798078,0.058823529411764705,0.0,0.47058823529411764,0.35294117647058826,3.866481188252464,3,0.5294117647058824
0.05501618122977346,0.03961584633853541,1,6YKF_A,0.23529411764705882,1.228798173427624,0.29411764705882354,0.058823529411764705,0.5882352941176471,0.11764705882352941,3.5556175791104763,2,0.8235294117647058
0.06770833333333333,0.04784688995215311,2,6YL2_A,0.07692307692307693,1.3537883936915842,0.38461538461538464,0.0,0.23076923076923078,0.38461538461538464,3.2470941144139234,2,0.9230769230769231
0.04769001490312966,0.02595188482667172,4,6Z1A_B,0.0625,1.1547773989229966,0.25,0.09375,0.125,0.4375,4.834402890538747,9,0.40625
0.0015360983102918587,0.0003862495171881035,1,6Z6P_K,0.0,,0.0,0.0,0.0,1.0,0.0,1,1.0
0.0149812734082397,0.012568555758683729,2,6Z6P_M,0.0,2.0531619756635315,0.125,0.125,0.25,0.5,4.67762407388222,3,0.75
0.00404040404040404,0.0005192107995846313,1,6Z9Q_A,0.0,,0.5,0.0,0.0,0.5,2.7267239644949144,1,1.0
0.058577405857740586,0.03789126853377265,2,6ZA3_B,0.07142857142857142,2.3520494787333956,0.14285714285714285,0.07142857142857142,0.21428571428571427,0.2857142857142857,3.5431028309229573,1,1.0
0.0070921985815602835,0.002185792349726776,2,6ZHE_C,0.2,2.4328633421338397,0.4,0.0,0.4,0.2,7.80348810256853,3,0.4
0.0625,0.03419972640218878,2,6ZJ2_B,0.0,1.9126567687658325,0.15384615384615385,0.07692307692307693,0.46153846153846156,0.3076923076923077,3.4417592473794714,2,0.9230769230769231
0.06666666666666667,0.04020100502512563,2,6ZMN_A,0.0,3.263429519063141,0.25,0.0,0.375,0.375,3.34916428183491,1,1.0
0.0374331550802139,0.021019001177064067,1,6ZNP_A,0.07142857142857142,2.113789566638451,0.17857142857142858,0.07142857142857142,0.35714285714285715,0.35714285714285715,4.965134893880187,4,0.6071428571428571
0.009900990099009901,0.0012376237623762376,1,6ZTJ_AJ,0.0,,0.0,1.0,0.0,0.0,0.0,1,1.0
0.027777777777777776,0.008011145942180425,2,6ZZ6_A,0.2,1.8757619398913434,0.4,0.0,0.6,0.2,4.529984160699624,3,0.5
0.01182033096926714,0.005047505938242281,2,6ZZ6_B,0.0,5.4817351889038335,0.0,0.0,0.6,0.4,5.418048520544549,3,0.4
0.03064066852367688,0.011679835108210237,2,7ABS_A,0.09090909090909091,1.3952490371002442,0.2727272727272727,0.18181818181818182,0.0,0.5454545454545454,4.055357692855429,3,0.5454545454545454
0.03070175438596491,0.019412090959511925,4,7AEO_A,0.21428571428571427,1.474208690264307,0.2857142857142857,0.0,0.42857142857142855,0.35714285714285715,3.742150424182309,2,0.7142857142857143
0.022813688212927757,0.009822866344605476,2,7AI6_B,0.05555555555555555,2.3543868220320343,0.3888888888888889,0.1111111111111111,0.2222222222222222,0.16666666666666666,6.610000263255785,6,0.2777777777777778
0.022756005056890013,0.014634930845931168,2,7AI7_A,0.1111111111111111,2.6902907949280563,0.3888888888888889,0.1111111111111111,0.16666666666666666,0.1111111111111111,6.209578038177941,7,0.3333333333333333
0.05084745762711865,0.027181440443213297,2,7AMV_K,0.1111111111111111,2.10698786321712,0.3333333333333333,0.0,0.3333333333333333,0.3888888888888889,6.152084484199212,8,0.3333333333333333
0.05337519623233909,0.027270981371231035,2,7AMV_W,0.08823529411764706,1.1203948950521252,0.2647058823529412,0.058823529411764705,0.5,0.20588235294117646,4.87739161275132,5,0.4411764705882353
0.008517887563884156,0.003674086881348606,1,7AOE_B,0.0,2.5368895648446883,0.1,0.0,0.5,0.3,6.730991271361412,5,0.4
0.005434782608695652,0.010033444816053512,1,7AOH_E,1.0,,1.0,0.0,1.0,0.0,0.0,1,1.0
0.0013404825737265416,0.0003208213025344883,1,7AOH_I,0.0,,0.0,0.0,0.0,1.0,0.0,1,1.0
0.04020100502512563,0.025534565082001245,2,7AOH_Y,0.08333333333333333,1.1146962356648447,0.3333333333333333,0.041666666666666664,0.375,0.20833333333333334,4.662005949637873,6,0.5
0.006968641114982578,0.0058348294434470375,1,7APD_C,0.0,,0.0,0.0,0.0,1.0,1.5201615969102038,1,1.0
0.039473684210526314,0.030807660283097418,2,7APD_G,0.16666666666666666,1.807630799713186,0.3333333333333333,0.0,0.3333333333333333,0.3333333333333333,4.570065146143964,2,0.8333333333333334
0.04980842911877394,0.029705441837244134,1,7AUD_A,0.038461538461538464,2.1312698129718006,0.3076923076923077,0.07692307692307693,0.23076923076923078,0.34615384615384615,4.85545141115376,4,0.38461538461538464
0.20430107526881722,0.10465116279069768,2,7AW7_D,0.05263157894736842,1.7050032734486291,0.10526315789473684,0.0,0.10526315789473684,0.5789473684210527,4.29774481617502,2,0.5263157894736842
0.07086614173228346,0.034802043422733075,4,7B0H_F,0.12962962962962962,1.7934750035976141,0.2222222222222222,0.09259259259259259,0.2962962962962963,0.2962962962962963,6.111583715085822,8,0.35185185185185186
0.06140350877192982,0.029545454545454545,2,7B20_B,0.0,1.1557235129402226,0.14285714285714285,0.0,0.42857142857142855,0.35714285714285715,3.487260403145658,2,0.9285714285714286
0.06637168141592921,0.026391279403327597,2,7B24_B,0.0,1.2706131251947463,0.06666666666666667,0.06666666666666667,0.4,0.3333333333333333,3.4050311005920855,3,0.8666666666666667
0.05726872246696035,0.036613272311212815,2,7B25_B,0.0,1.1300502150433083,0.15384615384615385,0.0,0.38461538461538464,0.38461538461538464,3.6304056504816375,3,0.7692307692307693
0.046153846153846156,0.02458471760797342,2,7B49_A,0.0,2.370435952249026,0.1111111111111111,0.0,0.4444444444444444,0.4444444444444444,3.404352231399621,1,1.0
0.04568527918781726,0.01832460732984293,2,7B4D_A,0.0,1.1631640334517268,0.1111111111111111,0.0,0.5555555555555556,0.3333333333333333,4.052267130358738,2,0.8888888888888888
0.050505050505050504,0.027741935483870966,2,7B4G_A,0.0,3.0745846398763783,0.2,0.0,0.4,0.4,4.744141463868695,2,0.9
0.07281553398058252,0.055074257425742575,2,7B5Y_A,0.06666666666666667,2.407524313627132,0.13333333333333333,0.06666666666666667,0.4,0.3333333333333333,4.108576569071502,2,0.6
0.14035087719298245,0.09051724137931035,2,7BHY_A,0.125,1.4813434727648078,0.125,0.0,0.625,0.25,2.844416224157428,1,1.0
0.03146067415730337,0.016840171463563994,2,7BJQ_A,0.07142857142857142,2.3368904433925204,0.21428571428571427,0.0,0.2857142857142857,0.2857142857142857,4.90862653254946,2,0.6428571428571429
0.02109704641350211,0.009358288770053475,2,7BTQ_A,0.4,2.433100344572177,0.4,0.1,0.5,0.2,5.772828653316218,7,0.2
0.057291666666666664,0.03388189738625363,2,7BTQ_E,0.045454545454545456,2.360536200598735,0.18181818181818182,0.09090909090909091,0.4090909090909091,0.22727272727272727,6.966546489112562,7,0.45454545454545453
0.06578947368421052,0.12289562289562289,1,7BWD_L,0.0,2.0435790670011906,0.4,0.0,0.0,0.6,2.679629968650811,1,1.0
0.041666666666666664,0.012237762237762238,1,7C0G_A,0.3333333333333333,4.125030895531085,0.3333333333333333,0.0,0.3333333333333333,0.6666666666666666,3.1734193073056454,1,1.0
0.01092896174863388,0.010985352862849533,2,7C0M_K,0.0,4.255524028862332,0.0,0.0,0.0,1.0,10.33344441608989,4,0.25
0.34545454545454546,0.1595744680851064,2,7C4P_A,0.15789473684210525,1.2746381817287114,0.3684210526315789,0.10526315789473684,0.15789473684210525,0.3684210526315789,3.7519109696372857,2,0.6842105263157895
0.3090909090909091,0.16344086021505377,2,7C4P_B,0.11764705882352941,1.2017779135618722,0.35294117647058826,0.11764705882352941,0.11764705882352941,0.35294117647058826,3.7271967178789165,2,0.7058823529411765
0.3148148148148148,0.1572052401746725,2,7C4R_A,0.11764705882352941,1.1197708952950376,0.35294117647058826,0.11764705882352941,0.058823529411764705,0.4117647058823529,3.5671668634331595,2,0.7647058823529411
0.0775347912524851,0.04110631819335194,2,7C7L_A,0.15384615384615385,1.3440890525370535,0.3333333333333333,0.02564102564102564,0.48717948717948717,0.2564102564102564,5.729868852819937,6,0.4358974358974359
0.032362459546925564,0.011264080100125156,2,7C99_A,0.0,1.782094550789336,0.2,0.0,0.1,0.4,4.516085992911412,4,0.4
0.028938906752411574,0.012210526315789474,2,7C9A_A,0.0,1.6275537398900781,0.3333333333333333,0.0,0.1111111111111111,0.3333333333333333,4.486019526433076,4,0.3333333333333333
0.13,0.07878787878787878,2,7CBY_C,0.15384615384615385,1.5186374695088272,0.23076923076923078,0.0,0.46153846153846156,0.38461538461538464,4.1759876678873,1,1.0
0.10429447852760736,0.0782122905027933,2,7CC9_A,0.11764705882352941,1.2283450469472372,0.35294117647058826,0.058823529411764705,0.29411764705882354,0.29411764705882354,3.152023510804831,2,0.9411764705882353
0.10650887573964497,0.08201655379984951,2,7CCD_A,0.1111111111111111,1.2379562939872546,0.3333333333333333,0.05555555555555555,0.2777777777777778,0.3333333333333333,3.1222591601610294,2,0.9444444444444444
0.10559006211180125,0.0728910728910729,2,7CCJ_B,0.11764705882352941,1.2241448347390496,0.35294117647058826,0.058823529411764705,0.23529411764705882,0.35294117647058826,3.2336733894537826,2,0.9411764705882353
0.12745098039215685,0.08132147395171538,2,7CCQ_C,0.0,2.887625509483002,0.15384615384615385,0.0,0.15384615384615385,0.5384615384615384,7.0477230241487305,3,0.46153846153846156
0.00554016620498615,0.002028397565922921,1,7CCQ_K,0.0,,0.0,0.0,0.0,1.0,2.0030053376572408,1,1.0
0.057057057057057055,0.036178861788617886,2,7CE1_K,0.05263157894736842,1.9227510435314323,0.3157894736842105,0.05263157894736842,0.3684210526315789,0.10526315789473684,3.8392504576323603,2,0.5789473684210527
0.050724637681159424,0.025148605395518976,2,7CKQ_G,0.07142857142857142,2.1625481029917366,0.2857142857142857,0.07142857142857142,0.35714285714285715,0.21428571428571427,4.995299428350633,3,0.42857142857142855
0.030927835051546393,0.02109181141439206,2,7CQ4_A,0.0,2.3620816394342636,0.2222222222222222,0.0,0.4444444444444444,0.3333333333333333,5.397327188731395,3,0.4444444444444444
0.021538461538461538,0.01225114854517611,2,7CR8_C,0.0,1.5019639163367577,0.0,0.14285714285714285,0.42857142857142855,0.42857142857142855,4.028959761768184,2,0.8571428571428571
0.2222222222222222,0.12454212454212454,2,7CRE_A,0.0,1.1392182348439328,0.25,0.0,0.125,0.375,3.0508471273445044,1,1.0
0.13402061855670103,0.07874015748031496,2,7CSY_B,0.0,1.4960067882846766,0.15384615384615385,0.0,0.38461538461538464,0.23076923076923078,3.4234583345479552,1,1.0
0.026376146788990827,0.016282225237449117,2,7CY6_A,0.13043478260869565,1.4466244640329493,0.391304347826087,0.13043478260869565,0.17391304347826086,0.34782608695652173,4.49692254920645,4,0.6956521739130435
0.06963788300835655,0.03489175495163519,2,7D2L_A,0.08,2.4313950064033074,0.22666666666666666,0.02666666666666667,0.3333333333333333,0.3333333333333333,6.935571844911628,14,0.3333333333333333
0.0584958217270195,0.027876563037742344,2,7D3J_A,0.047619047619047616,2.129885796878296,0.20634920634920634,0.047619047619047616,0.2698412698412698,0.38095238095238093,6.8230996154942485,11,0.4444444444444444
0.1306532663316583,0.12853628536285364,1,7D3V_A,0.15384615384615385,2.29666373920408,0.34615384615384615,0.07692307692307693,0.2692307692307692,0.3076923076923077,4.279920552432861,2,0.8076923076923077
0.012256669069935111,0.005236083042439831,2,7D58_A,0.058823529411764705,1.926428493389642,0.11764705882352941,0.11764705882352941,0.23529411764705882,0.5294117647058824,7.145016278151245,9,0.29411764705882354
0.01904761904761905,0.00522344747533372,2,7D58_E,0.0,1.1999590657717605,0.25,0.0,0.0,0.25,3.5128303760633033,2,0.75
0.008771929824561403,0.002287021154945683,1,7D7D_I,0.0,,0.0,0.0,0.5,0.5,2.3971619497324586,1,1.0
0.05527638190954774,0.021476510067114093,2,7D8T_A,0.09090909090909091,3.241399309217083,0.18181818181818182,0.09090909090909091,0.2727272727272727,0.45454545454545453,4.760716675624682,3,0.7272727272727273
0.027777777777777776,0.013605442176870748,2,7D98_P,0.125,1.5027224710571274,0.25,0.0,0.5,0.125,3.1305331976741346,1,1.0
0.17272727272727273,0.1005524861878453,2,7DCJ_B,0.15789473684210525,1.4983260011076631,0.15789473684210525,0.0,0.3157894736842105,0.5263157894736842,4.421686537945951,3,0.6842105263157895
0.13725490196078433,0.09345794392523364,2,7DCU_B,0.21428571428571427,1.584167504003891,0.21428571428571427,0.0,0.35714285714285715,0.5,3.785452916788087,1,1.0
0.30303030303030304,0.3727598566308244,2,7DTA_A,0.1,1.2502384425647104,0.2,0.0,0.1,0.7,3.104122232974359,1,1.0
0.09210526315789473,0.06614173228346457,2,7DV2_A,0.14285714285714285,1.5456334601925952,0.42857142857142855,0.0,0.14285714285714285,0.2857142857142857,3.7927369471616053,2,0.5714285714285714
0.16428571428571428,0.07820738137082602,2,7DVV_B,0.0,2.2204146682832944,0.17391304347826086,0.043478260869565216,0.2608695652173913,0.4782608695652174,4.701576512187946,3,0.7391304347826086
0.02727272727272727,0.024547048509643482,3,7DWR_B,0.16666666666666666,3.370007370907791,0.16666666666666666,0.0,0.0,0.5,6.298243849417142,3,0.5
0.06220095693779904,0.020983213429256596,2,7E1B_A,0.07692307692307693,1.6435110746890718,0.23076923076923078,0.0,0.5384615384615384,0.23076923076923078,4.227620223084791,3,0.46153846153846156
0.1782178217821782,0.05060240963855422,2,7EA5_A,0.1111111111111111,2.942111325788871,0.2777777777777778,0.0,0.16666666666666666,0.4444444444444444,7.473215737579156,4,0.3333333333333333
0.09523809523809523,0.0407911001236094,2,7EA5_C,0.0,2.1989489000118336,0.1,0.0,0.2,0.6,7.593598421862539,4,0.3
0.008771929824561403,0.001607717041800643,1,7EA5_K,0.0,,0.0,0.0,0.5,0.5,7.164182170921731,2,0.5
0.15841584158415842,0.044009779951100246,2,7EA8_A,0.125,3.428917908354789,0.375,0.0,0.1875,0.375,7.651348113250105,4,0.375
0.08653846153846154,0.03504380475594493,2,7EA8_C,0.0,2.1430054644417185,0.1111111111111111,0.0,0.2222222222222222,0.6666666666666666,7.975364202403056,4,0.3333333333333333
0.012244897959183673,0.0035122930255895636,2,7EA8_L,0.0,1.5780884179559418,0.0,0.0,0.3333333333333333,0.6666666666666666,6.903071062975165,3,0.3333333333333333
0.12571428571428572,0.06605504587155964,2,7EDB_A,0.0,1.5799600842547672,0.1590909090909091,0.1590909090909091,0.2727272727272727,0.2727272727272727,4.340376294688695,4,0.4318181818181818
0.04145077720207254,0.01643655489809336,2,7EDS_A,0.0,1.9914377369564282,0.125,0.0,0.5,0.375,3.2372979509828097,1,1.0
0.0821256038647343,0.05683563748079877,2,7EF9_A,0.11764705882352941,1.2620754204334637,0.2647058823529412,0.029411764705882353,0.35294117647058826,0.2647058823529412,3.9838879407962358,5,0.47058823529411764
0.002102312543798178,0.0007074637424831977,1,7EGA_o,0.3333333333333333,2.9222764235715077,0.3333333333333333,0.0,0.3333333333333333,0.6666666666666666,2.8016326946360017,1,1.0
0.0379746835443038,0.02175697865353038,1,7EJ6_A,0.0,1.759789985724645,0.16666666666666666,0.0,0.25,0.3333333333333333,3.926122025381585,3,0.5833333333333334
0.04501607717041801,0.02185792349726776,2,7EJE_A,0.0,1.7357840513563871,0.2857142857142857,0.07142857142857142,0.2857142857142857,0.14285714285714285,3.807297794865052,1,1.0
0.046466602129719266,0.02103886841792464,2,7EL1_A,0.14583333333333334,2.5205068736514438,0.3541666666666667,0.020833333333333332,0.4583333333333333,0.20833333333333334,8.139871976199125,15,0.25
0.14492753623188406,0.08156028368794327,2,7EL3_A,0.0,2.6186083380589813,0.2,0.05,0.5,0.2,4.390630499206972,1,1.0
0.01650943396226415,0.01288316303864949,1,7ELN_A,0.0,2.7551126370212717,0.0,0.0,0.2857142857142857,0.42857142857142855,3.743117471855898,2,0.5714285714285714
0.009836065573770493,0.0018198362147406734,1,7ELN_B,0.0,2.1276037607628386,1.0,0.0,0.0,0.0,1.840247207818293,1,1.0
0.029850746268656716,0.01061320754716981,1,7EQG_G,0.0,7.905310995314476,0.4,0.1,0.4,0.0,11.558830907109124,2,0.5
0.043689320388349516,0.016605166051660517,2,7EZJ_k,0.0,3.0555513553483458,0.2222222222222222,0.0,0.3333333333333333,0.4444444444444444,3.763769666677746,1,1.0
0.0015105740181268882,0.00065302568567697,1,7F0R_C,0.0,,0.0,0.5,0.0,0.5,1.5197221101034606,1,1.0
0.01194921583271098,0.005040755040755041,2,7F0R_D,0.125,2.1470182867580285,0.1875,0.1875,0.375,0.1875,7.135654743659893,6,0.3125
0.05771365149833518,0.028407538923791314,4,7F4Y_B,0.11538461538461539,1.3445882889847973,0.25,0.07692307692307693,0.34615384615384615,0.2692307692307692,5.411710809479177,7,0.34615384615384615
0.01235657546337158,0.004103967168262654,2,7F75_C,0.07142857142857142,1.2643176698873084,0.21428571428571427,0.21428571428571427,0.07142857142857142,0.42857142857142855,9.820243280556962,6,0.35714285714285715
0.10852713178294573,0.056638811513463325,2,7F75_G,0.07142857142857142,1.5172531095623452,0.07142857142857142,0.07142857142857142,0.5,0.35714285714285715,3.9636734456919727,1,1.0
0.039660056657223795,0.017549896765313145,2,7FTN_A,0.14285714285714285,1.440238048706553,0.2857142857142857,0.0,0.42857142857142855,0.42857142857142855,4.709000088106547,4,0.5
0.006802721088435374,0.00253592561284869,1,7JGS_D,0.3333333333333333,4.226476694416755,0.3333333333333333,0.0,0.3333333333333333,0.3333333333333333,2.570693919701732,1,1.0
0.1926605504587156,0.10468920392584515,2,7JM4_A,0.14285714285714285,2.135050528236401,0.23809523809523808,0.0,0.19047619047619047,0.47619047619047616,4.29993340108976,4,0.38095238095238093
0.10037174721189591,0.05812291567413054,4,7JN3_A,0.07407407407407407,1.5703091928665414,0.25925925925925924,0.07407407407407407,0.3333333333333333,0.18518518518518517,5.275641637940137,4,0.8148148148148148
0.012232415902140673,0.009636767976278725,2,7JQQ_A,0.25,12.814079647072171,0.25,0.0,0.5,0.5,16.05577848876112,3,0.5
0.059113300492610835,0.03614457831325301,2,7JU3_B,0.16666666666666666,1.2010990131556727,0.4166666666666667,0.0,0.4166666666666667,0.16666666666666666,3.0190812021830604,1,1.0
0.08040201005025126,0.03908794788273615,2,7JVT_D,0.0625,1.6100011808975057,0.125,0.0,0.5625,0.25,4.129440431554235,3,0.75
0.03003003003003003,0.01076555023923445,2,7JY8_A,0.0,1.4914685267111076,0.3,0.0,0.3,0.3,4.696520110047528,3,0.6
0.08354430379746836,0.03966730646193218,2,7K30_A,0.09090909090909091,1.4717432749783903,0.21212121212121213,0.06060606060606061,0.3333333333333333,0.3939393939393939,4.371863620252618,3,0.8181818181818182
0.0810126582278481,0.04350607805502239,2,7K31_A,0.09375,1.4203221203260983,0.21875,0.03125,0.3125,0.4375,4.642200084347405,3,0.75
0.10344827586206896,0.07291666666666667,2,7K6P_F,0.0,5.292110199728604,0.1111111111111111,0.0,0.2222222222222222,0.4444444444444444,8.666706825023072,3,0.3333333333333333
0.24489795918367346,0.14,2,7K6Q_A,0.041666666666666664,2.465572109656178,0.25,0.0,0.20833333333333334,0.4583333333333333,6.285054626021992,5,0.4166666666666667
0.15053763440860216,0.0979020979020979,2,7K6Q_D,0.14285714285714285,1.9364357475149587,0.2857142857142857,0.0,0.5,0.2857142857142857,6.655143878988357,2,0.7857142857142857
0.005221932114882507,0.0006602839220864972,2,7K6Q_K,0.0,,0.0,0.0,0.5,0.5,9.935509785766428,2,0.5
0.02823529411764706,0.01522550991094513,1,7K9Y_A,0.4166666666666667,1.3330818520315073,0.5,0.0,0.5,0.16666666666666666,6.0223025439764895,6,0.4166666666666667
0.043824701195219126,0.020352103883131478,2,7KC0_A,0.13636363636363635,1.2598103666205642,0.25,0.09090909090909091,0.4318181818181818,0.25,4.731458906451449,4,0.6590909090909091
0.007336757153338224,0.0041841004184100415,2,7KHE_D,0.2,2.2567019522582537,0.3,0.1,0.4,0.4,13.735950808382006,7,0.2
0.06115107913669065,0.033720665299612665,2,7KHI_F,0.08823529411764706,3.294146531602273,0.20588235294117646,0.14705882352941177,0.20588235294117646,0.4411764705882353,10.012246392219874,10,0.35294117647058826
0.009174311926605505,0.0011363636363636363,1,7KIF_J,0.0,,0.0,0.0,0.0,1.0,0.0,1,1.0
0.2912621359223301,0.23821339950372208,1,7KII_A,0.1,1.2715872769028735,0.3333333333333333,0.1,0.3333333333333333,0.16666666666666666,3.7208113219485015,1,1.0
0.018867924528301886,0.0056406124093473006,1,7KIN_M,0.3333333333333333,3.1404491124456286,0.6666666666666666,0.0,0.3333333333333333,0.0,3.4908403405066024,2,0.6666666666666666
0.02181208053691275,0.009702850212249849,2,7KQN_A,0.07692307692307693,1.1478245132334537,0.15384615384615385,0.3076923076923077,0.23076923076923078,0.23076923076923078,7.239545674236457,6,0.3076923076923077
0.10015649452269171,0.05869257235377454,3,7KR4_A,0.078125,1.1442294477365698,0.234375,0.015625,0.328125,0.28125,4.518910077464257,5,0.5
0.014150943396226415,0.0024242424242424242,2,7KSP_A,0.0,3.361613009346946,0.3333333333333333,0.0,0.0,0.6666666666666666,8.859949312263334,3,0.3333333333333333
0.09422492401215805,0.06288819875776397,3,7KTK_A,0.06451612903225806,1.5684548099643318,0.16129032258064516,0.06451612903225806,0.1935483870967742,0.45161290322580644,5.408414180107155,5,0.3225806451612903
0.21212121212121213,0.08078335373317014,2,7KTQ_A,0.09523809523809523,2.9963343190352347,0.2857142857142857,0.0,0.19047619047619047,0.42857142857142855,6.751314067739645,4,0.42857142857142855
0.16783216783216784,0.12594458438287154,2,7KZ1_A,0.08333333333333333,1.3053953219560321,0.375,0.08333333333333333,0.16666666666666666,0.25,3.6229461756987456,2,0.5833333333333334
0.005843071786310518,0.0025305778152678194,2,7KZV_U,0.0,1.5153530477501544,0.0,0.0,0.42857142857142855,0.5714285714285714,9.965085319656888,5,0.2857142857142857
0.10047095761381476,0.050826946349334406,3,7L34_A,0.078125,1.1147457264612466,0.203125,0.046875,0.3125,0.296875,4.570977532436091,6,0.6875
0.10094637223974763,0.05317428224828144,3,7L35_A,0.078125,1.1586549923275498,0.21875,0.046875,0.328125,0.28125,4.621529570647844,5,0.5625
0.11494252873563218,0.05793331756916529,3,7L49_A,0.15,2.064687215894472,0.3,0.05,0.4166666666666667,0.25,5.897766842949664,9,0.3333333333333333
0.1048158640226629,0.06728373086507654,2,7L4C_A,0.02702702702702703,1.575574079360049,0.21621621621621623,0.02702702702702703,0.3783783783783784,0.21621621621621623,3.8746274525891296,5,0.7297297297297297
0.09943181818181818,0.06924715909090909,2,7L4H_A,0.02857142857142857,1.4408828981395936,0.2,0.02857142857142857,0.37142857142857144,0.2571428571428571,3.9053222917009425,5,0.7428571428571429
0.10227272727272728,0.06321022727272728,2,7L4K_A,0.027777777777777776,1.4846368507754433,0.16666666666666666,0.027777777777777776,0.3888888888888889,0.2777777777777778,3.8394950654938267,6,0.6944444444444444
0.10795454545454546,0.06797153024911032,2,7L4N_A,0.02631578947368421,1.4549462292247213,0.18421052631578946,0.02631578947368421,0.34210526315789475,0.2894736842105263,3.8942227769382614,6,0.7368421052631579
0.12121212121212122,0.06144393241167435,3,7L4X_B,0.1,1.8797381273847975,0.25,0.1,0.2,0.3,3.955105485416645,3,0.65
0.22279792746113988,0.11819306930693069,4,7LBW_A,0.18604651162790697,2.3299747623370064,0.3953488372093023,0.0,0.27906976744186046,0.37209302325581395,6.953275659341052,4,0.4186046511627907
0.019722425127830533,0.008965327966334279,1,7LCC_A,0.14814814814814814,1.6344191470876575,0.2962962962962963,0.0,0.48148148148148145,0.25925925925925924,6.200115835336441,15,0.14814814814814814
0.042735042735042736,0.017006802721088437,2,7LH9_B,0.0,2.7598247690904567,0.0,0.0,0.4,0.4,4.299132995368285,2,0.6
0.04341736694677871,0.020164447924823806,3,7LHZ_C,0.03225806451612903,1.084483227767899,0.3548387096774194,0.06451612903225806,0.2903225806451613,0.22580645161290322,4.383156643425322,6,0.5806451612903226
0.06496062992125984,0.029094435689174445,4,7LO5_A,0.12121212121212122,3.500790276195932,0.2878787878787879,0.12121212121212122,0.3787878787878788,0.25757575757575757,6.989652978012567,7,0.7878787878787878
0.03625730994152047,0.018938264240978227,3,7LSY_Y,0.06451612903225806,1.1226180488500008,0.2903225806451613,0.0,0.2903225806451613,0.3548387096774194,5.536366547691879,11,0.25806451612903225
0.08333333333333333,0.050979566041710556,2,7LT5_B,0.1875,1.3436303183410356,0.3541666666666667,0.041666666666666664,0.3333333333333333,0.2916666666666667,4.238942763332837,4,0.7916666666666666
0.04743833017077799,0.021529051987767583,2,7LUF_B,0.1,1.1567124028768834,0.28,0.04,0.32,0.34,4.696245694561933,7,0.68
0.1568627450980392,0.08961038961038961,2,7LV8_A,0.0,2.2852174189601406,0.125,0.125,0.25,0.4375,6.806617250947636,4,0.4375
0.14432989690721648,0.06839945280437756,2,7LV8_B,0.0,2.135565249230582,0.2857142857142857,0.07142857142857142,0.21428571428571427,0.2857142857142857,8.100806154612254,5,0.2857142857142857
0.09831460674157304,0.05497613576100407,2,7LYT_A,0.12857142857142856,1.8227788998921546,0.2571428571428571,0.04285714285714286,0.2857142857142857,0.35714285714285715,6.620059492913966,15,0.22857142857142856
0.11470588235294117,0.07386363636363637,4,7M0D_B,0.15384615384615385,1.3807425703038858,0.28205128205128205,0.10256410256410256,0.28205128205128205,0.2564102564102564,5.017512905194061,5,0.28205128205128205
0.08588957055214724,0.06329113924050633,3,7M0E_A,0.21428571428571427,1.3068255972669538,0.32142857142857145,0.07142857142857142,0.21428571428571427,0.32142857142857145,5.293789505942515,5,0.35714285714285715
0.140625,0.09467951403435275,3,7M49_A,0.13333333333333333,1.4179162920472275,0.24444444444444444,0.1111111111111111,0.2,0.3111111111111111,4.632800189015068,4,0.5555555555555556
0.08372093023255814,0.04398216939078752,2,7M7T_A,0.08333333333333333,1.2909549520387373,0.2222222222222222,0.027777777777777776,0.2777777777777778,0.3333333333333333,4.838315852262261,11,0.3611111111111111
0.010273972602739725,0.002898550724637681,1,7MCA_C,0.0,1.6298839190470944,0.16666666666666666,0.0,0.0,0.6666666666666666,3.234258956144159,1,1.0
0.004219409282700422,0.0016882386043894203,1,7MG6_A,0.0,,0.0,0.0,0.0,0.0,0.0,1,1.0
0.05415162454873646,0.03237657864523536,2,7MI4_A,0.2,2.1077796384525613,0.36666666666666664,0.13333333333333333,0.26666666666666666,0.3,5.646466771155983,4,0.7666666666666667
0.11578947368421053,0.05216284987277354,2,7MI4_E,0.36363636363636365,1.3944077233238263,0.5454545454545454,0.09090909090909091,0.2727272727272727,0.18181818181818182,3.254095081850903,2,0.9090909090909091
0.1322314049586777,0.08316633266533066,1,7MK1_A,0.125,1.6858185583296086,0.25,0.0625,0.1875,0.5,4.653353760862728,2,0.625
0.02975206611570248,0.016695205479452056,1,7MR3_D,0.0,2.2005964391003787,0.2222222222222222,0.05555555555555555,0.3333333333333333,0.2777777777777778,4.579834405676053,3,0.5555555555555556
0.06547619047619048,0.05393586005830904,2,7MTL_A,0.36363636363636365,1.698654362188736,0.45454545454545453,0.0,0.18181818181818182,0.2727272727272727,4.123486622529656,2,0.5454545454545454
0.05333333333333334,0.030462579917262127,2,7MVS_B,0.027777777777777776,1.0888087375628193,0.25,0.08333333333333333,0.1388888888888889,0.4166666666666667,4.769800889673684,8,0.4166666666666667
0.14864864864864866,0.056838365896980464,2,7MWM_A,0.0,2.941729865903505,0.0,0.09090909090909091,0.18181818181818182,0.5454545454545454,5.0485244299382845,4,0.5454545454545454
0.07428571428571429,0.037023593466424684,2,7MXW_Z,0.038461538461538464,2.039574044640683,0.2692307692307692,0.19230769230769232,0.07692307692307693,0.34615384615384615,4.849531460188689,4,0.6153846153846154
0.05813953488372093,0.02885682574916759,2,7MXX_Z,0.05,1.889218757862336,0.3,0.25,0.05,0.3,5.143676329289251,6,0.35
0.07951070336391437,0.0478210566910914,3,7MZ0_A,0.11538461538461539,1.8464696472896562,0.3076923076923077,0.07692307692307693,0.2692307692307692,0.23076923076923078,5.6205074096956205,5,0.34615384615384615
0.026455026455026454,0.01511081262592344,2,7N3Y_A,0.2,2.320328134051617,0.6,0.0,0.4,0.1,3.951896366724549,1,1.0
0.09051724137931035,0.039374325782092774,2,7N8S_A,0.09523809523809523,1.989196017218212,0.19047619047619047,0.047619047619047616,0.42857142857142855,0.2857142857142857,4.257010130020764,1,1.0
0.05263157894736842,0.036459956372701774,2,7NE6_A,0.18181818181818182,1.5742353588905724,0.3181818181818182,0.045454545454545456,0.36363636363636365,0.36363636363636365,3.941496384006774,3,0.8636363636363636
0.007425742574257425,0.004893964110929853,2,7NPF_C,0.0,1.6400405990103313,0.3333333333333333,0.0,0.3333333333333333,0.3333333333333333,1.7340414846001682,1,1.0
0.1935483870967742,0.09036144578313253,2,7NX5_A,0.08333333333333333,4.028154758266733,0.08333333333333333,0.0,0.25,0.6666666666666666,3.252322227629732,1,1.0
0.008861622358554875,0.0035472972972972975,2,7NYX_A,0.0,1.1429341414815557,0.15384615384615385,0.07692307692307693,0.3076923076923077,0.46153846153846156,5.432332196636462,6,0.5384615384615384
0.013642564802182811,0.007721314419105764,1,7O0G_A,0.1,3.2321743147218935,0.2,0.0,0.4,0.3,7.63920627725355,3,0.5
0.05653710247349823,0.03082114735658043,2,7O0H_A,0.125,1.5393956416821375,0.34375,0.0625,0.375,0.21875,5.5142369866375365,8,0.28125
0.08064516129032258,0.0348221044663134,2,7OA5_B,0.0,2.7224463209572596,0.3333333333333333,0.0,0.13333333333333333,0.13333333333333333,5.668894936224045,2,0.8666666666666667
0.06334841628959276,0.04335585585585586,1,7OAR_A,0.10714285714285714,1.3695461123323334,0.21428571428571427,0.03571428571428571,0.25,0.2857142857142857,4.03452587624185,2,0.8928571428571429
0.01771479185119575,0.005582226191805292,2,7OB9_B,0.1,1.1906962281538362,0.35,0.05,0.25,0.3,8.063953443461319,8,0.25
0.002577319587628866,0.0022860875244937948,1,7OB9_M,0.0,,0.0,0.0,1.0,0.0,0.0,1,1.0
0.06354515050167224,0.026579520697167756,1,7OBN_A,0.0,1.4124624832637651,0.21052631578947367,0.05263157894736842,0.3157894736842105,0.3157894736842105,6.083397641972831,5,0.631578947368421
0.06401137980085349,0.029971181556195964,3,7ODF_A,0.1111111111111111,1.8531129096994965,0.3111111111111111,0.06666666666666667,0.3333333333333333,0.2222222222222222,6.829790044005379,8,0.28888888888888886
0.09617918313570488,0.050328578297804134,2,7OM3_A,0.1643835616438356,1.9696574305172065,0.2602739726027397,0.0821917808219178,0.3013698630136986,0.2876712328767123,5.456353143521378,9,0.273972602739726
0.10047846889952153,0.06496519721577726,1,7ON0_AAA,0.23809523809523808,1.3819878200868558,0.5238095238095238,0.0,0.38095238095238093,0.23809523809523808,3.5477638766223802,1,1.0
0.1366906474820144,0.06600361663652803,4,7OUF_B,0.02631578947368421,1.8487046171852841,0.23684210526315788,0.02631578947368421,0.34210526315789475,0.3157894736842105,4.8256331115548505,5,0.6578947368421053
0.02914798206278027,0.014364135407136321,2,7OX9_B,0.07692307692307693,2.4044674214044526,0.2564102564102564,0.07692307692307693,0.3333333333333333,0.28205128205128205,8.328276587260776,10,0.23076923076923078
0.007177033492822967,0.001457301078402798,2,7OXQ_B,0.0,2.753340640164798,0.0,0.0,0.0,1.0,7.009286185915312,3,0.3333333333333333
0.05785123966942149,0.04764344262295082,2,7P0W_A,0.07142857142857142,1.4487305720041304,0.21428571428571427,0.07142857142857142,0.35714285714285715,0.42857142857142855,4.258030559366238,2,0.9285714285714286
0.016057091882247992,0.006914035492048859,2,7P5X_AC,0.05555555555555555,1.152672060275271,0.2222222222222222,0.16666666666666666,0.0,0.5,8.75682943540355,9,0.2777777777777778
0.10743801652892562,0.09523809523809523,2,7P8L_A,0.11538461538461539,1.1259799447369156,0.23076923076923078,0.07692307692307693,0.38461538461538464,0.23076923076923078,3.5324753574593917,1,1.0
0.012779552715654952,0.00202757502027575,1,7PBO_D,0.0,1.8802001850741095,0.0,0.0,0.5,0.25,3.302784516893202,2,0.75
0.03007518796992481,0.007662835249042145,2,7PBU_A,0.0,1.959965533618717,0.0,0.0,0.25,0.0,4.10567039588148,2,0.75
0.002188183807439825,0.00026695141484249865,1,7PDS_A,0.0,,0.0,0.0,1.0,0.0,0.0,1,1.0
0.13309352517985612,0.05389492753623189,4,7PEL_B,0.02702702702702703,1.839207834794934,0.21621621621621623,0.02702702702702703,0.35135135135135137,0.2702702702702703,4.921657745796226,5,0.6756756756756757
0.01832460732984293,0.006578947368421052,1,7PLO_O,0.0,1.7014135900595724,0.2857142857142857,0.0,0.14285714285714285,0.5714285714285714,4.6459862263001614,3,0.5714285714285714
0.3114754098360656,0.18426103646833014,2,7PSX_A,0.15789473684210525,1.4030009982689593,0.3157894736842105,0.0,0.2631578947368421,0.42105263157894735,3.741363878544116,3,0.631578947368421
0.05286343612334802,0.03220241518113859,2,7PZB_A,0.0,1.3185034878066417,0.25,0.08333333333333333,0.3333333333333333,0.25,3.4758533218452885,2,0.9166666666666666
0.05181347150259067,0.020453115166771556,2,7Q0N_A,0.1,2.331006273911381,0.2,0.0,0.45,0.35,4.862002013062492,3,0.85
0.36507936507936506,0.21942446043165467,2,7Q3O_C,0.13043478260869565,1.4115957664988248,0.30434782608695654,0.0,0.34782608695652173,0.4782608695652174,3.87830494374517,3,0.5217391304347826
0.25757575757575757,0.21477663230240548,2,7Q4N_K,0.17647058823529413,1.3087371411579656,0.4117647058823529,0.0,0.35294117647058826,0.4117647058823529,4.073297604062797,4,0.47058823529411764
0.04060913705583756,0.032454361054766734,1,7Q8A_B,0.25,2.452819406662343,0.25,0.0,0.375,0.25,3.785570611607813,2,0.625
0.045662100456621,0.03567508232711306,1,7QAZ_B,0.2,1.71903914358041,0.3,0.0,0.4,0.2,3.9604532197294637,2,0.5
0.00392156862745098,0.002072538860103627,1,7QO1_B,0.0,,0.0,0.0,0.0,1.0,0.0,1,1.0
0.018518518518518517,0.008227374719521317,2,7QQD_B,0.0,9.310880000466957,0.3333333333333333,0.0,0.3333333333333333,0.0,7.246976408728298,2,0.6666666666666666
0.08093525179856115,0.04805137289636847,2,7QW6_A,0.13333333333333333,1.2912050714613015,0.35555555555555557,0.022222222222222223,0.28888888888888886,0.28888888888888886,4.080358541084406,4,0.8444444444444444
0.011904761904761904,0.003073376872839032,1,7R2K_L,0.0,1.725097637650404,0.0,0.0,0.25,0.25,2.356313981364264,1,1.0
0.016666666666666666,0.004132231404958678,1,7R2K_S,0.0,2.209359650653793,0.0,0.25,0.5,0.25,3.478724730754843,2,0.75
0.036036036036036036,0.029301277235161533,2,7R2K_Y,0.08333333333333333,1.1765555018149563,0.16666666666666666,0.0,0.6666666666666666,0.16666666666666666,4.01011914041034,3,0.5833333333333334
0.040106951871657755,0.0199203187250996,2,7R3X_A,0.08888888888888889,1.3434022678472013,0.2222222222222222,0.022222222222222223,0.3111111111111111,0.3333333333333333,4.931911046259654,8,0.4888888888888889
0.017194570135746608,0.009644499271055288,1,7R3Y_A,0.10526315789473684,1.232263974729409,0.21052631578947367,0.05263157894736842,0.3684210526315789,0.3157894736842105,5.479740966232262,4,0.631578947368421
0.009615384615384616,0.0031974420463629096,2,7R5S_L,0.0,10.701580517733948,0.0,0.3333333333333333,0.6666666666666666,0.0,5.021313274655067,2,0.6666666666666666
0.018867924528301886,0.004592422502870264,1,7R5S_N,0.0,5.559969361714394,0.16666666666666666,0.0,0.0,0.6666666666666666,9.639840774226286,2,0.6666666666666666
0.022727272727272728,0.008522727272727272,1,7R5S_W,0.0,,1.0,0.0,0.0,0.0,2.5669553943172136,1,1.0
0.06896551724137931,0.038392857142857145,2,7R6T_C,0.15,1.1960788255049424,0.35,0.1,0.25,0.2,3.9015568163101,4,0.75
0.08532423208191127,0.04390451832907076,2,7R6V_D,0.2,1.067066704672075,0.28,0.04,0.24,0.32,4.239518503054548,6,0.48
0.0754226267880364,0.038436050364479786,1,7R8H_A,0.10344827586206896,1.9590868513860045,0.25862068965517243,0.05172413793103448,0.3448275862068966,0.3448275862068966,5.591996220252959,12,0.5517241379310345
0.07911802853437094,0.037165510406342916,1,7R8I_A,0.11475409836065574,1.8857680953172247,0.2786885245901639,0.01639344262295082,0.32786885245901637,0.3114754098360656,5.365212583938072,11,0.39344262295081966
0.17567567567567569,0.09515260323159784,2,7RAY_A,0.0,3.086627662885288,0.07692307692307693,0.07692307692307693,0.23076923076923078,0.46153846153846156,4.931635974625941,2,0.6153846153846154
0.1708185053380783,0.11875286565795506,2,7RCC_A,0.14583333333333334,2.1890592797528003,0.25,0.08333333333333333,0.2708333333333333,0.375,5.138889990512165,6,0.8541666666666666
0.1602787456445993,0.09967845659163987,2,7RCD_A,0.15217391304347827,2.2057522482124807,0.2608695652173913,0.08695652173913043,0.30434782608695654,0.32608695652173914,5.152640927685925,5,0.8695652173913043
0.14736842105263157,0.11105698977106673,2,7RCE_A,0.19047619047619047,2.179771909801485,0.2857142857142857,0.09523809523809523,0.30952380952380953,0.30952380952380953,4.968388811289658,5,0.7619047619047619
0.16206896551724137,0.10352422907488987,2,7RCF_A,0.1702127659574468,2.4610172746632553,0.2553191489361702,0.0851063829787234,0.2553191489361702,0.40425531914893614,5.229321077782523,8,0.7021276595744681
0.17421602787456447,0.11313220940550132,2,7RCG_A,0.16,2.460522698112215,0.28,0.08,0.26,0.36,5.438113631765904,6,0.7
0.1559633027522936,0.08705114254624592,2,7RH2_B,0.11764705882352941,1.6492967916173549,0.23529411764705882,0.0,0.17647058823529413,0.47058823529411764,3.8865026880977713,3,0.6470588235294118
0.08571428571428572,0.04903536977491962,2,7RHZ_A,0.037037037037037035,1.6435467855854562,0.18518518518518517,0.0,0.3333333333333333,0.5185185185185185,6.112608247637585,9,0.25925925925925924
0.01348747591522158,0.007279786459597185,1,7RL1_1,0.0,2.2721833199749524,0.14285714285714285,0.14285714285714285,0.14285714285714285,0.14285714285714285,3.198509486222501,1,1.0
0.004081632653061225,0.0015455950540958269,1,7RPO_C,0.0,,0.0,0.0,0.0,1.0,0.0,1,1.0
0.003968253968253968,0.0015360983102918587,1,7RPW_A,0.0,,0.0,0.0,0.0,1.0,0.0,1,1.0
0.00823045267489712,0.002081165452653486,1,7RPX_B,0.0,,0.0,0.0,0.0,1.0,5.083981761304017,2,0.5
0.061016949152542375,0.04053765735011734,2,7RPX_E,0.08333333333333333,1.2226311581826412,0.25,0.1388888888888889,0.1111111111111111,0.3888888888888889,5.431381606847115,11,0.2222222222222222
0.05555555555555555,0.027240490006447453,2,7RSU_A,0.14285714285714285,1.266196108503777,0.23809523809523808,0.09523809523809523,0.3333333333333333,0.23809523809523808,4.707987676804833,5,0.6428571428571429
0.03571428571428571,0.025974025974025976,2,7RTI_C,0.13333333333333333,1.4261065405687183,0.2,0.0,0.4,0.4666666666666667,4.344875637297303,2,0.6
0.08423326133909287,0.04523004938913439,3,7S01_A,0.1794871794871795,1.396438593730406,0.38461538461538464,0.10256410256410256,0.358974358974359,0.28205128205128205,6.815973150142136,5,0.5128205128205128
0.0015408320493066256,0.00018971732119142478,1,7S01_C,0.0,,0.0,0.0,0.0,1.0,0.0,1,1.0
0.012678288431061807,0.0033073929961089494,1,7S01_D,0.25,4.776308809557005,0.375,0.125,0.375,0.375,5.854914897839037,2,0.5
0.03512396694214876,0.01723707219585311,3,7S01_c,0.058823529411764705,1.3878067260264546,0.058823529411764705,0.058823529411764705,0.5882352941176471,0.29411764705882354,7.699164889337916,9,0.17647058823529413
0.011737089201877934,0.0025802752293577983,2,7S01_d,0.0,2.683286924341071,0.2,0.0,0.0,0.6,8.616130867174242,3,0.6
0.018477457501847747,0.008495255309534568,2,7S36_P,0.0,1.5887497691626322,0.08,0.08,0.32,0.48,6.795756910039634,6,0.44
0.012116316639741519,0.004925097475887544,1,7S9W_A,0.0,2.1778950612928125,0.4,0.06666666666666667,0.26666666666666666,0.2,4.95163775880219,4,0.4666666666666667
0.015625,0.011191047162270184,1,7SBA_A,0.2,2.7891606260618076,0.8,0.0,0.2,0.0,3.2264642135713446,1,1.0
0.025210084033613446,0.01867219917012448,2,7SBA_H,0.3333333333333333,2.005078730223585,0.3333333333333333,0.0,0.6666666666666666,0.16666666666666666,3.4530357565254572,2,0.8333333333333334
0.03114571746384872,0.01858685253519202,2,7SBA_I,0.07142857142857142,1.97711600353098,0.14285714285714285,0.07142857142857142,0.25,0.39285714285714285,6.0572879363033065,8,0.42857142857142855
0.06537102473498234,0.03445190156599553,2,7SR6_A,0.16216216216216217,1.9107403822573956,0.35135135135135137,0.10810810810810811,0.24324324324324326,0.16216216216216217,5.727451947573529,5,0.4864864864864865
0.07692307692307693,0.04603293413173653,2,7SS5_A,0.0,1.7405259723304882,0.11538461538461539,0.11538461538461539,0.38461538461538464,0.3076923076923077,4.412006841604861,2,0.8846153846153846
0.007627564439768543,0.003133245382585752,2,7SU3_A,0.13793103448275862,1.7664602389400785,0.3793103448275862,0.06896551724137931,0.3103448275862069,0.3103448275862069,6.611103535954346,10,0.27586206896551724
0.08992248062015504,0.04372355430183357,3,7SUM_A,0.08620689655172414,1.1493478148197243,0.22413793103448276,0.034482758620689655,0.3620689655172414,0.25862068965517243,4.672966041142779,7,0.5344827586206896
0.09420289855072464,0.051433773327264454,3,7SUV_B,0.19230769230769232,1.4377046135891252,0.4230769230769231,0.038461538461538464,0.38461538461538464,0.19230769230769232,4.153149208066853,1,1.0
0.024242424242424242,0.0350076103500761,2,7SVU_X,0.0,2.5165024410415775,0.0,0.0,0.25,0.75,3.1483561040205017,1,1.0
0.11161731207289294,0.0708548479632817,2,7T18_A,0.08163265306122448,1.3546173760988638,0.22448979591836735,0.08163265306122448,0.3673469387755102,0.2653061224489796,4.414397406828191,7,0.46938775510204084
0.015625,0.004571428571428572,1,7T21_A,0.0,1.7187467380945882,0.14285714285714285,0.14285714285714285,0.42857142857142855,0.14285714285714285,2.6685839107158915,1,1.0
0.01405152224824356,0.012718600953895072,2,7T3L_A,0.0,1.7535969231141446,0.16666666666666666,0.0,0.6666666666666666,0.16666666666666666,2.960280888885267,1,1.0
0.04895104895104895,0.03234501347708895,2,7T8K_A,0.07142857142857142,1.9647408222967466,0.21428571428571427,0.0,0.42857142857142855,0.35714285714285715,3.5593962751012715,2,0.9285714285714286
0.08333333333333333,0.041336353340883356,2,7TAW_J,0.05263157894736842,1.4247030675117551,0.2631578947368421,0.05263157894736842,0.3684210526315789,0.21052631578947367,3.249532595216735,1,1.0
0.20512820512820512,0.14040561622464898,2,7TEA_B,0.125,1.8109772408847675,0.25,0.0,0.5,0.3125,3.7501197402678064,3,0.5625
0.009375,0.006374501992031873,2,7TFH_B,0.0,13.079896950010559,0.3333333333333333,0.0,0.0,0.3333333333333333,11.939617252726418,2,0.6666666666666666
0.00392156862745098,0.0014977533699450823,1,7TIB_F,0.0,,0.0,0.0,0.0,1.0,0.0,1,1.0
0.028846153846153848,0.014465408805031447,1,7TQB_H,0.6666666666666666,2.7314171349494867,0.6666666666666666,0.0,1.0,0.0,3.873380861849651,1,1.0
0.004629629629629629,0.0005998800239952009,1,7TQB_L,1.0,,1.0,0.0,1.0,0.0,0.0,1,1.0
0.05952380952380952,0.033043197936814955,2,7TQW_A,0.15555555555555556,1.3414668291740357,0.2222222222222222,0.08888888888888889,0.35555555555555557,0.24444444444444444,4.673946211506591,4,0.7111111111111111
0.06521739130434782,0.02237442922374429,1,7TR7_A,0.16666666666666666,1.3102342212556224,0.4444444444444444,0.1111111111111111,0.3333333333333333,0.16666666666666666,3.7868076619936724,1,1.0
0.06643356643356643,0.026651216685979143,1,7TRA_A,0.05263157894736842,2.285979871197036,0.3684210526315789,0.15789473684210525,0.23684210526315788,0.23684210526315788,4.812294953330689,3,0.8421052631578947
0.05555555555555555,0.03604651162790698,1,7TRA_D,0.3333333333333333,1.7971972083738803,0.3333333333333333,0.0,0.3333333333333333,0.5,4.4633908832133535,2,0.6666666666666666
0.0593607305936073,0.038084246970571264,1,7TRA_Q,0.15384615384615385,2.0093577423359763,0.46153846153846156,0.07692307692307693,0.23076923076923078,0.23076923076923078,5.008272102020165,2,0.6923076923076923
0.0915032679738562,0.044153720359771054,3,7TXJ_A,0.14285714285714285,1.8971327956601276,0.21428571428571427,0.14285714285714285,0.14285714285714285,0.5,5.563411307448355,5,0.42857142857142855
0.05527638190954774,0.016191709844559584,2,7TXJ_a,0.18181818181818182,2.4475521284877577,0.45454545454545453,0.09090909090909091,0.2727272727272727,0.18181818181818182,6.806095430645789,5,0.36363636363636365
0.109375,0.08066666666666666,1,7TZV_M,0.23809523809523808,2.337832894434164,0.3333333333333333,0.09523809523809523,0.2857142857142857,0.3333333333333333,4.618940785166769,4,0.47619047619047616
0.078125,0.051490514905149054,1,7U02_M,0.3333333333333333,1.721622300624201,0.3333333333333333,0.13333333333333333,0.3333333333333333,0.3333333333333333,4.176866667310432,3,0.4
0.20454545454545456,0.20508982035928144,2,7U1T_A,0.08333333333333333,1.4595867864534393,0.16666666666666666,0.08333333333333333,0.2777777777777778,0.3055555555555556,4.284494541223487,2,0.5277777777777778
0.008718395815170008,0.008364934195850993,1,7U5C_E,0.2,2.227964290583172,0.3,0.2,0.6,0.1,4.75501463568652,2,0.8
0.017543859649122806,0.00885282183696053,1,7U5D_B,0.0,2.922220854052696,0.0,0.0,0.6666666666666666,0.16666666666666666,3.8866427933801493,2,0.8333333333333334
0.025839793281653745,0.02885862516212711,2,7U5D_I,0.0,3.633832486436937,0.1,0.0,0.1,0.8,10.075731703073762,7,0.2
0.14184397163120568,0.08302583025830258,2,7UBL_A,0.0,3.3023782958061547,0.15,0.05,0.25,0.45,5.847598233795641,4,0.6
0.1111111111111111,0.0650925335035099,2,7UBN_Q,0.0,3.59114120559518,0.17391304347826086,0.043478260869565216,0.2608695652173913,0.43478260869565216,5.930072534977955,5,0.30434782608695654
0.05367231638418079,0.03505302894121877,2,7UBU_A,0.10526315789473684,1.5832318493925848,0.18421052631578946,0.05263157894736842,0.34210526315789475,0.2631578947368421,4.170690791559997,4,0.7631578947368421
0.003215434083601286,0.0004060089321965083,1,7UFI_1,0.0,,0.0,0.0,1.0,0.0,0.0,1,1.0
0.06451612903225806,0.0427394438722966,1,7UGW_B,0.0,2.0249249389274424,0.3125,0.125,0.1875,0.3125,4.183520566148587,2,0.875
0.039014373716632446,0.01571503404924044,1,7UGW_C,0.05263157894736842,1.1575578120697565,0.2631578947368421,0.0,0.2631578947368421,0.3684210526315789,5.137103404147546,5,0.6842105263157895
0.09819121447028424,0.057772103415256945,1,7UIN_D,0.15789473684210525,3.591208114425272,0.2894736842105263,0.0,0.42105263157894735,0.3157894736842105,6.082970931265684,5,0.5526315789473685
0.059490084985835696,0.029119561493662214,4,7UUX_A,0.09523809523809523,1.8237855814288153,0.19047619047619047,0.047619047619047616,0.3333333333333333,0.47619047619047616,6.038928681418738,6,0.3333333333333333
0.03684210526315789,0.015983321751216122,1,7UWH_C,0.14285714285714285,1.912995086791909,0.2857142857142857,0.0,0.14285714285714285,0.14285714285714285,4.3915130080435505,3,0.5714285714285714
0.10526315789473684,0.08624094799210007,1,7UXD_A,0.15,1.3247669082538664,0.3,0.15,0.25,0.3,3.6003643086772117,1,1.0
0.011857707509881422,0.003277920861624912,1,7UY6_A,0.08333333333333333,1.3029358082740905,0.3333333333333333,0.16666666666666666,0.3333333333333333,0.16666666666666666,6.752277677848591,6,0.4166666666666667
0.029411764705882353,0.014708785784797632,2,7V59_B,0.1,1.7741021621153723,0.3,0.075,0.3,0.275,8.84512170615559,16,0.2
0.009433962264150943,0.004281345565749235,1,7V5N_E,0.0,,0.0,0.0,0.5,0.5,1.5195616292210277,1,1.0
0.0787037037037037,0.10133495145631068,1,7V5N_F,0.4117647058823529,1.708008342154939,0.4117647058823529,0.0,0.7058823529411765,0.058823529411764705,3.2325616875863643,1,1.0
0.10588235294117647,0.04978038067349927,2,7V6W_B,0.1111111111111111,2.533076644288347,0.1111111111111111,0.0,0.4444444444444444,0.3333333333333333,4.024701369314397,2,0.7777777777777778
0.13131313131313133,0.05747126436781609,2,7V90_D,0.15384615384615385,1.1376143531443594,0.23076923076923078,0.07692307692307693,0.38461538461538464,0.38461538461538464,7.520117299057009,4,0.5384615384615384
0.15178571428571427,0.07165775401069518,4,7V9G_D,0.0,5.40884028930462,0.11764705882352941,0.11764705882352941,0.29411764705882354,0.4117647058823529,9.884324741750893,4,0.47058823529411764
0.14285714285714285,0.06499429874572406,2,7V9I_A,0.0,1.2835376986747078,0.06666666666666667,0.13333333333333333,0.3333333333333333,0.4666666666666667,4.680242417897756,4,0.6
0.14563106796116504,0.06779661016949153,2,7V9U_A,0.26666666666666666,1.187122893609288,0.4,0.1111111111111111,0.28888888888888886,0.24444444444444444,5.923839225253039,8,0.26666666666666666
0.12121212121212122,0.06390977443609022,2,7VE5_A,0.0,1.2357503330619632,0.125,0.125,0.375,0.375,3.352708508034027,1,1.0
0.2222222222222222,0.14013452914798205,1,7VG8_A,0.125,1.318051488774145,0.2916666666666667,0.08333333333333333,0.25,0.2916666666666667,3.7278340596959807,1,1.0
0.1,0.055150884495317375,2,7VJQ_A,0.16666666666666666,1.9818478102688473,0.4166666666666667,0.0,0.5,0.16666666666666666,2.9977566573066787,1,1.0
0.020594965675057208,0.014109347442680775,2,7VN3_A,0.0,3.97846264816419,0.1111111111111111,0.2222222222222222,0.1111111111111111,0.5555555555555556,5.399240211532846,2,0.6666666666666666
0.1111111111111111,0.04533333333333334,2,7VOV_A,0.1,2.3615398035289075,0.2,0.1,0.3,0.5,5.0378354883637115,4,0.4
0.022222222222222223,0.011000255819902788,2,7VS4_A,0.18181818181818182,2.1228047453686445,0.2727272727272727,0.0,0.18181818181818182,0.45454545454545453,5.866113663133706,5,0.2727272727272727
0.05668016194331984,0.03136064744562468,2,7VS4_B,0.17857142857142858,1.8744367464840916,0.2857142857142857,0.03571428571428571,0.21428571428571427,0.32142857142857145,4.990888173707144,6,0.7142857142857143
0.12834224598930483,0.08749145591250855,2,7VS4_C,0.08333333333333333,2.368087274698859,0.2708333333333333,0.041666666666666664,0.375,0.2916666666666667,5.682681480399614,4,0.5
0.057034220532319393,0.03905623639903791,2,7VW3_A,0.08333333333333333,1.7479996234195254,0.2,0.06666666666666667,0.4,0.35,7.2923786144778795,19,0.2833333333333333
0.0989399293286219,0.058311575282854654,2,7VWY_G,0.07142857142857142,3.2234614389967975,0.2857142857142857,0.14285714285714285,0.2857142857142857,0.25,5.241690806018769,3,0.5357142857142857
0.008450704225352112,0.004182578650663757,2,7W1Y_5,0.0,2.5506995514385595,0.16666666666666666,0.0,0.3333333333333333,0.5,9.527042619245597,4,0.5
0.2523364485981308,0.12609649122807018,2,7W5X_K,0.18518518518518517,2.349751597492707,0.3333333333333333,0.0,0.4444444444444444,0.18518518518518517,4.783358018955881,3,0.5555555555555556
0.07708333333333334,0.03557667608528128,2,7WAY_A,0.14864864864864866,1.5145027838803236,0.2702702702702703,0.04054054054054054,0.3783783783783784,0.35135135135135137,6.794950624399295,25,0.21621621621621623
0.08866995073891626,0.05636478784040532,2,7WB3_A,0.1111111111111111,2.226482608873547,0.16666666666666666,0.05555555555555555,0.2222222222222222,0.3333333333333333,3.943981356142479,2,0.7777777777777778
0.0687960687960688,0.0281136638452237,2,7WJU_A,0.14285714285714285,1.8223149561025969,0.25,0.0,0.5357142857142857,0.35714285714285715,6.309467997109239,8,0.4642857142857143
0.22916666666666666,0.09079445145018916,2,7WLR_A,0.09090909090909091,2.3623520063633436,0.2727272727272727,0.0,0.18181818181818182,0.5,6.505030249383412,5,0.4090909090909091
0.10843373493975904,0.0572289156626506,2,7WLR_B,0.0,4.195793695966918,0.2222222222222222,0.0,0.3333333333333333,0.3333333333333333,7.917961771344014,3,0.4444444444444444
0.12631578947368421,0.04871447902571042,2,7WLR_D,0.16666666666666666,2.3001154393293257,0.25,0.0,0.6666666666666666,0.16666666666666666,6.580821344546116,3,0.5
0.11320754716981132,0.0603448275862069,2,7WLR_G,0.0,1.7962360038325635,0.16666666666666666,0.0,0.25,0.5,7.133740031980761,4,0.5833333333333334
0.21787709497206703,0.16608996539792387,2,7WM3_A,0.1794871794871795,2.3532048577894353,0.38461538461538464,0.07692307692307693,0.10256410256410256,0.3076923076923077,4.7199392495160994,2,0.5641025641025641
0.07278481012658228,0.0388,2,7WNH_D,0.08695652173913043,2.033895514719772,0.21739130434782608,0.043478260869565216,0.21739130434782608,0.43478260869565216,4.03385888080622,2,0.8260869565217391
0.12244897959183673,0.05612244897959184,2,7WNR_B,0.16666666666666666,1.6127607469040615,0.5,0.0,0.16666666666666666,0.3333333333333333,4.520043425376435,3,0.6666666666666666
0.04435483870967742,0.021886399166232414,2,7WWV_B,0.09090909090909091,3.9390052276234937,0.18181818181818182,0.0,0.45454545454545453,0.09090909090909091,11.376288590767777,5,0.36363636363636365
0.009966777408637873,0.002600780234070221,1,7WWV_C,0.0,2.1111582425601103,0.6666666666666666,0.0,0.0,0.0,3.451058560768296,2,0.6666666666666666
0.10869565217391304,0.08344198174706649,2,7X1N_C,0.0,2.341168751441101,0.1,0.0,0.1,0.7,4.320488821095569,3,0.5
0.06569343065693431,0.04155124653739612,2,7X5A_A,0.0,1.749943474879277,0.1111111111111111,0.0,0.2222222222222222,0.2222222222222222,4.3613144364149665,2,0.8888888888888888
0.12264150943396226,0.04393063583815029,2,7X5E_B,0.0,5.057202763421023,0.15384615384615385,0.0,0.15384615384615385,0.6923076923076923,3.785088872835459,1,1.0
0.10891089108910891,0.04744069912609238,2,7X5E_E,0.09090909090909091,2.725970008208888,0.2727272727272727,0.0,0.2727272727272727,0.5454545454545454,4.504866505145502,2,0.9090909090909091
0.12380952380952381,0.07003444316877153,2,7X5G_B,0.07692307692307693,2.6748049708922075,0.23076923076923078,0.0,0.3076923076923077,0.5384615384615384,3.950738321339385,2,0.9230769230769231
0.032362459546925564,0.017115960633290545,2,7X7P_M,0.0,1.8946726351554084,0.2,0.0,0.2,0.3,2.41171948525856,1,1.0
0.06486486486486487,0.047017543859649125,2,7X7Q_A,0.0,1.2780666616382033,0.25,0.0,0.16666666666666666,0.16666666666666666,3.3913515491224437,2,0.9166666666666666
0.11940298507462686,0.1284680337756333,2,7XAQ_B,0.041666666666666664,1.7860752305143381,0.25,0.20833333333333334,0.2916666666666667,0.25,4.031281108617659,2,0.875
0.1574074074074074,0.07425149700598803,2,7XCR_C,0.0,1.776041556634187,0.17647058823529413,0.0,0.11764705882352941,0.5882352941176471,6.475704983741291,3,0.7647058823529411
0.05263157894736842,0.02823920265780731,1,7XCR_L,0.0,4.631789617465306,0.5,0.0,0.0,0.5,2.4245726110165964,1,1.0
0.12903225806451613,0.052486187845303865,2,7XCT_D,0.16666666666666666,2.6236965616524124,0.3333333333333333,0.0,0.5,0.25,7.547539748143477,4,0.3333333333333333
0.125,0.04526166902404526,2,7XCT_F,0.0,4.838360246577595,0.09090909090909091,0.0,0.2727272727272727,0.45454545454545453,7.956973531654545,2,0.7272727272727273
0.13043478260869565,0.06128133704735376,2,7XD0_D,0.16666666666666666,2.651900054824157,0.3333333333333333,0.0,0.5,0.25,7.510516970052736,4,0.3333333333333333
0.08713692946058091,0.03637322087506589,2,7XG0_A,0.19047619047619047,1.9676005995442072,0.2857142857142857,0.047619047619047616,0.3333333333333333,0.38095238095238093,5.769583374968388,5,0.3333333333333333
0.03625377643504532,0.02996404314822213,1,7XG0_D,0.16666666666666666,3.4251396607811304,0.25,0.0,0.08333333333333333,0.3333333333333333,8.151191977324386,3,0.6666666666666666
0.030303030303030304,0.014751210920299428,1,7XG3_L,0.16666666666666666,1.8446304495234087,0.3333333333333333,0.05555555555555555,0.3333333333333333,0.2777777777777778,5.818817504850844,6,0.4444444444444444
0.052083333333333336,0.0215633423180593,2,7XHV_B,0.1,2.738814362236738,0.1,0.0,0.5,0.5,6.101666363980931,2,0.9
0.025477707006369428,0.016240357287860333,2,7XI3_B,0.125,3.434818685765881,0.125,0.0,0.5,0.5,4.703316521847907,1,1.0
0.14331210191082802,0.07505957108816522,2,7XJG_A,0.24444444444444444,1.1500488371194801,0.35555555555555557,0.1111111111111111,0.28888888888888886,0.28888888888888886,6.101726843135966,9,0.3333333333333333
0.0196078431372549,0.01285140562248996,1,7XJG_J,0.16666666666666666,2.601544727966808,0.16666666666666666,0.0,0.3333333333333333,0.6666666666666666,7.8342600385823715,3,0.3333333333333333
0.018604651162790697,0.00856269113149847,1,7XLT_H,0.75,2.689827431683932,0.75,0.0,1.0,0.0,3.6141094836363883,2,0.75
0.004629629629629629,0.002386634844868735,1,7XLT_L,1.0,,1.0,0.0,1.0,0.0,0.0,1,1.0
0.011168384879725086,0.004523912106850495,2,7XN7_B,0.0,1.3081975748912902,0.15384615384615385,0.07692307692307693,0.23076923076923078,0.38461538461538464,7.662780652148815,8,0.23076923076923078
0.12418300653594772,0.0641025641025641,2,7XP3_A,0.10526315789473684,1.800316613849633,0.2631578947368421,0.0,0.21052631578947367,0.42105263157894735,4.004900725337847,3,0.8421052631578947
0.18666666666666668,0.09350237717908082,2,7XQ5_A,0.0,4.538613146570952,0.14285714285714285,0.07142857142857142,0.21428571428571427,0.5714285714285714,4.787966264485163,2,0.8571428571428571
0.1917808219178082,0.09768211920529801,2,7XQ5_B,0.0,3.9494647913780443,0.07142857142857142,0.07142857142857142,0.0,0.7857142857142857,5.497127813536486,2,0.6428571428571429
0.12222222222222222,0.06064690026954178,2,7XUZ_H,0.0,2.3601897490851416,0.09090909090909091,0.09090909090909091,0.09090909090909091,0.6363636363636364,4.674660382150727,3,0.45454545454545453
0.2261904761904762,0.12519809825673534,2,7XV6_A,0.10526315789473684,1.5872138681076564,0.15789473684210525,0.10526315789473684,0.2631578947368421,0.47368421052631576,3.64254375182973,2,0.7894736842105263
0.15584415584415584,0.0962671905697446,2,7XV8_A,0.08333333333333333,1.5371138590362916,0.16666666666666666,0.08333333333333333,0.3333333333333333,0.4166666666666667,4.0975509843372055,3,0.5833333333333334
0.1368421052631579,0.06772908366533864,2,7XYF_D,0.15384615384615385,1.9041766559459818,0.3076923076923077,0.0,0.38461538461538464,0.38461538461538464,7.667236708317837,4,0.46153846153846156
0.045454545454545456,0.019935691318327974,2,7XZX_K,0.0,2.4064644919319282,0.1111111111111111,0.0,0.4444444444444444,0.4444444444444444,3.3828649206133647,1,1.0
0.1286549707602339,0.08190327613104524,1,7Y01_A,0.18181818181818182,2.336041736808324,0.36363636363636365,0.045454545454545456,0.2727272727272727,0.36363636363636365,5.018530223057658,4,0.6363636363636364
0.1518987341772152,0.10096153846153846,2,7Y43_A,0.0,1.584881468803024,0.0,0.0,0.3333333333333333,0.5,3.374766400981331,2,0.9166666666666666
0.019128586609989374,0.007447798909429445,1,7Y7R_A,0.16666666666666666,1.5533257998870624,0.3333333333333333,0.05555555555555555,0.5,0.16666666666666666,6.844369947486174,9,0.3888888888888889
0.0055248618784530384,0.007196710075394105,2,7Y8R_M,0.0,,0.0,0.0,0.0,1.0,4.491316081029443,2,0.5
0.026058631921824105,0.014492753623188406,2,7YE1_A,0.125,1.1424452380967887,0.25,0.0,0.25,0.375,3.214863810538868,2,0.75
0.06228373702422145,0.03195624010364186,2,7YOJ_A,0.037037037037037035,1.6424264245111757,0.2037037037037037,0.037037037037037035,0.35185185185185186,0.3888888888888889,6.7021777907164575,14,0.2037037037037037
0.010830324909747292,0.004631012847325963,1,7YQ3_F,0.0,1.8745431922013995,0.0,0.0,0.5555555555555556,0.3333333333333333,6.457839396169438,4,0.5555555555555556
0.125,0.08875739644970414,2,7YQK_C,0.0,2.116678818228339,0.14285714285714285,0.0,0.14285714285714285,0.5714285714285714,7.182235153900766,4,0.42857142857142855
0.21359223300970873,0.10463733650416171,2,7YRD_E,0.09090909090909091,2.399637410119453,0.3181818181818182,0.0,0.22727272727272727,0.4090909090909091,6.9442347338385035,5,0.3181818181818182
0.11504424778761062,0.04425837320574163,2,7YRD_G,0.0,2.2058222110880306,0.3076923076923077,0.0,0.0,0.5384615384615384,9.033245447645058,3,0.7692307692307693
0.011583011583011582,0.0039005363237445147,2,7YRD_K,0.0,5.202513994163638,0.0,0.0,0.0,0.6666666666666666,8.51405544686652,3,0.3333333333333333
0.26229508196721313,0.14356435643564355,2,7YZA_A,0.1875,1.6945350537346389,0.25,0.03125,0.5,0.3125,4.712171654646501,3,0.71875
0.03674540682414698,0.018604651162790697,2,7YZO_A,0.21428571428571427,1.5994117262154643,0.2857142857142857,0.07142857142857142,0.35714285714285715,0.35714285714285715,4.939621826874586,4,0.5
0.14102564102564102,0.08143322475570032,2,7Z0U_A,0.18181818181818182,2.3364141759491597,0.18181818181818182,0.0,0.36363636363636365,0.5454545454545454,3.5755818523382903,1,1.0
0.016016713091922007,0.007570359814748842,2,7Z1O_A,0.13043478260869565,2.54856148305444,0.17391304347826086,0.043478260869565216,0.21739130434782608,0.5217391304347826,9.148370406932889,12,0.17391304347826086
0.009302325581395349,0.0022740193291642978,1,7Z1O_E,0.0,,0.0,0.0,1.0,0.0,2.214209781010161,1,1.0
0.05128205128205128,0.03986254295532646,1,7Z3X_A,0.3,1.929308043471793,0.3,0.0,0.2,0.2,3.11153414827829,1,1.0
0.17857142857142858,0.12314225053078556,2,7Z5I_A,0.0,3.4737542775116994,0.0,0.1,0.1,0.7,4.8693878838064295,2,0.8
0.17857142857142858,0.08280254777070063,2,7Z5K_A,0.0,3.7152865236277828,0.0,0.1,0.2,0.6,5.066615447704515,3,0.7
0.032640949554896145,0.01817507418397626,1,7Z5Z_A,0.2727272727272727,1.2166659114430514,0.45454545454545453,0.0,0.36363636363636365,0.2727272727272727,3.953994280935041,3,0.45454545454545453
0.1262135922330097,0.0773955773955774,2,8A0X_A,0.07692307692307693,1.4804607743371085,0.15384615384615385,0.07692307692307693,0.46153846153846156,0.3076923076923077,3.1140122831188313,1,1.0
0.045454545454545456,0.014994232987312572,1,8A0X_D,0.0,2.620759031811476,0.2,0.2,0.2,0.4,2.9607081702741485,1,1.0
0.09634551495016612,0.06949646275488972,1,8A1C_A,0.0,1.428365847479221,0.20689655172413793,0.06896551724137931,0.3103448275862069,0.3793103448275862,4.239740505072622,5,0.5517241379310345
0.010582010582010581,0.003972632972853675,2,8A40_B,0.16666666666666666,2.083948739639982,0.25,0.0,0.3333333333333333,0.3333333333333333,8.572845886369187,8,0.25
0.03225806451612903,0.010558069381598794,2,8A93_A,0.0,2.093280092967115,0.18181818181818182,0.0,0.18181818181818182,0.5454545454545454,7.8134344447465995,7,0.18181818181818182
0.17982456140350878,0.09004237288135593,3,8AAN_A,0.12195121951219512,1.2879796381750752,0.2682926829268293,0.04878048780487805,0.4146341463414634,0.2926829268292683,5.629926655233326,7,0.3170731707317073
0.08426966292134831,0.053534660260809885,1,8AAS_B,0.26666666666666666,1.7398305592567596,0.3333333333333333,0.13333333333333333,0.2,0.3333333333333333,4.363258300561379,4,0.4
0.006696428571428571,0.002680965147453083,2,8AG6_A,0.0,1.4804434859904647,0.16666666666666666,0.0,0.5,0.3333333333333333,7.137825987766219,3,0.5
0.09848484848484848,0.046296296296296294,2,8AMU_F,0.0,1.3181683264856974,0.23076923076923078,0.07692307692307693,0.23076923076923078,0.46153846153846156,3.132108915661403,1,1.0
0.0022271714922048997,0.0008223684210526315,1,8APM_C,0.0,,1.0,0.0,0.0,0.0,0.0,1,1.0
0.01675977653631285,0.011676786548341896,2,8ASC_F,0.1111111111111111,1.5260936334845305,0.2222222222222222,0.1111111111111111,0.3333333333333333,0.4444444444444444,7.276720514005617,5,0.5555555555555556
0.017928286852589643,0.004689042448173741,2,8ASC_K,0.0,2.109311691580923,0.1111111111111111,0.0,0.4444444444444444,0.3333333333333333,7.179705667355718,4,0.5555555555555556
0.058823529411764705,0.027648114901256734,2,8ATT_B,0.15,1.1265660106499387,0.3,0.1,0.25,0.35,6.459498989921238,6,0.4
0.018404907975460124,0.01038819026790596,1,8B1T_B,0.09523809523809523,3.5421344335875604,0.14285714285714285,0.0,0.19047619047619047,0.6190476190476191,8.368180422933673,8,0.2857142857142857
0.13636363636363635,0.03991130820399113,2,8B4B_W,0.13333333333333333,1.171439235461956,0.2,0.06666666666666667,0.4666666666666667,0.26666666666666666,3.983588278916166,3,0.4
0.1651376146788991,0.060470324748040316,2,8B4D_C,0.1111111111111111,1.3608714046644985,0.16666666666666666,0.05555555555555555,0.5,0.2222222222222222,3.9604038510700934,2,0.7222222222222222
0.042418772563176894,0.02216160927378111,2,8B6K_A,0.10638297872340426,1.4428511656737346,0.23404255319148937,0.02127659574468085,0.3404255319148936,0.3191489361702128,4.826200253929298,7,0.46808510638297873
0.039250669045495096,0.02259053241003519,2,8B76_B,0.09090909090909091,1.445801637078891,0.18181818181818182,0.022727272727272728,0.3409090909090909,0.3181818181818182,5.005387509340835,9,0.45454545454545453
0.040106951871657755,0.022301006404391584,2,8B7E_B,0.08888888888888889,1.2378658527928779,0.2222222222222222,0.022222222222222223,0.3111111111111111,0.3333333333333333,4.913730772311213,7,0.4666666666666667
0.07692307692307693,0.06572769953051644,1,8BAR_A,0.1875,1.7812122603701748,0.375,0.0625,0.5625,0.1875,3.838973097675497,2,0.9375
0.019230769230769232,0.005825242718446602,1,8BD5_E,0.0,4.173131218110512,0.2,0.0,0.2,0.6,4.688138315798068,2,0.6
0.0023752969121140144,0.001198681450404555,1,8BVW_3,0.0,,0.0,0.0,0.0,1.0,0.0,1,1.0
0.3116883116883117,0.18825301204819278,2,8BX1_E,0.125,1.6370692620027605,0.20833333333333334,0.0,0.20833333333333334,0.5416666666666666,4.564703818014856,1,1.0
0.20967741935483872,0.18666666666666668,2,8BYX_B,0.15384615384615385,1.7084670631105325,0.3076923076923077,0.0,0.3076923076923077,0.38461538461538464,4.154465079885334,4,0.46153846153846156
0.20454545454545456,0.12299465240641712,2,8BZM_B,0.3333333333333333,1.1844296393484914,0.5,0.0,0.3333333333333333,0.4444444444444444,3.9483100679978738,2,0.6111111111111112
0.15789473684210525,0.09021601016518424,2,8BZM_E,0.13333333333333333,2.058718410265086,0.2,0.0,0.4666666666666667,0.3333333333333333,4.451418040970675,4,0.7333333333333333
0.10309278350515463,0.06439512347608628,2,8C56_A,0.05,1.341871497870143,0.175,0.05,0.525,0.125,3.4451757890202437,2,0.975
0.07421875,0.09606769537083126,4,8C7S_A,0.05263157894736842,2.1340123678283347,0.3684210526315789,0.0,0.42105263157894735,0.15789473684210525,3.700444170703379,3,0.631578947368421
0.061068702290076333,0.03870651641352278,2,8C7U_D,0.0,2.1779381588031606,0.25,0.0,0.5,0.125,3.734115800849434,2,0.875
0.12903225806451613,0.08774193548387096,2,8C84_B,0.0,1.2764845281861141,0.08333333333333333,0.0,0.16666666666666666,0.5833333333333334,4.567664746628524,3,0.5
0.09392265193370165,0.05037957211870255,2,8CDN_A,0.17647058823529413,1.5376692428260952,0.35294117647058826,0.0,0.35294117647058826,0.35294117647058826,4.315720386891714,2,0.8235294117647058
0.03076923076923077,0.003898635477582846,1,8CEO_5,0.0,,0.5,0.0,0.0,0.5,1.509206888646072,1,1.0
0.015384615384615385,0.006542361792607131,2,8CRO_C,0.0,3.433292560871246,0.16666666666666666,0.16666666666666666,0.16666666666666666,0.5,5.59673188660265,2,0.6666666666666666
0.11133603238866396,0.04151898734177215,2,8CSZ_D,0.18181818181818182,1.2264891876481039,0.2727272727272727,0.10909090909090909,0.2727272727272727,0.32727272727272727,5.83167258835217,10,0.3090909090909091
0.04477611940298507,0.011111111111111112,2,8CWW_P,0.0,1.537832191352818,0.2222222222222222,0.0,0.2222222222222222,0.5555555555555556,5.365687393658052,4,0.4444444444444444
0.016129032258064516,0.010533547057476528,1,8D0B_A,0.2222222222222222,3.2822854799204046,0.2222222222222222,0.1111111111111111,0.3888888888888889,0.3333333333333333,7.350191618773313,4,0.4444444444444444
0.016574585635359115,0.011973999315771467,1,8D0B_B,0.3333333333333333,1.7284769886796472,0.5,0.16666666666666666,0.16666666666666666,0.3333333333333333,6.05539685178533,4,0.5
0.022099447513812154,0.02668491276086213,1,8D0K_B,0.25,1.5789680477202133,0.375,0.125,0.125,0.5,6.024967154345118,4,0.375
0.00954653937947494,0.00398406374501992,1,8D0K_D,0.25,4.870206953265076,0.75,0.0,0.25,0.25,2.4404793559350044,1,1.0
0.07330316742081448,0.04415137614678899,3,8D2L_A,0.06172839506172839,1.4419382248525199,0.19753086419753085,0.19753086419753085,0.1728395061728395,0.30864197530864196,5.852391726563158,11,0.41975308641975306
0.09375,0.06332002281802625,1,8D2M_A,0.19047619047619047,1.820993021827716,0.42857142857142855,0.0,0.14285714285714285,0.2857142857142857,4.463625445747186,4,0.6190476190476191
0.029154518950437316,0.01625722543352601,2,8D3M_A,0.2,2.5530058230395096,0.4,0.1,0.4,0.2,6.055007105067636,5,0.4
0.09183673469387756,0.029831387808041506,2,8D3M_E,0.1111111111111111,1.7739771284863486,0.2222222222222222,0.0,0.5555555555555556,0.3333333333333333,4.045052473323915,3,0.6666666666666666
0.0963302752293578,0.051830985915492955,1,8D3M_I,0.14285714285714285,1.1808839373848998,0.23809523809523808,0.09523809523809523,0.3333333333333333,0.23809523809523808,3.727337662587344,2,0.9523809523809523
0.011560693641618497,0.0036010082823190494,2,8D3P_B,0.0,3.7747612308812624,0.25,0.0,0.25,0.0,9.893127524979803,2,0.75
0.1,0.02564102564102564,2,8D3P_E,0.1,2.1364942286422175,0.1,0.1,0.6,0.2,5.622287424213649,3,0.8
0.027340513670256836,0.01599676014984307,2,8D4A_A,0.18181818181818182,1.193470366679177,0.2727272727272727,0.06060606060606061,0.3333333333333333,0.3333333333333333,4.289816589069327,5,0.6060606060606061
0.0034965034965034965,0.00045167118337850043,1,8DEJ_C,0.0,,0.0,0.0,0.0,1.0,0.0,1,1.0
0.08547008547008547,0.04077010192525481,1,8DEJ_J,0.1,1.542644522242521,0.2,0.1,0.2,0.5,4.371419861840228,4,0.4
0.04823529411764706,0.022052337547780066,2,8DF8_A,0.024390243902439025,3.709218407854184,0.17073170731707318,0.04878048780487805,0.21951219512195122,0.4878048780487805,11.456561451280662,13,0.1951219512195122
0.19375,0.23176661264181522,2,8DLF_A,0.0967741935483871,1.2459252908142529,0.16129032258064516,0.0,0.25806451612903225,0.3870967741935484,4.107095130368983,3,0.9354838709677419
0.04149377593360996,0.018556701030927835,2,8DQ1_C,0.1,1.3987226393729935,0.2,0.0,0.5,0.3,3.6477838238548226,4,0.7
0.00847457627118644,0.0035816618911174787,1,8DQW_E,0.0,2.822062121857641,0.0,0.0,0.6666666666666666,0.3333333333333333,4.5179370860877865,2,0.6666666666666666
0.00909090909090909,0.005361930294906166,1,8DR0_C,0.0,3.468110248201297,0.3333333333333333,0.0,0.0,0.3333333333333333,2.615532388191024,1,1.0
0.00872093023255814,0.0014738393515106854,1,8DR0_D,0.0,3.4010807441274205,0.3333333333333333,0.0,0.0,0.3333333333333333,2.584417133619816,1,1.0
0.012121212121212121,0.0057405281285878304,1,8DR1_C,0.0,3.005854113342812,0.25,0.0,0.25,0.25,3.220798322481848,1,1.0
0.004629629629629629,0.003796728971962617,1,8DTP_A,0.0,,0.0,0.0,0.5,0.5,8.339132168729959,2,0.5
0.013888888888888888,0.007009345794392523,1,8DUE_B,0.16666666666666666,1.989318429335208,0.3333333333333333,0.16666666666666666,0.6666666666666666,0.0,2.4503817283209814,1,1.0
0.08498583569405099,0.055433186490455214,2,8DW0_A,0.13333333333333333,1.7095134476558114,0.36666666666666664,0.03333333333333333,0.3,0.13333333333333333,3.825873281270402,3,0.5333333333333333
0.031746031746031744,0.017839444995044598,2,8DW8_A,0.125,1.7368679106669387,0.375,0.125,0.25,0.25,3.584579376801935,2,0.875
0.10704225352112676,0.06978443551333577,2,8DWE_A,0.10526315789473684,1.3522726432110235,0.3157894736842105,0.02631578947368421,0.3157894736842105,0.23684210526315788,3.890578247172643,6,0.7631578947368421
0.11079545454545454,0.06873614190687362,2,8DWF_A,0.1282051282051282,1.4015092172141699,0.358974358974359,0.07692307692307693,0.28205128205128205,0.1794871794871795,3.854294326715691,6,0.4358974358974359
0.032448377581120944,0.016181229773462782,1,8DWJ_A,0.2727272727272727,2.3701704822676692,0.2727272727272727,0.0,0.36363636363636365,0.5454545454545454,5.019424197878734,3,0.6363636363636364
0.09411764705882353,0.04643962848297214,2,8DY7_H,0.125,1.2465836422629148,0.125,0.125,0.25,0.375,3.838738307434975,2,0.75
0.018808777429467086,0.009896907216494845,2,8DY9_B,0.16666666666666666,1.4877759403218669,0.3333333333333333,0.0,0.0,0.5,4.2216941610742555,2,0.6666666666666666
0.0026833631484794273,0.0020658785722483643,2,8DY9_C,0.0,1.6213521668987174,0.0,0.0,0.0,1.0,12.676709394973313,3,0.3333333333333333
0.006384676775738229,0.002344785401162198,2,8DY9_D,0.125,3.0553560253586705,0.125,0.125,0.25,0.625,12.71795243598837,6,0.25
0.052805280528052806,0.045495495495495496,2,8DY9_I,0.0625,1.923269631695812,0.3125,0.125,0.125,0.4375,5.610499332328234,3,0.625
0.0673076923076923,0.04007123775601069,2,8DZJ_A,0.17857142857142858,2.0446077110663894,0.2857142857142857,0.0,0.5357142857142857,0.32142857142857145,6.623564731416666,7,0.5
0.15584415584415584,0.1015952980688497,2,8E2P_B,0.25,2.3434930418703828,0.4166666666666667,0.08333333333333333,0.2916666666666667,0.25,4.513850477065036,3,0.5416666666666666
0.1625,0.11217183770883055,2,8E2Q_B,0.15384615384615385,2.1602536029962036,0.34615384615384615,0.07692307692307693,0.3076923076923077,0.23076923076923078,4.575176851221826,3,0.8461538461538461
0.11029411764705882,0.07868525896414343,2,8E5D_A,0.13333333333333333,1.373148290542447,0.26666666666666666,0.0,0.3333333333333333,0.3333333333333333,4.1417589938847765,5,0.5333333333333333
0.17391304347826086,0.08188585607940446,2,8E66_A,0.1875,1.6243748352935021,0.4375,0.0,0.125,0.5625,4.181535558905815,1,1.0
0.17525773195876287,0.09068923821039904,2,8E67_F,0.29411764705882354,1.3661232360430278,0.5294117647058824,0.058823529411764705,0.23529411764705882,0.35294117647058826,3.6297602622007723,2,0.8235294117647058
0.12571428571428572,0.05625,1,8E9A_A,0.09090909090909091,1.4476377630930455,0.2727272727272727,0.13636363636363635,0.22727272727272727,0.2727272727272727,4.069574856168207,2,0.7727272727272727
0.07321131447587355,0.060842754367934224,2,8EA4_O,0.09090909090909091,2.488731291618211,0.20454545454545456,0.06818181818181818,0.4318181818181818,0.25,7.195153737036584,10,0.22727272727272727
0.24324324324324326,0.18801996672212978,3,8EB5_A,0.1111111111111111,1.2062097972783616,0.16666666666666666,0.0,0.4444444444444444,0.3333333333333333,3.300843244849554,3,0.5555555555555556
0.04477611940298507,0.016413623307345096,2,8EBT_A,0.037037037037037035,1.7013293388153918,0.18518518518518517,0.07407407407407407,0.37037037037037035,0.37037037037037035,5.534492554213752,5,0.6296296296296297
0.007385524372230428,0.002748763056624519,2,8EBT_B,0.0,1.6618318790507693,0.0,0.0,0.0,1.0,5.295900552516201,3,0.6
0.08394160583941605,0.05620503597122302,2,8EBT_H,0.21739130434782608,2.0392509665877014,0.21739130434782608,0.043478260869565216,0.34782608695652173,0.391304347826087,5.250972932920778,5,0.5217391304347826
0.08139534883720931,0.09172413793103448,2,8EBT_K,0.07142857142857142,2.317396008967916,0.21428571428571427,0.0,0.2857142857142857,0.5,6.6648003425018185,4,0.35714285714285715
0.025477707006369428,0.011822258459029759,2,8EFV_B,0.0,3.5276066275152016,0.125,0.0,0.125,0.5,7.667595049031835,3,0.75
0.021354933726067747,0.009293504030346136,2,8EG8_J,0.034482758620689655,1.4139858544862483,0.1724137931034483,0.06896551724137931,0.2413793103448276,0.5172413793103449,7.984689393510873,16,0.20689655172413793
0.022091310751104567,0.010253489034463116,2,8EH8_J,0.06666666666666667,1.7043159221514614,0.23333333333333334,0.06666666666666667,0.23333333333333334,0.4,8.327438398411035,17,0.16666666666666666
0.01014832162373146,0.003196803196803197,2,8EJ3_D,0.07692307692307693,1.3376961923312343,0.38461538461538464,0.07692307692307693,0.23076923076923078,0.38461538461538464,9.013322391723058,9,0.3076923076923077
0.010355029585798817,0.004152510381275953,1,8EMH_B,0.0,2.010263424731271,0.2857142857142857,0.0,0.42857142857142855,0.2857142857142857,3.7498372528254635,1,1.0
0.09486166007905138,0.04904051172707889,2,8EPX_D,0.08333333333333333,1.7760521195740384,0.1875,0.14583333333333334,0.2916666666666667,0.375,5.39716792987646,8,0.5416666666666666
0.07575757575757576,0.1200150489089541,5,8ER8_A,0.08,2.2792006248144014,0.28,0.16,0.28,0.24,9.76989767450982,6,0.52
0.02916978309648467,0.013746034797654523,2,8F3C_J,0.07692307692307693,1.6440499861301614,0.1794871794871795,0.1282051282051282,0.20512820512820512,0.48717948717948717,7.342197968967548,16,0.15384615384615385
0.021844660194174758,0.010207237859573151,2,8F69_A,0.0,1.5722436499021417,0.1111111111111111,0.1111111111111111,0.4444444444444444,0.2222222222222222,4.498567900030193,4,0.4444444444444444
0.01201923076923077,0.008647313156269302,3,8F6B_F,0.2,17.980134495017822,0.2,0.0,0.2,0.6,19.698325131982347,2,0.6
0.02830188679245283,0.011461318051575931,1,8FCJ_A,0.0,1.3857205787863536,0.3333333333333333,0.0,0.0,0.3333333333333333,3.0938869154766966,1,1.0
0.03691275167785235,0.022727272727272728,1,8FCJ_H,0.0,2.6336129690118266,0.09090909090909091,0.09090909090909091,0.45454545454545453,0.2727272727272727,3.253079862994579,1,1.0
0.03643724696356275,0.020737882806848323,2,8FCJ_I,0.1111111111111111,1.5316140261617313,0.3333333333333333,0.0,0.3888888888888889,0.3333333333333333,6.4861477977987425,5,0.3888888888888889
0.021406727828746176,0.013750954927425516,2,8FCV_P,0.0,1.714234755336966,0.0,0.14285714285714285,0.5714285714285714,0.2857142857142857,3.3407987712791978,2,0.8571428571428571
0.01909307875894988,0.006010303377218088,1,8FFI_A,0.0,3.638928053363957,0.0,0.0,0.25,0.75,8.80289139333279,3,0.5
0.08602150537634409,0.10102389078498293,1,8FIJ_B,0.1875,1.16328131624932,0.3125,0.125,0.375,0.25,3.281231270343687,1,1.0
0.09090909090909091,0.0836076366030283,1,8FIK_A,0.17647058823529413,1.2743818166880643,0.35294117647058826,0.058823529411764705,0.29411764705882354,0.29411764705882354,3.140220241896024,1,1.0
0.028391167192429023,0.009607686148919135,3,8FLJ_B,0.1111111111111111,2.9662457658708927,0.3333333333333333,0.0,0.2222222222222222,0.3333333333333333,7.398363436255271,3,0.6666666666666666
0.11702127659574468,0.04121475054229935,2,8FLJ_F,0.0,1.8777865284416464,0.09090909090909091,0.09090909090909091,0.2727272727272727,0.2727272727272727,8.030084687581928,3,0.5454545454545454
0.15306122448979592,0.10766045548654245,2,8FLJ_G,0.06666666666666667,1.6208955513115375,0.2,0.0,0.2,0.3333333333333333,6.7765444195570295,4,0.5333333333333333
0.08348457350272233,0.051553205551883675,2,8FS2_B,0.1956521739130435,1.3121768600047543,0.32608695652173914,0.06521739130434782,0.3695652173913043,0.2826086956521739,4.195952948503787,5,0.5217391304347826
0.006097560975609756,0.004627844195912071,1,8FS3_C,0.0,,0.5,0.0,0.0,0.0,1.5061672623181768,1,1.0
0.06349206349206349,0.04201680672268908,1,8FW7_D,0.0,2.5888741352820923,0.0,0.0,0.25,0.75,3.4598370844731425,2,0.75
0.05177993527508091,0.030654515327257662,2,8FYB_C,0.125,4.139982939214769,0.375,0.125,0.375,0.1875,7.245693858776119,3,0.5
0.06451612903225806,0.01742627345844504,2,8FYC_A,0.0,1.330684874494881,0.16666666666666666,0.0,0.5,0.3333333333333333,3.4282871467747276,2,0.8333333333333334
0.05806451612903226,0.04085843995047462,2,8FYC_C,0.1111111111111111,1.7744309801200273,0.3333333333333333,0.1111111111111111,0.3333333333333333,0.2777777777777778,7.5293413175976625,4,0.4444444444444444
0.03048780487804878,0.0197869101978691,3,8FYC_K,0.2,2.438212401119408,0.4,0.0,0.2,0.4,9.860328405262765,3,0.6
0.012130401819560273,0.00463821892393321,2,8FZT_E,0.0,3.446997105824662,0.0625,0.1875,0.4375,0.25,13.51475677769292,6,0.4375
0.01263157894736842,0.007434944237918215,1,8G0H_D,0.5,2.26986552186909,0.5,0.0,0.16666666666666666,0.5,3.7989583911514817,2,0.6666666666666666
0.004629629629629629,0.0020443925233644858,1,8G0Z_A,0.0,,0.0,0.0,0.5,0.5,8.740498923240946,2,0.5
0.02243829468960359,0.013938287032586753,2,8G1S_J,0.06666666666666667,1.321981227340874,0.16666666666666666,0.1,0.23333333333333334,0.5,7.35780859435707,13,0.3
0.05337078651685393,0.026181570894253655,4,8G2Q_A,0.10526315789473684,1.655019048401495,0.21052631578947367,0.05263157894736842,0.3684210526315789,0.47368421052631576,6.044947623362307,7,0.3684210526315789
0.027673896783844427,0.013457656445256176,2,8G2W_J,0.05405405405405406,1.4308631571548511,0.16216216216216217,0.13513513513513514,0.24324324324324326,0.4594594594594595,7.136952466709839,17,0.1891891891891892
0.0684931506849315,0.04982817869415808,2,8G6S_K,0.0,1.5522499534910195,0.0,0.0,0.0,0.8,3.860681326642687,3,0.4
0.02318623784592371,0.010958377391137171,2,8G7E_J,0.03225806451612903,1.8474187906302983,0.12903225806451613,0.0967741935483871,0.25806451612903225,0.4838709677419355,8.85711894223033,16,0.16129032258064516
0.04946996466431095,0.03361344537815126,1,8G9U_A,0.0,2.8876780724575024,0.14285714285714285,0.0,0.5,0.2857142857142857,7.564547614245004,2,0.7142857142857143
0.12903225806451613,0.12711022840119166,2,8G9U_G,0.125,1.421525084451234,0.25,0.125,0.125,0.5,4.243178184884255,6,0.4375
0.12027491408934708,0.09791437980241492,3,8G9U_H,0.08571428571428572,4.092404959291715,0.22857142857142856,0.05714285714285714,0.3,0.32857142857142857,7.97541716370239,9,0.4714285714285714
0.03414634146341464,0.019115890083632018,2,8G9U_N,0.0,2.9669279230896226,0.0,0.14285714285714285,0.5714285714285714,0.2857142857142857,4.972877096671953,2,0.5714285714285714
0.009247027741083224,0.0044444444444444444,1,8G9U_P,0.0,1.6518507088903185,0.2857142857142857,0.0,0.14285714285714285,0.42857142857142855,2.941171816759202,1,1.0
0.032448377581120944,0.013664149586479683,1,8GAO_G,0.2727272727272727,2.3261376771675755,0.2727272727272727,0.0,0.36363636363636365,0.5454545454545454,5.033657889446134,3,0.6363636363636364
0.04526166902404526,0.01951219512195122,2,8GCC_A,0.1875,1.1632322468278975,0.3125,0.03125,0.28125,0.34375,5.090172640497181,8,0.46875
0.04285714285714286,0.012345679012345678,2,8GH8_A,0.0,1.6507414705680932,0.3333333333333333,0.16666666666666666,0.3333333333333333,0.16666666666666666,3.9026253750094755,2,0.8333333333333334
0.056179775280898875,0.022395656599932135,4,8GIS_A,0.1,1.752475817188509,0.2,0.05,0.35,0.45,6.110021562747,7,0.35
0.029612756264236904,0.020821448944666286,1,8GME_C,0.23076923076923078,1.71895964630672,0.3076923076923077,0.0,0.38461538461538464,0.3076923076923077,4.901732361272167,6,0.5384615384615384
0.03303303303303303,0.012759170653907496,1,8GMU_F,0.0,1.6734351061972683,0.2727272727272727,0.0,0.18181818181818182,0.2727272727272727,3.780404854479052,2,0.8181818181818182
0.23469387755102042,0.1025,2,8GRM_A,0.08695652173913043,2.805131886509978,0.30434782608695654,0.0,0.17391304347826086,0.43478260869565216,6.490685027498206,5,0.43478260869565216
0.14678899082568808,0.08649289099526067,2,8GRM_C,0.0,1.6840630452337593,0.25,0.0,0.0625,0.625,6.953885883837335,3,0.4375
0.17708333333333334,0.06905710491367861,2,8GRM_D,0.11764705882352941,1.4634270364590165,0.23529411764705882,0.0,0.47058823529411764,0.35294117647058826,6.471815910426264,2,0.8235294117647058
0.12941176470588237,0.060117302052785926,2,8GRM_F,0.0,4.7059605286887365,0.09090909090909091,0.0,0.2727272727272727,0.45454545454545453,8.135506128173843,3,0.45454545454545453
0.0136986301369863,0.0051325919589392645,1,8GRM_P,0.0,,0.0,0.0,0.5,0.5,2.5463892718186005,1,1.0
0.14545454545454545,0.07302709069493522,2,8GRQ_C,0.0,1.6663610429205757,0.25,0.0,0.0625,0.625,7.000357572185819,4,0.4375
0.019011406844106463,0.009423571166319911,2,8GZH_C,0.05,1.1841822849361847,0.3,0.15,0.0,0.4,7.694450687523789,7,0.25
0.014634146341463415,0.0049362402303578775,2,8GZH_D,0.1111111111111111,1.2319732843331486,0.2222222222222222,0.0,0.1111111111111111,0.6666666666666666,10.29573525162272,7,0.2222222222222222
0.007395234182415777,0.0034988713318284425,2,8GZH_Z,0.1111111111111111,1.7735747478617494,0.3333333333333333,0.1111111111111111,0.3333333333333333,0.2222222222222222,5.378211181077986,4,0.5555555555555556
0.13157894736842105,0.07865168539325842,2,8H0L_A,0.0,1.5641617508554257,0.1,0.05,0.35,0.35,3.5906293381308685,1,1.0
0.05921052631578947,0.05567182921724571,2,8H3V_S,0.1111111111111111,6.449523195312943,0.2222222222222222,0.05555555555555555,0.5,0.16666666666666666,10.038740748033076,5,0.5555555555555556
0.0064995357474466105,0.0076714268854006845,1,8H40_A,0.14285714285714285,1.7617377240476915,0.2857142857142857,0.14285714285714285,0.0,0.5714285714285714,5.215000005216178,4,0.5714285714285714
0.0016433853738701725,0.0008609556607834697,2,8H40_B,0.0,,0.0,0.0,0.5,0.5,7.680654281793549,2,0.5
0.004838709677419355,0.00385943530367662,2,8H40_E,0.3333333333333333,16.981175584016896,0.3333333333333333,0.0,0.3333333333333333,0.6666666666666666,12.73710999059215,2,0.6666666666666666
0.19753086419753085,0.09502262443438914,2,8H9H_G,0.125,2.01897733406867,0.1875,0.0625,0.25,0.5625,5.188766864439193,4,0.625
0.1651376146788991,0.09051254089422028,2,8HCL_A,0.1111111111111111,1.7245060699983539,0.3333333333333333,0.0,0.2222222222222222,0.4444444444444444,3.837111398850208,4,0.5
0.2,0.10011918951132301,2,8HCM_A,0.1,1.7747930352291854,0.35,0.0,0.25,0.4,3.9938944271900216,3,0.55
0.03383084577114428,0.011941025953454368,2,8HG1_A,0.14705882352941177,1.4644985232910792,0.23529411764705882,0.11764705882352941,0.2647058823529412,0.38235294117647056,5.795373519873103,11,0.2647058823529412
0.14020270270270271,0.07127429805615551,2,8HHL_A,0.07228915662650602,1.4495632370245841,0.27710843373493976,0.07228915662650602,0.21686746987951808,0.3614457831325301,5.572294212950835,13,0.3132530120481928
0.03806228373702422,0.023642732049036778,2,8HI1_A,0.18181818181818182,2.3728288232821355,0.2727272727272727,0.09090909090909091,0.09090909090909091,0.45454545454545453,5.171516055045103,3,0.7272727272727273
0.08778625954198473,0.045304388862671074,2,8HKC_E,0.13043478260869565,6.063144899549196,0.30434782608695654,0.043478260869565216,0.17391304347826086,0.43478260869565216,12.380979958116571,6,0.391304347826087
0.12345679012345678,0.06944444444444445,2,8HQY_F,0.0,4.91759508356746,0.1,0.0,0.2,0.5,8.49340541958076,2,0.7
0.20618556701030927,0.11860174781523096,2,8HR1_A,0.1,2.960705542909987,0.3,0.0,0.2,0.45,6.946804272433124,4,0.45
0.14457831325301204,0.08083832335329341,2,8HR1_B,0.0,3.364200603343851,0.08333333333333333,0.0,0.25,0.5,7.873631206311788,3,0.6666666666666666
0.1308411214953271,0.0703030303030303,2,8HR1_C,0.0,1.919787386162799,0.21428571428571427,0.0,0.07142857142857142,0.6428571428571429,7.2273824575605925,4,0.35714285714285715
0.12087912087912088,0.0594059405940594,2,8HR1_D,0.18181818181818182,4.436353012451231,0.36363636363636365,0.09090909090909091,0.5454545454545454,0.09090909090909091,7.767186322421966,4,0.36363636363636365
0.04291845493562232,0.020138262699128343,2,8HR5_A,0.2,2.2587875146976506,0.35,0.15,0.5,0.15,6.7281820902465075,6,0.5
0.019062748212867357,0.006093845216331505,2,8HVR_D,0.08333333333333333,1.2229100269093782,0.16666666666666666,0.041666666666666664,0.20833333333333334,0.4583333333333333,7.941207806591592,13,0.20833333333333334
0.03164556962025317,0.020226537216828478,2,8HVR_H,0.2,2.4273362322808576,0.2,0.0,0.4,0.4,3.835985637246902,2,0.8
0.009569377990430622,0.003026634382566586,1,8HYJ_E,0.0,,0.5,0.0,0.0,0.5,2.8181977955875257,1,1.0
0.007731958762886598,0.0042786615469007135,2,8I23_C,0.1111111111111111,1.7320876601753357,0.1111111111111111,0.1111111111111111,0.0,0.5555555555555556,9.255228735157056,7,0.2222222222222222
0.011265164644714038,0.004008908685968819,2,8I23_D,0.07692307692307693,1.649464291432323,0.23076923076923078,0.07692307692307693,0.23076923076923078,0.5384615384615384,9.20891933023668,9,0.23076923076923078
0.18454935622317598,0.11597938144329897,2,8I24_F,0.13953488372093023,4.586789147119977,0.2558139534883721,0.09302325581395349,0.2558139534883721,0.4186046511627907,10.63890377290872,7,0.3488372093023256
0.0431266846361186,0.02824735521867161,2,8I54_A,0.0625,2.5291035373609096,0.2708333333333333,0.10416666666666667,0.3125,0.25,7.776655729953554,11,0.4375
0.0990990990990991,0.055865921787709494,2,8IA3_E,0.0,3.8032338330204403,0.0,0.09090909090909091,0.2727272727272727,0.6363636363636364,5.125607038081666,1,1.0
0.08333333333333333,0.040683760683760686,2,8IAZ_A,0.21875,1.4328346315605065,0.34375,0.0625,0.40625,0.28125,6.446461215159682,10,0.3125
0.11702127659574468,0.04781420765027322,2,8IEJ_D,0.18181818181818182,2.2083128016881277,0.2727272727272727,0.0,0.6363636363636364,0.18181818181818182,8.040736226158971,4,0.2727272727272727
0.05357142857142857,0.019024970273483946,1,8IHM_N,0.3333333333333333,1.2735023885065304,0.3333333333333333,0.0,0.3333333333333333,0.3333333333333333,2.2496782062261653,1,1.0
0.14465408805031446,0.10725552050473186,2,8IJO_A,0.21739130434782608,1.6236043188124403,0.30434782608695654,0.043478260869565216,0.5652173913043478,0.08695652173913043,3.5450109492059725,2,0.6086956521739131
0.14465408805031446,0.1134585289514867,2,8IJP_A,0.2608695652173913,1.7015161973204183,0.34782608695652173,0.043478260869565216,0.6086956521739131,0.08695652173913043,3.54508894766348,2,0.6086956521739131
0.1509433962264151,0.11353032659409021,2,8IK4_A,0.25,1.6305229699287727,0.3333333333333333,0.041666666666666664,0.5833333333333334,0.08333333333333333,3.49711574802267,2,0.625
0.23880597014925373,0.12593984962406016,2,8IK5_C,0.0625,1.4339228283637222,0.1875,0.0,0.25,0.5625,3.8378027480453842,3,0.625
0.14465408805031446,0.11016291698991466,2,8IKD_A,0.2608695652173913,1.7004468018241408,0.34782608695652173,0.043478260869565216,0.5652173913043478,0.08695652173913043,3.5571400105845323,2,0.6086956521739131
0.21666666666666667,0.09656652360515021,2,8IKE_C,0.07692307692307693,1.11190177680736,0.23076923076923078,0.0,0.3076923076923077,0.46153846153846156,3.683048666569664,3,0.7692307692307693
0.09090909090909091,0.04175665946724262,2,8ILE_B,0.125,2.1905034784988127,0.25,0.125,0.3125,0.3125,4.65186836484547,2,0.5
0.12921348314606743,0.05255781359495445,4,8ILF_B,0.043478260869565216,2.2145953533515454,0.30434782608695654,0.043478260869565216,0.30434782608695654,0.34782608695652173,4.799870095301198,2,0.6086956521739131
0.15254237288135594,0.06086341118188252,2,8ILG_A,0.07407407407407407,1.516707348672545,0.2962962962962963,0.14814814814814814,0.2222222222222222,0.25925925925925924,3.8902098940759573,1,1.0
0.12994350282485875,0.05182072829131653,2,8ILI_A,0.08695652173913043,1.4755518001144836,0.30434782608695654,0.13043478260869565,0.21739130434782608,0.30434782608695654,4.150337181466567,2,0.7391304347826086
0.18333333333333332,0.0944206008583691,2,8ILW_C,0.09090909090909091,1.7035009955161906,0.18181818181818182,0.0,0.2727272727272727,0.5454545454545454,4.3875932517060265,5,0.45454545454545453
0.03404255319148936,0.010312075983717774,1,8IN8_C,0.125,1.4344129790240119,0.375,0.125,0.25,0.25,6.9082765606048415,7,0.3125
0.023411371237458192,0.012256973795435333,1,8IP0_B,0.14285714285714285,1.566735471782235,0.5714285714285714,0.0,0.5714285714285714,0.0,3.2429829098240415,2,0.8571428571428571
0.09523809523809523,0.08108108108108109,1,8IPP_B,0.25,1.3552618601310933,0.5,0.0,0.3333333333333333,0.3333333333333333,4.03990156490007,2,0.8333333333333334
0.004366812227074236,0.0026869682042095834,1,8IQI_C,0.0,1.5001219297422055,0.25,0.0,0.25,0.5,3.063538218771437,1,1.0
0.035555555555555556,0.017581246670218435,1,8ISZ_B,0.0,2.2184629408958156,0.125,0.25,0.375,0.25,6.823200455027567,3,0.75
0.001953125,0.000245398773006135,1,8ITY_O,0.0,,0.0,0.0,0.0,0.0,0.0,1,1.0
0.04186046511627907,0.02984165651644336,2,8J0R_A,0.0,4.174048032162926,0.1111111111111111,0.0,0.3333333333333333,0.4444444444444444,5.110355717367473,2,0.8888888888888888
0.07783018867924528,0.039592430858806406,2,8J12_A,0.15151515151515152,1.725667161314306,0.2727272727272727,0.0,0.5454545454545454,0.3333333333333333,6.464300547067209,7,0.5151515151515151
0.07547169811320754,0.03607797497817864,2,8J1J_A,0.15625,1.7409012693532089,0.25,0.0,0.53125,0.375,6.408341590889588,9,0.5625
0.061611374407582936,0.03178769320501604,2,8J3R_A,0.19230769230769232,1.884880228288339,0.2692307692307692,0.0,0.6923076923076923,0.23076923076923078,6.530771831950254,7,0.5769230769230769
0.189873417721519,0.098256735340729,2,8J54_C,0.06666666666666667,1.5354869403464724,0.06666666666666667,0.13333333333333333,0.26666666666666666,0.5333333333333333,4.265663914264703,3,0.4
0.023923444976076555,0.01178499568841621,1,8J7S_B,0.0,3.0524308796879263,0.0,0.0,0.3,0.7,8.100646125322175,4,0.5
0.045771144278606964,0.023380418899171942,2,8J8G_A,0.17391304347826086,1.6474121849766437,0.2608695652173913,0.08695652173913043,0.32608695652173914,0.34782608695652173,5.51074356790068,11,0.30434782608695654
0.022935779816513763,0.007945516458569807,1,8J8G_B,0.2,1.8205006525967427,0.4,0.0,0.4,0.4,2.941602899192379,1,1.0
0.015555555555555555,0.0148975791433892,1,8J9G_B,0.14285714285714285,1.9826735654342735,0.14285714285714285,0.14285714285714285,0.14285714285714285,0.5714285714285714,8.691037635363317,4,0.42857142857142855
0.016421780466724288,0.0069618187751550095,2,8JCH_B,0.10526315789473684,1.603757330826524,0.3157894736842105,0.05263157894736842,0.15789473684210525,0.47368421052631576,9.0157379693559,13,0.15789473684210525
0.24193548387096775,0.13973799126637554,2,8JFR_C,0.0,1.5467739140191898,0.2,0.0,0.6666666666666666,0.13333333333333333,3.2814842718645356,1,1.0
0.09941520467836257,0.054426705370101594,2,8JFU_B,0.0,1.4359870662374408,0.17647058823529413,0.0,0.6470588235294118,0.17647058823529413,3.2810070460978147,1,1.0
0.0009606147934678194,0.0002370791844476055,1,8JG9_A,0.0,,0.0,0.0,0.0,1.0,0.0,1,1.0
0.09821428571428571,0.02823529411764706,2,8JHF_C,0.0,2.22514893147079,0.18181818181818182,0.0,0.18181818181818182,0.6363636363636364,10.14748265823821,5,0.36363636363636365
0.08139534883720931,0.015873015873015872,2,8JHG_F,0.0,4.848302276658493,0.14285714285714285,0.0,0.2857142857142857,0.42857142857142855,9.260952517256602,3,0.42857142857142855
0.05217391304347826,0.017937219730941704,2,8JHG_G,0.0,3.8883037071693525,0.3333333333333333,0.0,0.16666666666666666,0.5,10.672658394689806,3,0.5
0.06266318537859007,0.03857665447289658,2,8JKK_D,0.125,1.2147360060173238,0.2916666666666667,0.041666666666666664,0.25,0.25,4.270734593359227,4,0.6666666666666666
0.1651376146788991,0.09051254089422028,2,8JKL_C,0.1111111111111111,2.0788450044332922,0.2777777777777778,0.0,0.16666666666666666,0.4444444444444444,3.965460069981041,3,0.6111111111111112
0.1743119266055046,0.0749185667752443,2,8JKN_C,0.10526315789473684,1.7906296570452456,0.2631578947368421,0.0,0.15789473684210525,0.47368421052631576,4.11552042811398,4,0.42105263157894735
0.015706806282722512,0.006780402449693788,1,8JL0_A,0.2222222222222222,2.392478616992607,0.2222222222222222,0.0,0.3333333333333333,0.4444444444444444,7.616875100316494,5,0.4444444444444444
0.01893939393939394,0.006829268292682927,2,8JMJ_A,0.0,4.995243978542094,0.4,0.0,0.6,0.0,5.155379892047769,2,0.6
0.0776255707762557,0.04055619930475087,2,8JO2_H,0.11764705882352941,1.1658484715662725,0.23529411764705882,0.058823529411764705,0.4117647058823529,0.23529411764705882,3.9596476126218088,4,0.5294117647058824
0.1038961038961039,0.03824451410658307,3,8JPX_A,0.125,1.8483069988639635,0.3125,0.0625,0.3125,0.3,5.286412795497796,15,0.275
0.37681159420289856,0.2233502538071066,2,8JQ0_D,0.19230769230769232,1.9299157393869009,0.2692307692307692,0.0,0.15384615384615385,0.6538461538461539,4.243192440615405,4,0.6538461538461539
0.04030710172744722,0.018073694029850745,2,8JTJ_A,0.09523809523809523,2.2336577312927752,0.19047619047619047,0.047619047619047616,0.40476190476190477,0.35714285714285715,8.332756824497807,13,0.30952380952380953
0.04,0.022298456260720412,1,8K21_A,0.0,2.1586186517608152,0.0,0.0,0.3333333333333333,0.3333333333333333,1.8631079762929126,1,1.0
0.02798708288482239,0.01538884308876065,4,8K22_A,0.07692307692307693,3.5826527769165084,0.3076923076923077,0.038461538461538464,0.38461538461538464,0.23076923076923078,8.23758840323205,7,0.38461538461538464
0.1751412429378531,0.12014134275618374,2,8K22_B,0.0967741935483871,2.685025336475588,0.16129032258064516,0.03225806451612903,0.45161290322580644,0.1935483870967742,5.60192338905773,3,0.6129032258064516
0.07692307692307693,0.05202312138728324,2,8K22_C,0.15789473684210525,3.749662203516059,0.3157894736842105,0.0,0.42105263157894735,0.10526315789473684,8.317980323849179,4,0.47368421052631576
0.02711864406779661,0.015131863380890618,1,8K22_D,0.0,1.6414441996894702,0.25,0.125,0.25,0.25,3.0062149958980804,1,1.0
0.033112582781456956,0.02592912705272256,1,8K22_G,0.1,5.910301293969463,0.5,0.0,0.3,0.1,9.82867583520415,3,0.6
0.1751412429378531,0.12014134275618374,2,8K23_B,0.0967741935483871,2.6849967833653783,0.16129032258064516,0.03225806451612903,0.45161290322580644,0.1935483870967742,5.601932479082437,3,0.6129032258064516
0.1751412429378531,0.12014134275618374,2,8K24_B,0.0967741935483871,2.6850244574515236,0.16129032258064516,0.03225806451612903,0.45161290322580644,0.1935483870967742,5.601925168208579,3,0.6129032258064516
0.02711864406779661,0.015158077089649198,1,8K24_D,0.0,1.6414737835970703,0.25,0.125,0.25,0.25,3.006288252745196,1,1.0
0.07407407407407407,0.02768729641693811,2,8K25_A,0.3333333333333333,1.7046658742369099,0.5,0.0,0.5,0.16666666666666666,4.668858661867852,3,0.6666666666666666
0.003389830508474576,0.0008550662676357417,1,8K25_e,0.0,,0.0,0.0,0.0,1.0,0.0,1,1.0
0.14285714285714285,0.10477299185098952,2,8K3D_A,0.06666666666666667,1.5867981309550805,0.13333333333333333,0.06666666666666667,0.26666666666666666,0.26666666666666666,3.7243289742565886,1,1.0
0.06944444444444445,0.03823529411764706,2,8K4L_A,0.06666666666666667,2.524853292095045,0.13333333333333333,0.06666666666666667,0.3333333333333333,0.26666666666666666,5.074077295698594,2,0.8666666666666667
0.019402985074626865,0.01608325449385052,2,8K58_C,0.15384615384615385,1.8363173875434626,0.23076923076923078,0.11538461538461539,0.11538461538461539,0.38461538461538464,7.20983927274423,8,0.3076923076923077
0.030325443786982247,0.017057366113969887,2,8K58_D,0.0975609756097561,1.680459515405078,0.2682926829268293,0.07317073170731707,0.2682926829268293,0.34146341463414637,7.396767589678081,13,0.1951219512195122
0.1016949152542373,0.06344253770150807,2,8K59_F,0.125,2.080253811133702,0.2708333333333333,0.16666666666666666,0.2708333333333333,0.2916666666666667,8.842222210607277,9,0.5416666666666666
0.014297061159650517,0.005401549123522218,2,8K60_D,0.1111111111111111,1.3517193221077772,0.2222222222222222,0.1111111111111111,0.2222222222222222,0.3888888888888889,8.504092287536695,11,0.16666666666666666
0.2,0.09823182711198428,2,8K8C_A,0.08333333333333333,5.134444236786644,0.25,0.0,0.3333333333333333,0.5,3.6931369547675383,1,1.0
0.027888446215139442,0.008901353493476405,2,8K8U_A,0.21428571428571427,1.1597358124549886,0.25,0.07142857142857142,0.4642857142857143,0.25,5.601580558153655,11,0.21428571428571427
0.06397306397306397,0.03686036426712923,3,8KA5_A,0.2631578947368421,1.9499418413084857,0.3157894736842105,0.05263157894736842,0.3684210526315789,0.3157894736842105,4.733821032048239,4,0.5789473684210527
0.1901840490797546,0.1581059390048154,3,8KFR_A,0.06451612903225806,1.4510562638515816,0.25806451612903225,0.0967741935483871,0.25806451612903225,0.25806451612903225,4.191939324430838,4,0.6774193548387096
0.20245398773006135,0.14620355411954766,3,8KFV_A,0.06060606060606061,1.4496218082080545,0.24242424242424243,0.12121212121212122,0.24242424242424243,0.2727272727272727,4.120765778041518,3,0.6363636363636364
0.02857142857142857,0.022891945815394308,2,8KGQ_A,0.058823529411764705,1.366763615767076,0.20588235294117646,0.058823529411764705,0.2647058823529412,0.4117647058823529,5.530315938089324,11,0.5
0.15833333333333333,0.08296943231441048,2,8OF4_C,0.0,1.7430672084003516,0.15789473684210525,0.0,0.10526315789473684,0.5263157894736842,6.445329763199257,5,0.47368421052631576
0.08139534883720931,0.04882924043403769,2,8OK9_A,0.17142857142857143,1.356855492737596,0.2857142857142857,0.08571428571428572,0.37142857142857144,0.34285714285714286,4.569488470652875,4,0.8571428571428571
0.009988901220865706,0.0036126163679310822,1,8OKI_A,0.0,1.3164747356094515,0.2222222222222222,0.0,0.3333333333333333,0.4444444444444444,9.599148932185773,7,0.2222222222222222
0.007266121707538601,0.0019263456090651558,2,8OKI_B,0.125,1.2627510495731877,0.25,0.0,0.375,0.5,11.236737561384864,6,0.375
0.19387755102040816,0.08518518518518518,2,8OL1_A,0.10526315789473684,3.4109345961023085,0.3157894736842105,0.0,0.21052631578947367,0.42105263157894735,7.58964093234973,4,0.42105263157894735
0.1574074074074074,0.09891435464414958,2,8OL1_C,0.0,1.6799099550325336,0.17647058823529413,0.0,0.11764705882352941,0.6470588235294118,6.990349489041173,3,0.47058823529411764
0.11578947368421053,0.06166219839142091,2,8OL1_D,0.0,1.370688270231441,0.09090909090909091,0.0,0.45454545454545453,0.36363636363636365,8.056143335256728,3,0.45454545454545453
0.1588785046728972,0.09124087591240876,2,8OL1_G,0.0,1.4075177510075947,0.29411764705882354,0.0,0.11764705882352941,0.5294117647058824,6.24705830539347,3,0.47058823529411764
0.0055248618784530384,0.0016857720836142953,2,8OL1_K,0.0,,0.0,0.0,0.0,1.0,6.555397180913234,2,0.5
0.0022271714922048997,0.0008741258741258741,1,8OO7_A,0.0,,0.0,0.0,0.0,1.0,0.0,1,1.0
0.0033112582781456954,0.0010455876202425764,1,8OOY_A,0.0,,0.0,0.0,0.0,0.5,8.334563785416881,2,0.5
0.15,0.08835341365461848,2,8OSB_A,0.0,3.3139307987819766,0.0,0.1111111111111111,0.3333333333333333,0.5555555555555556,4.869937663624868,3,0.6666666666666666
0.16666666666666666,0.09208103130755065,2,8OSB_B,0.0,3.5612043430626583,0.09090909090909091,0.09090909090909091,0.36363636363636365,0.45454545454545453,4.5808647419103945,2,0.7272727272727273
0.25806451612903225,0.13793103448275862,2,8OSB_E,0.1875,1.7823939029938434,0.3125,0.0,0.4375,0.3125,3.9564224639134995,4,0.5
0.05128205128205128,0.01278772378516624,1,8OTS_N,0.0,6.3172885957973755,0.25,0.0,0.5,0.25,6.753019206917454,2,0.75
0.12844036697247707,0.07274969173859433,2,8OTT_C,0.0,2.4705173463341916,0.14285714285714285,0.0,0.14285714285714285,0.5714285714285714,6.842654202874375,3,0.5
0.12903225806451613,0.07282913165266107,2,8OTT_D,0.16666666666666666,2.4360042030528675,0.25,0.08333333333333333,0.5,0.25,7.504412582960732,3,0.5
0.25263157894736843,0.1406451612903226,2,8OTT_E,0.08333333333333333,3.0193800162952136,0.25,0.0,0.20833333333333334,0.4583333333333333,6.382129836643128,4,0.4583333333333333
0.03773584905660377,0.026022304832713755,1,8OTT_M,0.0,,0.0,0.0,0.0,0.5,1.5078406036586776,1,1.0
0.0392156862745098,0.01953125,1,8OTT_N,0.0,,0.0,0.0,1.0,0.0,9.761673578107617,2,0.5
0.016597510373443983,0.003092783505154639,2,8OVW_L,0.25,4.694940285432886,0.25,0.0,0.5,0.25,8.617689365283171,3,0.5
0.008522727272727272,0.004788082993438553,1,8OW1_II,0.0,2.0269713098607696,0.0,0.0,0.5,0.5,2.6141959272427924,1,1.0
0.057432432432432436,0.03967227253126347,2,8OW4_B,0.058823529411764705,1.8387554329387747,0.058823529411764705,0.058823529411764705,0.29411764705882354,0.5294117647058824,4.541669527428385,2,0.8823529411764706
0.05652173913043478,0.036202735317779566,2,8OY8_A,0.2692307692307692,1.2218594345578626,0.4230769230769231,0.07692307692307693,0.19230769230769232,0.34615384615384615,4.271216830164727,4,0.5769230769230769
0.023255813953488372,0.014917560847945564,1,8OZE_F,0.18181818181818182,1.759514469830332,0.2727272727272727,0.0,0.2727272727272727,0.45454545454545453,8.219476229636188,4,0.36363636363636365
0.011255411255411256,0.006446067898581865,2,8P0J_B,0.07692307692307693,1.5448916946449354,0.3076923076923077,0.0,0.3076923076923077,0.38461538461538464,8.381776945167498,5,0.46153846153846156
0.09162303664921466,0.05137204850031908,2,8P0J_H,0.11428571428571428,1.2318960176476326,0.3142857142857143,0.02857142857142857,0.2857142857142857,0.4,4.957820352423711,2,0.9142857142857143
0.04710144927536232,0.022466960352422908,2,8P0J_I,0.07692307692307693,2.595040758377206,0.23076923076923078,0.0,0.38461538461538464,0.38461538461538464,6.501374954630825,5,0.46153846153846156
0.17054263565891473,0.07934990439770555,2,8P5Q_A,0.09090909090909091,1.5919827048194146,0.22727272727272727,0.045454545454545456,0.2727272727272727,0.4090909090909091,4.057080699858334,5,0.5909090909090909
0.01992619926199262,0.011485524442335074,2,8PDY_J,0.037037037037037035,1.8292759749531817,0.1111111111111111,0.07407407407407407,0.25925925925925924,0.5185185185185185,8.80661898489598,14,0.14814814814814814
0.09876543209876543,0.04559505409582689,2,8PID_P,0.0625,2.059444929432947,0.1875,0.0,0.375,0.4375,4.739691485463658,2,0.875
0.01639344262295082,0.011714690599905526,2,8PIL_I,0.09090909090909091,1.5924034983751851,0.22727272727272727,0.09090909090909091,0.045454545454545456,0.5454545454545454,8.229964431676875,12,0.22727272727272727
0.20930232558139536,0.12265758091993186,2,8PKI_K,0.2222222222222222,1.392672795036578,0.2777777777777778,0.05555555555555555,0.2777777777777778,0.4444444444444444,3.5804716244149497,1,1.0
0.09271523178807947,0.05291693775753633,2,8PM4_A,0.10714285714285714,1.3191137911219981,0.32142857142857145,0.07142857142857142,0.25,0.375,6.135811889444808,18,0.16071428571428573
0.24193548387096775,0.1339622641509434,2,8PMC_A,0.2,2.006093225359846,0.2,0.0,0.3333333333333333,0.5333333333333333,4.2747592688560765,3,0.5333333333333333
0.30303030303030304,0.13854351687388988,2,8PMF_A,0.15,1.7640292491701857,0.25,0.0,0.3,0.5,4.36463943463812,4,0.55
0.2903225806451613,0.14366729678638943,2,8PMN_A,0.16666666666666666,1.5388242776542562,0.2777777777777778,0.0,0.3333333333333333,0.4444444444444444,4.017948387645446,3,0.6111111111111112
0.26865671641791045,0.13859649122807016,2,8PNA_A,0.16666666666666666,1.6916416258760152,0.2777777777777778,0.0,0.2777777777777778,0.5,4.380870663935116,4,0.5555555555555556
0.012594458438287154,0.003988245172124265,2,8PPT_B,0.0,1.7342440627741302,0.13333333333333333,0.2,0.13333333333333333,0.3333333333333333,6.802555841775263,8,0.26666666666666666
0.01715686274509804,0.007521058965102286,2,8PS5_A,0.14285714285714285,4.349810045895374,0.14285714285714285,0.2857142857142857,0.2857142857142857,0.42857142857142855,7.834845375751679,5,0.2857142857142857
0.04215456674473068,0.023001725129384705,1,8PVV_A,0.1111111111111111,1.7020387382700837,0.2222222222222222,0.05555555555555555,0.2777777777777778,0.4444444444444444,6.564105275704723,7,0.4444444444444444
0.13138686131386862,0.06923076923076923,2,8PW0_A,0.1111111111111111,1.2688351044590511,0.3333333333333333,0.0,0.5,0.16666666666666666,3.3287380539385216,2,0.8333333333333334
0.14736842105263157,0.04832214765100671,2,8Q3E_DDD,0.14285714285714285,1.8698139399159879,0.21428571428571427,0.07142857142857142,0.5714285714285714,0.21428571428571427,6.94234609215161,3,0.42857142857142855
0.012195121951219513,0.002474022761009401,1,8Q3W_A,0.0,4.166062852482711,0.0,0.0,0.0,1.0,8.610504000787321,3,0.3333333333333333
0.020594965675057208,0.010511756569847857,2,8Q40_A,0.0,1.4566253273122818,0.0,0.1111111111111111,0.3333333333333333,0.4444444444444444,4.2282128973597155,3,0.7777777777777778
0.018433179723502304,0.008642319487036521,1,8Q42_A,0.0,1.2957867164831438,0.0,0.125,0.5,0.25,3.2165985953235596,1,1.0
0.002288329519450801,0.001105888858169754,1,8Q44_B,0.0,,0.0,0.0,0.0,1.0,0.0,1,1.0
0.08847184986595175,0.05937399161019684,2,8Q4D_C,0.06060606060606061,4.067903185864412,0.12121212121212122,0.12121212121212122,0.2727272727272727,0.45454545454545453,12.117105719364524,4,0.6060606060606061
0.012145748987854251,0.0024642681123706258,1,8Q4D_E,0.0,3.3540748063629584,0.0,0.0,0.3333333333333333,0.6666666666666666,4.9307023204331015,3,0.3333333333333333
0.10752688172043011,0.07870967741935483,2,8Q9N_B,0.0,1.3412830160530347,0.0,0.0,0.1,0.7,4.992835950461899,3,0.5
0.1308411214953271,0.07869249394673124,2,8QA9_C,0.0,2.154903134082383,0.21428571428571427,0.07142857142857142,0.42857142857142855,0.14285714285714285,3.523661248682207,2,0.6428571428571429
0.033112582781456956,0.02142857142857143,1,8QBL_E,0.1,2.962350957533007,0.1,0.0,0.4,0.6,10.970347360300837,5,0.3
0.06810035842293907,0.030660738923808065,2,8QDX_C,0.03508771929824561,2.484284599150746,0.21052631578947367,0.0,0.22807017543859648,0.49122807017543857,10.077251354737207,12,0.22807017543859648
0.17708333333333334,0.07142857142857142,2,8QKT_DDD,0.11764705882352941,1.4703641771173188,0.23529411764705882,0.0,0.47058823529411764,0.35294117647058826,6.597263562197325,3,0.5882352941176471
0.11650485436893204,0.06407035175879397,2,8QKT_GGG,0.0,3.373337812177169,0.16666666666666666,0.0,0.16666666666666666,0.5,7.410507700696358,3,0.4166666666666667
0.05,0.04964539007092199,2,8QKU_Z,0.0,6.760647954462035,0.0,0.1111111111111111,0.1111111111111111,0.7777777777777778,27.222282705526073,4,0.4444444444444444
0.01909307875894988,0.01350186727951738,1,8QLP_E,0.0,3.138428788310078,0.125,0.0,0.25,0.625,8.242744895844389,4,0.5
0.052486187845303865,0.026928422515635857,3,8QMB_A,0.07894736842105263,1.1271861905342622,0.3157894736842105,0.10526315789473684,0.18421052631578946,0.34210526315789475,4.3567389722367444,6,0.4473684210526316
0.025145067698259187,0.008094186902133923,2,8QQI_A,0.15384615384615385,1.7563118612229924,0.38461538461538464,0.0,0.23076923076923078,0.46153846153846156,6.557017348234278,6,0.3076923076923077
0.014154870940882597,0.005422880383773073,2,8QSZ_B,0.058823529411764705,1.413223585749147,0.29411764705882354,0.0,0.35294117647058826,0.35294117647058826,7.475062828966517,9,0.23529411764705882
0.01932367149758454,0.0030048076923076925,1,8QSZ_E,0.0,3.24294822897001,0.25,0.0,0.25,0.25,3.0539179448103884,1,1.0
0.0014144271570014145,0.00018132366273798732,1,8QU6_H,1.0,,1.0,0.0,0.0,0.0,0.0,1,1.0
0.010101010101010102,0.003974167908594138,3,8QUE_B,0.0,1.9331737597128393,0.2,0.0,0.4,0.4,11.640707262416507,4,0.4
0.013761467889908258,0.007183364839319471,2,8QUE_D,0.1111111111111111,1.1556351964712746,0.1111111111111111,0.2222222222222222,0.3333333333333333,0.4444444444444444,4.58958740863928,4,0.3333333333333333
0.02028397565922921,0.006491885143570537,3,8QUE_E,0.1,2.4775303558710475,0.5,0.0,0.4,0.2,7.010709712576379,5,0.4
0.03709949409780776,0.017180394138453764,2,8QWF_A,0.06818181818181818,1.6019772697252137,0.11363636363636363,0.11363636363636363,0.4318181818181818,0.29545454545454547,6.169088463316942,10,0.5681818181818182
0.042105263157894736,0.020497803806734993,2,8QYV_C,0.0,1.834350097305809,0.25,0.0,0.25,0.25,4.244877994988099,2,0.75
0.002347417840375587,0.0003081664098613251,1,8QYV_V,0.0,,0.0,0.0,0.0,1.0,0.0,1,1.0
0.00078064012490242,0.0004995004995004995,1,8R2M_D,1.0,,1.0,0.0,1.0,0.0,0.0,1,1.0
0.009615384615384616,0.004750593824228029,1,8R2M_J,0.0,,0.0,0.0,0.0,1.0,0.0,1,1.0
0.006711409395973154,0.002495229707911346,2,8R7C_A,0.0,1.1597127679287274,0.0,0.0,0.5,0.5,2.9055056041544374,1,1.0
0.029953917050691243,0.020600353148911125,2,8R7C_F,0.11538461538461539,1.2764671526786135,0.2692307692307692,0.0,0.3076923076923077,0.38461538461538464,5.378557717875299,6,0.38461538461538464
0.030952380952380953,0.02047677261613692,2,8R7E_B,0.11538461538461539,1.2584411062703718,0.2692307692307692,0.0,0.3076923076923077,0.38461538461538464,5.314376452748333,6,0.38461538461538464
0.28125,0.16759776536312848,2,8R7F_A,0.16666666666666666,1.90532243094648,0.2777777777777778,0.0,0.3333333333333333,0.4444444444444444,4.127329932166941,3,0.5555555555555556
0.30158730158730157,0.15955473098330242,2,8R7F_E,0.15789473684210525,1.5574903359829464,0.2631578947368421,0.0,0.2631578947368421,0.5263157894736842,4.288981943754639,3,0.5789473684210527
0.028846153846153848,0.020374898125509373,2,8R7Y_A,0.1111111111111111,1.5757385246122704,0.1111111111111111,0.0,0.6666666666666666,0.2222222222222222,2.8540652812469074,1,1.0
0.26666666666666666,0.1575875486381323,2,8R7Z_A,0.1875,1.8648897982501604,0.25,0.0,0.3125,0.5,4.195883720769526,3,0.5625
0.03237410071942446,0.019177661859466094,2,8RAW_B,0.1111111111111111,1.3096135671293736,0.25925925925925924,0.0,0.3333333333333333,0.37037037037037035,5.226169089692935,4,0.8148148148148148
0.0044994375703037125,0.0021628302178279004,2,8RAZ_A,0.0,2.046179559125519,0.0,0.0,0.5,0.5,3.158564225971808,1,1.0
0.0067039106145251395,0.00294811320754717,2,8RB1_A,0.0,3.4135949981076474,0.16666666666666666,0.0,0.5,0.3333333333333333,7.318433473573983,2,0.8333333333333334
0.029308323563892145,0.0210001510802236,2,8RB1_B,0.12,1.4257165016694948,0.24,0.0,0.36,0.36,5.413323725419276,5,0.72
0.0391566265060241,0.018326693227091632,1,8RC3_B,0.15384615384615385,4.0571065510916515,0.3076923076923077,0.0,0.15384615384615385,0.23076923076923078,8.887985141441494,3,0.5384615384615384
0.036036036036036036,0.013379872018615475,2,8RC3_F,0.0,2.403471885969879,0.375,0.0,0.125,0.375,4.248713181566713,2,0.625
0.058333333333333334,0.04600104547830632,2,8RC3_G,0.14285714285714285,1.4776715020936944,0.2857142857142857,0.07142857142857142,0.42857142857142855,0.2857142857142857,4.154565959347088,4,0.5714285714285714
0.015384615384615385,0.0069989139616266445,2,8RDJ_C,0.0,1.7467296289457408,0.0625,0.0,0.1875,0.5625,9.86989376176518,10,0.1875
0.042682926829268296,0.018376722817764167,1,8RDU_C,0.0,2.8535080528045538,0.14285714285714285,0.0,0.42857142857142855,0.42857142857142855,4.173179094615592,2,0.5714285714285714
0.019455252918287938,0.004356243949661181,2,8RDU_D,0.0,3.049277651837102,0.2,0.0,0.2,0.6,4.501888654417865,2,0.8
0.014168530947054437,0.009523809523809525,2,8RE4_C,0.10526315789473684,1.9637674021557618,0.2631578947368421,0.05263157894736842,0.0,0.5263157894736842,8.08580892532587,10,0.3157894736842105
0.01804511278195489,0.010531750129065565,2,8RE4_D,0.08333333333333333,1.640049567701442,0.20833333333333334,0.08333333333333333,0.2916666666666667,0.4583333333333333,9.798083691331023,15,0.16666666666666666
0.08157894736842106,0.045180722891566265,2,8RE4_M,0.06451612903225806,2.537152028045153,0.2903225806451613,0.03225806451612903,0.5161290322580645,0.1935483870967742,7.081881630589241,8,0.3870967741935484
0.05714285714285714,0.029639762881896944,2,8REB_M,0.05,1.814941897742741,0.25,0.1,0.45,0.25,8.56265250344662,8,0.25
0.06340057636887608,0.02865329512893983,2,8REC_M,0.0,1.9645028568838663,0.18181818181818182,0.045454545454545456,0.45454545454545453,0.2727272727272727,7.418167309790462,9,0.45454545454545453
0.06990881458966565,0.038115631691648826,2,8RED_M,0.0,1.883319462010782,0.21739130434782608,0.043478260869565216,0.43478260869565216,0.30434782608695654,7.041579815541598,7,0.5217391304347826
0.060790273556231005,0.03569728700618753,2,8REE_M,0.0,2.969497656162676,0.25,0.05,0.4,0.25,5.873084524783344,3,0.65
0.03389830508474576,0.018312985571587125,1,8RFJ_M,0.0,2.2471952586061494,0.25,0.125,0.25,0.375,5.423309094921891,3,0.375
0.2054794520547945,0.1444043321299639,2,8RM6_A,0.13333333333333333,1.7415524153862147,0.26666666666666666,0.0,0.13333333333333333,0.4666666666666667,3.331982063105759,2,0.7333333333333333
0.1130952380952381,0.061051004636785165,2,8RPX_D,0.05263157894736842,1.3067381126465065,0.2631578947368421,0.05263157894736842,0.47368421052631576,0.15789473684210525,4.184238056888217,3,0.5263157894736842
0.0029498525073746312,0.0009081002542680712,2,8RWV_C,0.0,,0.0,0.0,0.5,0.5,5.919978492571319,2,0.5
0.007009345794392523,0.006053617757278754,2,8RWV_D,0.3333333333333333,8.308856469896618,0.3333333333333333,0.0,0.0,0.6666666666666666,12.975967830452749,3,0.3333333333333333
0.0069605568445475635,0.00484192537738536,1,8RWV_E,0.0,4.714159465589221,0.0,0.0,0.0,1.0,11.768353389732797,3,0.3333333333333333
0.00411522633744856,0.0029546065001343,1,8RXD_B,0.0,,0.5,0.0,0.0,0.5,10.932637127804046,2,0.5
0.10382513661202186,0.08695652173913043,1,8RZV_A,0.15789473684210525,1.197741708918053,0.3684210526315789,0.10526315789473684,0.10526315789473684,0.3157894736842105,3.2498558554920853,1,1.0
0.04680851063829787,0.036830357142857144,2,8S35_F,0.0,4.118183650075667,0.09090909090909091,0.0,0.18181818181818182,0.5454545454545454,4.840956023056208,2,0.5454545454545454
0.10646387832699619,0.0660287081339713,2,8S35_G,0.10714285714285714,1.814542338453313,0.2857142857142857,0.03571428571428571,0.2857142857142857,0.32142857142857145,5.476558353783949,3,0.75
0.06570512820512821,0.0438935175777281,1,8S35_M,0.14634146341463414,2.2905444415755207,0.3902439024390244,0.0,0.24390243902439024,0.2682926829268293,5.085828648896346,12,0.2926829268292683
0.04081632653061224,0.03728813559322034,2,8S37_B,0.14285714285714285,1.7902926794431218,0.14285714285714285,0.14285714285714285,0.35714285714285715,0.2857142857142857,6.906840420526181,6,0.5714285714285714
0.10294117647058823,0.06494661921708185,1,8S4T_A,0.21428571428571427,1.226552930524325,0.2857142857142857,0.0,0.6428571428571429,0.21428571428571427,4.613758474311207,4,0.6428571428571429
0.04560810810810811,0.025346620450606587,3,8S5A_A,0.1111111111111111,1.7001303942072978,0.25925925925925924,0.0,0.25925925925925924,0.5185185185185185,8.087610873070124,11,0.2222222222222222
0.042682926829268296,0.03661513425549227,2,8S70_D,0.0,1.9420044871986384,0.35714285714285715,0.0,0.21428571428571427,0.2857142857142857,3.983872683458817,1,1.0
0.027439024390243903,0.020748576078112285,1,8S7G_C,0.0,3.905696489272948,0.2222222222222222,0.0,0.2222222222222222,0.3333333333333333,4.73588459424135,2,0.5555555555555556
0.03411131059245961,0.015814558058925475,2,8S82_K,0.05263157894736842,1.078756415126594,0.15789473684210525,0.0,0.3157894736842105,0.5789473684210527,6.103517015437651,10,0.21052631578947367
0.018739352640545145,0.006012454369765944,2,8S82_L,0.0,2.824668481992113,0.18181818181818182,0.0,0.18181818181818182,0.5454545454545454,6.5172892888222345,3,0.5454545454545454
0.01615798922800718,0.006281134936105696,2,8S8P_K,0.0,1.8477720931117512,0.0,0.0,0.3333333333333333,0.6666666666666666,6.923785062446499,4,0.4444444444444444
0.018739352640545145,0.0060111635895234005,2,8S8P_L,0.0,2.2601836666879453,0.2727272727272727,0.0,0.18181818181818182,0.5454545454545454,6.5602449656945865,4,0.36363636363636365
0.16942148760330578,0.08832335329341318,2,8S8P_R,0.0975609756097561,2.5437958967200376,0.21951219512195122,0.024390243902439025,0.34146341463414637,0.3902439024390244,5.070786873946309,6,0.4634146341463415
0.13580246913580246,0.07874617737003058,2,8S8Q_B,0.13636363636363635,1.1781979524104838,0.22727272727272727,0.0,0.36363636363636365,0.36363636363636365,3.954254825967052,2,0.9545454545454546
0.08981001727115717,0.04326302195436935,2,8SCG_A,0.11538461538461539,1.1094580731906187,0.25,0.057692307692307696,0.5192307692307693,0.19230769230769232,4.364630056320453,2,0.7692307692307693
0.08981001727115717,0.04176533907427341,2,8SCO_A,0.11538461538461539,1.1924345616432606,0.25,0.057692307692307696,0.5,0.17307692307692307,4.367828351008222,2,0.75
0.034992223950233284,0.013204141730787499,2,8SFH_A,0.1111111111111111,1.6785696562614825,0.2,0.06666666666666667,0.4,0.3111111111111111,5.967821995752994,10,0.6222222222222222
0.07219662058371736,0.0411190386781825,2,8SFN_A,0.13829787234042554,1.6655931508489745,0.26595744680851063,0.0851063829787234,0.35106382978723405,0.2765957446808511,6.530543658512215,20,0.2872340425531915
0.1292517006802721,0.1248396750748183,1,8SH0_A,0.2631578947368421,1.7728937331670485,0.34210526315789475,0.05263157894736842,0.47368421052631576,0.23684210526315788,4.472164009177071,3,0.7105263157894737
0.08256880733944955,0.03229665071770335,2,8SMX_G,0.0,3.898920489635671,0.2222222222222222,0.0,0.1111111111111111,0.5555555555555556,7.955658801324296,4,0.4444444444444444
0.006756756756756757,0.0008417508417508417,1,8SMY_L,0.0,,0.0,0.0,0.0,0.0,0.0,1,1.0
0.02631578947368421,0.018272425249169437,1,8SN4_M,0.0,,0.0,0.0,0.0,1.0,2.4581864080228693,1,1.0
0.03968253968253968,0.03600160901045857,1,8SOK_D,0.28,1.3386880931360103,0.44,0.08,0.4,0.2,4.328173513293714,2,0.56
0.016706443914081145,0.005724098454493417,1,8SP0_A,0.0,3.3283869403991604,0.0,0.0,0.2857142857142857,0.7142857142857143,9.121726711186712,3,0.42857142857142855
0.1956521739130435,0.09391534391534391,2,8SP1_F,0.1111111111111111,1.55638641304062,0.2777777777777778,0.0,0.2222222222222222,0.5555555555555556,4.047730782734333,1,1.0
0.05741983594332588,0.028729884534957725,3,8SRS_A,0.07792207792207792,1.4699340728442674,0.19480519480519481,0.09090909090909091,0.36363636363636365,0.2987012987012987,6.101304790637483,15,0.16883116883116883
0.23846153846153847,0.13104089219330856,2,8SSQ_A,0.16129032258064516,3.844328598475679,0.24193548387096775,0.04838709677419355,0.3064516129032258,0.5,8.574884131249807,11,0.3709677419354839
0.2777777777777778,0.15886075949367087,2,8SSS_D,0.16363636363636364,2.4283867997236794,0.2545454545454545,0.05454545454545454,0.32727272727272727,0.4727272727272727,5.872570006056886,8,0.41818181818181815
0.25252525252525254,0.1283997469955724,2,8SST_D,0.18,2.338838762501863,0.26,0.06,0.3,0.5,5.9172371515852955,9,0.4
0.03015075376884422,0.009265387160820648,1,8SUK_D,0.3333333333333333,1.5294453084101738,0.6666666666666666,0.16666666666666666,0.16666666666666666,0.16666666666666666,3.7115655989182414,2,0.6666666666666666
0.06091370558375635,0.04344919786096257,2,8SVD_E,0.16666666666666666,1.3114909068838732,0.4166666666666667,0.0,0.5,0.16666666666666666,3.155577887746416,1,1.0
0.019461077844311378,0.008954361640670132,2,8SZW_J,0.038461538461538464,1.8753324714629476,0.19230769230769232,0.07692307692307693,0.19230769230769232,0.5384615384615384,8.405334544574263,14,0.23076923076923078
0.0037537537537537537,0.0023177209077740223,2,8T00_J,0.0,4.285765063251294,0.0,0.2,0.0,0.8,16.711340443182277,4,0.4
0.0007462686567164179,9.463423866754992e-05,1,8T0L_I,0.0,,0.0,0.0,0.0,1.0,0.0,1,1.0
0.0037509377344336083,0.0025081998842369285,2,8T0L_J,0.0,11.414808502704286,0.0,0.0,0.2,0.6,17.73817306989358,2,0.6
0.06550802139037433,0.03700081499592502,2,8T3X_A,0.14285714285714285,1.1999348645331118,0.24489795918367346,0.061224489795918366,0.3469387755102041,0.22448979591836735,4.670188977318374,5,0.8367346938775511
0.10256410256410256,0.0717025671289466,6,8T9X_A,0.13636363636363635,1.6397025635711275,0.29545454545454547,0.11363636363636363,0.3409090909090909,0.20454545454545456,5.152051199730091,4,0.8409090909090909
0.208955223880597,0.125,3,8TAC_A,0.0,2.1195636709518677,0.0,0.0,0.5714285714285714,0.35714285714285715,3.9188345816016787,3,0.8571428571428571
0.09187279151943463,0.046375506528590724,2,8TCI_A,0.0,1.4974912206048636,0.15384615384615385,0.07692307692307693,0.46153846153846156,0.23076923076923078,3.513999019431536,3,0.6923076923076923
0.09448818897637795,0.07497467071935157,1,8TFD_A,0.16666666666666666,2.5282820903523953,0.3333333333333333,0.0,0.25,0.3333333333333333,5.3564670634143825,2,0.5833333333333334
0.09324009324009325,0.0878796815098791,6,8TJE_A,0.125,2.0044600552455054,0.275,0.125,0.325,0.2,5.344808616508295,4,0.825
0.05128205128205128,0.030574806359559722,2,8TKM_A,0.0625,1.9171782341168984,0.0625,0.0625,0.375,0.4375,4.92078259700385,1,1.0
0.09815950920245399,0.06858766233766234,3,8TP8_D,0.1875,3.2976710849694744,0.28125,0.09375,0.21875,0.4375,7.472452237355244,4,0.4375
0.08366533864541832,0.04879250862493839,1,8TQS_H,0.23809523809523808,1.2600257030472173,0.38095238095238093,0.047619047619047616,0.09523809523809523,0.47619047619047616,4.285622575449733,3,0.9047619047619048
0.016042780748663103,0.008036001285760206,1,8TVC_A,0.0,2.4596120228222365,0.16666666666666666,0.0,0.16666666666666666,0.3333333333333333,2.9196292416768186,2,0.8333333333333334
0.01988400994200497,0.009054954204829309,2,8TVY_B,0.125,1.6141250577029218,0.375,0.041666666666666664,0.25,0.375,7.805887670263031,12,0.20833333333333334
0.003875968992248062,0.005955334987593052,1,8TWB_1,1.0,,1.0,0.0,1.0,0.0,0.0,1,1.0
0.008823529411764706,0.0029884198729921555,1,8TWB_2,0.0,3.37565140860422,0.3333333333333333,0.0,0.0,0.3333333333333333,2.5580710356137883,1,1.0
0.012232415902140673,0.0023410066328521262,1,8TWB_3,0.0,3.132218563966236,0.25,0.0,0.25,0.25,3.165843388596317,1,1.0
0.041916167664670656,0.018176835951772014,3,8TZZ_A,0.07142857142857142,1.9143458449774133,0.19642857142857142,0.10714285714285714,0.32142857142857145,0.32142857142857145,7.141140778990349,12,0.32142857142857145
0.05211726384364821,0.023172905525846704,2,8U0O_A,0.1875,1.6193706483873518,0.375,0.0,0.25,0.25,4.420474522769923,4,0.4375
0.09937888198757763,0.06854345165238677,3,8U0P_A,0.15625,1.383291033099792,0.3125,0.09375,0.21875,0.28125,5.198980605083782,4,0.34375
0.02930728241563055,0.012192442882249561,2,8U0U_A,0.06060606060606061,2.0182771932183683,0.18181818181818182,0.09090909090909091,0.42424242424242425,0.3333333333333333,5.54443546624178,7,0.6666666666666666
0.11818181818181818,0.060498220640569395,2,8U13_G,0.0,1.866256510418397,0.23076923076923078,0.0,0.15384615384615385,0.46153846153846156,6.420986374824871,3,0.5384615384615384
0.029565217391304348,0.014872292272874232,1,8U3K_A,0.08823529411764706,1.9507347373660557,0.20588235294117646,0.11764705882352941,0.4117647058823529,0.29411764705882354,5.278291007498334,6,0.4411764705882353
0.04266467065868264,0.017172086225794667,3,8U3Y_A,0.08771929824561403,1.7062181595129657,0.24561403508771928,0.10526315789473684,0.3508771929824561,0.2631578947368421,6.851604261044235,12,0.24561403508771928
0.16260162601626016,0.1005859375,2,8U8L_B,0.05,2.1504081622382203,0.25,0.05,0.25,0.4,3.911184653509955,2,0.65
0.057971014492753624,0.03858374943259192,2,8U9L_A,0.0625,2.244146103690449,0.0625,0.0625,0.3125,0.5,4.928693626864345,1,1.0
0.23711340206185566,0.09261576971214018,2,8UBI_A,0.08695652173913043,2.577709180399006,0.2608695652173913,0.0,0.17391304347826086,0.5217391304347826,6.715247721429636,4,0.5217391304347826
0.11009174311926606,0.060714285714285714,2,8UBI_C,0.0,1.7958866457448623,0.16666666666666666,0.0,0.08333333333333333,0.6666666666666666,7.126293928867939,5,0.3333333333333333
0.16842105263157894,0.07114093959731543,2,8UBI_D,0.125,1.6970913922977133,0.25,0.0625,0.5,0.25,6.448094588479958,3,0.5625
0.015625,0.009145129224652087,1,8UH7_C,0.0,4.079080904715706,0.2,0.0,0.0,0.6,4.163320253511992,2,0.6
0.021875,0.010346199761241544,1,8UK9_C,0.0,2.5292055998014367,0.2857142857142857,0.14285714285714285,0.0,0.42857142857142855,3.3302145998955393,1,1.0
0.0043859649122807015,0.0017142857142857142,1,8UK9_F,0.0,,0.0,1.0,0.0,0.0,0.0,1,1.0
0.06395348837209303,0.028860804875862688,3,8UMF_A,0.10227272727272728,2.117051040410288,0.25,0.07954545454545454,0.3977272727272727,0.23863636363636365,6.387392241748226,12,0.2840909090909091
0.01567398119122257,0.006364359586316627,2,8UMV_B,0.0,5.779027909990365,0.2,0.2,0.0,0.6,10.187055521132908,3,0.4
0.012307692307692308,0.004631416441528367,1,8UMV_C,0.0,2.947396763371744,0.25,0.0,0.25,0.25,3.247815170186111,1,1.0
0.0060790273556231,0.003148366784730421,1,8UMV_D,0.0,,0.5,0.0,0.0,0.5,2.4222848033726114,1,1.0
0.005747126436781609,0.0032455824017309774,1,8UMV_E,0.0,,0.0,0.0,0.5,0.5,2.8215022762269837,1,1.0
0.0481283422459893,0.047238855622089154,1,8UNF_A,0.4444444444444444,1.1958385479502904,0.5555555555555556,0.0,0.2222222222222222,0.2222222222222222,4.29643436041024,4,0.3333333333333333
0.01567398119122257,0.008369868473495417,2,8UNF_B,0.0,4.9162276475977995,0.2,0.0,0.2,0.6,4.3910075528466095,2,0.6
0.10909090909090909,0.04728132387706856,2,8UPF_G,0.0,2.836801604822531,0.25,0.0,0.08333333333333333,0.5,7.634844354964056,3,0.4166666666666667
0.009259259259259259,0.004924375659514597,2,8URW_C,0.1,1.501885023574404,0.1,0.0,0.1,0.7,11.163623617040379,8,0.3
0.025806451612903226,0.009675468655513001,2,8URW_D,0.0625,1.1902541143613306,0.3125,0.0625,0.0625,0.5625,7.937389348701678,7,0.3125
0.005668016194331984,0.001374061938484304,1,8URW_Z,0.14285714285714285,1.8506380011648658,0.2857142857142857,0.14285714285714285,0.42857142857142855,0.14285714285714285,8.52551505360983,3,0.5714285714285714
0.049689440993788817,0.09720062208398134,1,8URY_AB,0.0,1.8791656436486148,0.25,0.0,0.5,0.25,3.0294856598573365,2,0.75
0.1386861313868613,0.09248014946286783,2,8UUC_A,0.07894736842105263,1.316919298512486,0.2631578947368421,0.05263157894736842,0.3157894736842105,0.2631578947368421,3.721353202853588,1,1.0
0.06787330316742081,0.038128249566724434,2,8UVK_B,0.13333333333333333,1.313290448604123,0.3333333333333333,0.0,0.3333333333333333,0.3333333333333333,3.9388468424522327,4,0.4666666666666667
0.05855855855855856,0.01739652069586083,2,8UVX_A,0.15384615384615385,1.245778407375803,0.23076923076923078,0.07692307692307693,0.38461538461538464,0.3076923076923077,3.959541871311792,5,0.46153846153846156
0.010276679841897233,0.0031672905269219693,1,8UW3_A,0.23076923076923078,2.1482758038635605,0.5384615384615384,0.15384615384615385,0.07692307692307693,0.15384615384615385,5.343181256824021,3,0.6153846153846154
0.002512562814070352,0.0010084033613445378,1,8UX1_L,0.0,,0.0,0.0,0.0,1.0,0.0,1,1.0
0.0528714676390155,0.02860120426123205,2,8V1Q_A,0.1206896551724138,1.1968140012200457,0.3103448275862069,0.05172413793103448,0.27586206896551724,0.3103448275862069,4.502639443548343,8,0.7241379310344828
0.07763975155279502,0.04606604158173665,2,8V1U_A,0.04,1.077002130497946,0.2,0.04,0.34,0.24,4.799240132032662,6,0.32
0.10077519379844961,0.0567694506840923,3,8V1V_A,0.06153846153846154,1.0762487688565048,0.2153846153846154,0.03076923076923077,0.3230769230769231,0.27692307692307694,4.538480883845082,6,0.5076923076923077
0.1341991341991342,0.09549500944159697,2,8V32_J,0.11290322580645161,2.468853944271271,0.24193548387096775,0.08064516129032258,0.2903225806451613,0.2903225806451613,6.0958498719358225,12,0.3064516129032258
0.017142857142857144,0.007688668086113083,1,8V6H_A,0.2222222222222222,1.506958956396743,0.3888888888888889,0.0,0.2222222222222222,0.3333333333333333,6.462668091917601,9,0.2222222222222222
0.0026246719160104987,0.006045179764556157,1,8V6I_D,0.0,,0.0,0.0,0.0,1.0,0.0,1,1.0
0.017804154302670624,0.008006099885627144,1,8VAL_E,0.0,3.7265193482346124,0.16666666666666666,0.0,0.3333333333333333,0.16666666666666666,4.421364783975516,2,0.8333333333333334
0.01871657754010695,0.010660247592847318,2,8VAQ_C,0.0,2.137626775768777,0.14285714285714285,0.0,0.2857142857142857,0.5714285714285714,3.6557915799542546,2,0.8571428571428571
0.0027100271002710027,0.00034904013961605586,1,8VAQ_F,0.0,,0.0,0.0,0.0,1.0,0.0,1,1.0
0.012422360248447204,0.004139715394566624,2,8VCJ_B,0.0,2.9071151549626046,0.0,0.0,0.5,0.5,4.543232669650806,2,0.8333333333333334
0.025806451612903226,0.011890606420927468,2,8VCJ_X,0.0,5.565648453166724,0.125,0.0,0.0,0.875,9.958419965583772,4,0.375
0.19008264462809918,0.125,2,8VG2_G,0.0,4.432893185218528,0.17391304347826086,0.043478260869565216,0.08695652173913043,0.6086956521739131,13.223260537841513,6,0.34782608695652173
0.14285714285714285,0.09658246656760773,2,8VLR_B,0.0,4.272923288452499,0.08333333333333333,0.0,0.25,0.5,7.803960791978602,3,0.6666666666666666
0.15053763440860216,0.08104395604395605,2,8VLR_D,0.14285714285714285,2.059975510616672,0.2857142857142857,0.0,0.5714285714285714,0.21428571428571427,6.785903409776122,2,0.7857142857142857
0.12962962962962962,0.04606060606060606,2,8VMJ_K,0.0,2.0863674279793343,0.21428571428571427,0.0,0.14285714285714285,0.5714285714285714,7.025297015334712,4,0.35714285714285715
0.10416666666666667,0.02699055330634278,2,8VMJ_S,0.2,1.5311805457536312,0.4,0.0,0.4,0.3,7.873370780375658,3,0.5
0.13580246913580246,0.06746987951807229,2,8VMS_A,0.0,2.0586572958792653,0.22727272727272727,0.0,0.36363636363636365,0.2727272727272727,4.2220309206031805,1,1.0
0.08045977011494253,0.05357142857142857,2,8VO0_M,0.14285714285714285,4.8342508423586885,0.42857142857142855,0.0,0.5714285714285714,0.14285714285714285,9.74392596424155,3,0.42857142857142855
0.0898876404494382,0.040638606676342524,2,8VO0_S,0.25,4.995968916440923,0.375,0.0,0.625,0.125,9.123848541434215,4,0.375
0.020671834625323,0.018559191741708763,2,8VXY_B,0.08333333333333333,1.868835874852895,0.08333333333333333,0.125,0.3333333333333333,0.375,4.832046262616157,3,0.75
0.0696594427244582,0.04042250660166565,2,8VZL_A,0.08888888888888889,1.1532144549048926,0.2,0.022222222222222223,0.37777777777777777,0.3111111111111111,5.306388417496355,4,0.7777777777777778
0.033846153846153845,0.017000377786173027,2,8W1P_A,0.09090909090909091,3.2450110462265362,0.18181818181818182,0.09090909090909091,0.18181818181818182,0.36363636363636365,9.087206542969415,4,0.7272727272727273
0.014192139737991267,0.00541397068532946,2,8W2Q_A,0.07692307692307693,2.692376889449493,0.07692307692307693,0.07692307692307693,0.46153846153846156,0.38461538461538464,5.875487830980624,6,0.3076923076923077
0.08,0.04936676143706384,2,8W2Q_C,0.02631578947368421,1.9765368419133993,0.13157894736842105,0.13157894736842105,0.2894736842105263,0.2894736842105263,5.76125514038564,6,0.6052631578947368
0.09961685823754789,0.0531966813079551,4,8W34_A,0.0,2.4926471960132837,0.23076923076923078,0.07692307692307693,0.3076923076923077,0.23076923076923078,4.937110865985392,6,0.7692307692307693
0.006051437216338881,0.0029548332629801602,1,8WA0_C,0.0,6.068154199077591,0.0,0.0,0.0,0.5,7.0098234509159845,2,0.75
0.01002004008016032,0.005128879537085744,2,8WA1_B,0.0,1.3941224014965814,0.2,0.0,0.1,0.4,7.804202031877083,5,0.3
0.015665796344647518,0.005994550408719346,2,8WAK_p,0.05555555555555555,1.3751968321822217,0.2222222222222222,0.1111111111111111,0.3333333333333333,0.3333333333333333,6.882757599329287,8,0.3333333333333333
0.09866666666666667,0.03320375769355361,2,8WD8_A,0.06756756756756757,1.454342341910086,0.3108108108108108,0.05405405405405406,0.2972972972972973,0.3108108108108108,4.755640013996492,11,0.6621621621621622
0.010380622837370242,0.004522937755761361,2,8WFD_E,0.16666666666666666,1.3138694686757804,0.16666666666666666,0.0,0.5,0.5,4.24244033793185,3,0.5
0.16216216216216217,0.07302709069493522,2,8WG5_C,0.0,2.1519103677765,0.2222222222222222,0.0,0.16666666666666666,0.5555555555555556,8.442343484135275,5,0.4444444444444444
0.0053475935828877,0.0006459948320413437,1,8WOH_B,0.0,,0.0,0.0,0.0,1.0,0.0,1,1.0
0.05268389662027833,0.03392922291134622,2,8WPE_A,0.1509433962264151,1.415329230493093,0.2641509433962264,0.05660377358490566,0.37735849056603776,0.32075471698113206,4.589750400626765,7,0.6415094339622641
0.013729977116704805,0.0056227157717177395,1,8WPK_B,0.0,3.6203855711321404,0.0,0.0,0.16666666666666666,0.5,3.443515019297113,1,1.0
0.0027739251040221915,0.0010005836738097224,2,8WR4_B,0.0,2.0563555491626175,0.0,0.0,0.0,1.0,18.80263780253193,4,0.25
0.04091456077015644,0.020606417427141595,2,8WRU_A,0.058823529411764705,2.1677729697633468,0.17647058823529413,0.20588235294117646,0.3235294117647059,0.3235294117647059,7.258544324878522,9,0.5
0.07446808510638298,0.039532794249775384,2,8WS5_A,0.047619047619047616,1.3577876035401426,0.09523809523809523,0.047619047619047616,0.5714285714285714,0.2857142857142857,4.949562990138833,2,0.6666666666666666
0.10658307210031348,0.05288270377733598,4,8WT9_A,0.029411764705882353,1.1388301455435486,0.29411764705882354,0.0,0.29411764705882354,0.2647058823529412,5.983807088626129,5,0.4117647058823529
0.02869757174392936,0.014561747409689163,1,8WUS_E,0.23076923076923078,1.5968951086900716,0.3076923076923077,0.15384615384615385,0.15384615384615385,0.38461538461538464,7.889672868089072,7,0.38461538461538464
0.029411764705882353,0.01032258064516129,3,8WUV_A,0.07692307692307693,1.916601104570594,0.23076923076923078,0.1282051282051282,0.2564102564102564,0.38461538461538464,8.408067587452202,13,0.23076923076923078
0.004454342984409799,0.004218260987889509,1,8WW7_E,0.0,2.809009825546375,0.25,0.0,0.25,0.25,2.660525839054079,1,1.0
0.005333333333333333,0.0006837606837606838,2,8X15_S,0.0,,0.0,0.0,0.5,0.5,3.545970134844756,2,0.5
0.0024813895781637717,0.002860775588048315,1,8X15_T,0.0,,0.0,0.0,0.0,1.0,0.0,1,1.0
0.05941704035874439,0.031206269241533725,2,8X5V_A,0.09433962264150944,1.896038651040426,0.2641509433962264,0.03773584905660377,0.32075471698113206,0.32075471698113206,7.6842590727270395,13,0.2641509433962264
0.0008673026886383347,0.0003289113035851332,1,8X6G_C,0.0,,0.0,0.0,0.0,1.0,0.0,1,1.0
0.003401360544217687,0.0014007111302661351,2,8X6G_D,0.0,3.985509574404741,0.25,0.25,0.25,0.25,14.192313942445185,3,0.5
0.09016393442622951,0.05915065722952477,2,8X6G_H,0.09090909090909091,5.336173258188863,0.18181818181818182,0.045454545454545456,0.22727272727272727,0.45454545454545453,11.961406772045702,3,0.45454545454545453
0.23469387755102042,0.10617283950617284,2,8X7I_A,0.08695652173913043,2.5233254620743333,0.30434782608695654,0.0,0.17391304347826086,0.43478260869565216,6.590741386883861,4,0.43478260869565216
0.13513513513513514,0.06745562130177515,2,8X7I_C,0.0,1.8629090510860706,0.2,0.0,0.13333333333333333,0.5333333333333333,7.1486535851777395,4,0.4
0.1111111111111111,0.06356968215158924,2,8X7J_C,0.0,2.479373703717366,0.16666666666666666,0.0,0.16666666666666666,0.5,6.56955351278017,3,0.5
0.12380952380952381,0.0660024906600249,2,8X7K_C,0.0,2.0146893234349967,0.23076923076923078,0.0,0.15384615384615385,0.46153846153846156,6.394004253100504,3,0.5384615384615384
0.0975609756097561,0.05409582689335394,2,8X7K_F,0.0,5.38592745448034,0.125,0.0,0.125,0.5,9.668875877291464,3,0.375
0.12037037037037036,0.07701564380264742,2,8X7K_G,0.0,1.5000922920246142,0.3076923076923077,0.0,0.15384615384615385,0.5384615384615384,6.978481737487891,5,0.3076923076923077
0.06387225548902195,0.03202401801351013,1,8XAK_A,0.0625,1.9461590497515682,0.21875,0.03125,0.28125,0.40625,4.650445456232318,4,0.46875
0.01763668430335097,0.005728133950209297,2,8XAW_B,0.0,4.28627015334201,0.2,0.0,0.5,0.3,5.607777410299429,4,0.5
0.06241331484049931,0.02857628848443613,1,8XHV_A,0.15555555555555556,1.832534507981462,0.4,0.022222222222222223,0.4222222222222222,0.2222222222222222,6.46330421302354,7,0.4444444444444444
0.08299319727891157,0.041029900332225915,2,8XIH_B,0.16393442622950818,1.9620412447887274,0.2459016393442623,0.03278688524590164,0.4918032786885246,0.3442622950819672,5.662544446507976,10,0.3114754098360656
0.004739336492890996,0.0035016049022468633,1,8XJ8_A,0.5,,0.5,0.0,0.0,0.5,3.393507183978892,2,0.5
0.13008130081300814,0.06276150627615062,2,8XJV_Ab,0.0,1.673787311989654,0.0625,0.0625,0.125,0.5625,7.102709801898006,5,0.625
0.2578947368421053,0.1929945054945055,2,8XJV_Aq,0.04081632653061224,1.9271792353200945,0.24489795918367346,0.02040816326530612,0.16326530612244897,0.4897959183673469,7.458991259473774,8,0.40816326530612246
0.16153846153846155,0.08779011099899092,2,8XJV_L,0.0,3.01743977782431,0.09523809523809523,0.0,0.14285714285714285,0.6190476190476191,10.881118441052536,4,0.38095238095238093
0.22330097087378642,0.135,2,8XJV_w,0.0,2.3077072476702982,0.17391304347826086,0.0,0.13043478260869565,0.4782608695652174,6.123649432477501,4,0.6956521739130435
0.04275092936802974,0.019018548955153793,1,8XK9_D,0.043478260869565216,1.7310994468980965,0.2608695652173913,0.043478260869565216,0.34782608695652173,0.34782608695652173,4.772961661347365,2,0.6086956521739131
0.009242144177449169,0.004768892149669846,2,8XMC_B,0.1,1.2945573763368774,0.3,0.0,0.2,0.5,7.947655390350067,6,0.3
0.020202020202020204,0.013236267372600927,1,8XMC_E,0.25,1.3680901854702772,0.5,0.0,0.25,0.0,2.466809457039076,1,1.0
0.014925373134328358,0.0019083969465648854,1,8XPM_W1,0.0,,0.0,0.0,0.0,1.0,0.0,1,1.0
0.060723514211886306,0.029591508523641043,3,8XRF_B,0.06382978723404255,1.070651242560673,0.19148936170212766,0.10638297872340426,0.2978723404255319,0.3191489361702128,4.529950787305818,9,0.40425531914893614
0.09177215189873418,0.06607929515418502,2,8XWC_A,0.1724137931034483,1.2589460723339945,0.3103448275862069,0.034482758620689655,0.3103448275862069,0.13793103448275862,3.3809684495534196,1,1.0
0.010064701653486701,0.00450815976918222,2,8XX4_A,0.07142857142857142,2.947300643432369,0.07142857142857142,0.0,0.5,0.42857142857142855,6.440655119640445,5,0.42857142857142855
0.014517506404782237,0.006699081577525662,2,8XX4_B,0.058823529411764705,1.1414030133097148,0.29411764705882354,0.0,0.29411764705882354,0.29411764705882354,7.138372479488203,5,0.4117647058823529
0.00975609756097561,0.006590772917914919,1,8XX4_D,0.0,,0.0,0.0,0.5,0.5,2.410231153068198,1,1.0
0.050695012264922325,0.02729827378562826,2,8Y0A_A,0.12903225806451613,2.0833318895593376,0.20967741935483872,0.04838709677419355,0.4032258064516129,0.3225806451612903,6.81298789098202,15,0.3870967741935484
0.04509493670886076,0.021925185113953263,2,8Y0B_A,0.08771929824561403,1.6212086858637689,0.21052631578947367,0.05263157894736842,0.3684210526315789,0.2807017543859649,5.957261133478831,12,0.3684210526315789
0.06273062730627306,0.0411522633744856,2,8Y3Z_A,0.0,2.0577467556343607,0.23529411764705882,0.058823529411764705,0.29411764705882354,0.29411764705882354,3.6124717230327694,2,0.7058823529411765
0.020833333333333332,0.014960971379011275,1,8Y80_E,0.4166666666666667,3.437364246550092,0.4166666666666667,0.08333333333333333,0.25,0.3333333333333333,8.079727290556576,5,0.4166666666666667
0.05275498241500586,0.024793388429752067,2,8Y9M_A,0.08888888888888889,1.789135379364828,0.2,0.044444444444444446,0.28888888888888886,0.4666666666666667,8.300044715542136,16,0.17777777777777778
0.04081632653061224,0.024597116200169637,1,8YEY_A,0.0,1.7514868567316775,0.16666666666666666,0.0,0.3333333333333333,0.16666666666666666,2.8683607567780056,1,1.0
0.14124293785310735,0.08204944464349695,3,8YJZ_D,0.1,2.0556838981363232,0.32,0.12,0.18,0.34,5.027034256910387,8,0.32
0.07023411371237458,0.032793867120954,2,8YJZ_H,0.09523809523809523,1.2426210712190398,0.2857142857142857,0.14285714285714285,0.2857142857142857,0.23809523809523808,4.739004649632102,4,0.47619047619047616
0.11180124223602485,0.07323026851098453,2,8YLG_A,0.0,1.7257832025193918,0.05555555555555555,0.05555555555555555,0.4444444444444444,0.2222222222222222,3.4193420338947758,1,1.0
0.10493827160493827,0.08108108108108109,2,8YLI_B,0.058823529411764705,2.0439192645528506,0.17647058823529413,0.058823529411764705,0.4117647058823529,0.23529411764705882,3.6411478498549266,2,0.9411764705882353
0.21518987341772153,0.1375,2,8YMZ_E,0.11764705882352941,2.2802113895645904,0.29411764705882354,0.058823529411764705,0.17647058823529413,0.47058823529411764,4.607487391921098,2,0.7058823529411765
0.019834710743801654,0.011247656738179545,2,8YON_C,0.0,2.793237528429821,0.16666666666666666,0.25,0.16666666666666666,0.3333333333333333,5.89522763927493,3,0.5833333333333334
0.0033444816053511705,0.0019029495718363464,2,8YQZ_B,0.0,2.186189183279099,0.0,0.5,0.25,0.25,6.890690255341555,3,0.5
0.10679611650485436,0.06666666666666667,2,8YV8_K,0.0,2.825080629230151,0.09090909090909091,0.0,0.45454545454545453,0.36363636363636365,4.376682788279179,3,0.5454545454545454
0.05680473372781065,0.023595023595023596,2,8YWH_A,0.125,2.3283357214278495,0.2916666666666667,0.020833333333333332,0.4583333333333333,0.22916666666666666,8.082858718168048,15,0.2708333333333333
0.04225352112676056,0.02626970227670753,1,8YXW_A,0.0,1.6423795651729611,0.16666666666666666,0.0,0.3333333333333333,0.16666666666666666,2.834245330720959,1,1.0
0.11570247933884298,0.04356636271529889,2,8YZT_C,0.14285714285714285,1.4102583839167449,0.21428571428571427,0.0,0.35714285714285715,0.42857142857142855,4.032558739076062,2,0.9285714285714286
0.021538461538461538,0.011450381679389313,1,8Z0K_A,0.0,4.762265290675267,0.0,0.14285714285714285,0.2857142857142857,0.2857142857142857,9.769575141492684,2,0.8571428571428571
0.0196078431372549,0.005053057099545225,1,8Z0K_E,0.0,2.196293580009885,0.2,0.2,0.4,0.2,3.2317414009624854,1,1.0
0.05536332179930796,0.037227214377406934,2,8Z2N_CA00,0.125,1.9551943828461782,0.25,0.1875,0.1875,0.1875,3.9357142999534394,2,0.8125
0.03496503496503497,0.026303204208512673,2,8Z79_A,0.3,1.4632623754929714,0.4,0.0,0.4,0.3,4.8410773794544415,5,0.3
0.06722689075630252,0.029672045809474232,2,8Z92_B,0.125,1.3165357202790866,0.25,0.15625,0.3125,0.1875,5.875530178370049,8,0.375
0.021479713603818614,0.006952491309385863,2,8Z96_B,0.2222222222222222,2.238818710613823,0.3333333333333333,0.0,0.2222222222222222,0.5555555555555556,6.804192672519267,6,0.3333333333333333
0.09523809523809523,0.05408163265306123,2,8ZBF_A,0.16666666666666666,1.8188311492133629,0.4166666666666667,0.0,0.25,0.4166666666666667,4.570031277284763,1,1.0
0.06795131845841786,0.03076923076923077,3,8ZDA_A,0.13432835820895522,1.49007273429248,0.2835820895522388,0.04477611940298507,0.3582089552238806,0.26865671641791045,6.606712380183221,21,0.2537313432835821
0.013651877133105802,0.009007029876977152,2,8ZIT_M,0.0,4.06250477673698,0.125,0.125,0.375,0.375,5.784137474863904,3,0.75
0.04054054054054054,0.0168834763354553,1,8ZNJ_A,0.16666666666666666,1.729118799256699,0.2777777777777778,0.0,0.3888888888888889,0.3333333333333333,5.999001561892796,4,0.6666666666666666
0.05907172995780591,0.021010505252626314,1,8ZNJ_B,0.0,2.157283701572745,0.14285714285714285,0.14285714285714285,0.21428571428571427,0.5,6.594899586914524,5,0.42857142857142855
0.034666666666666665,0.018068102849200834,1,8ZP9_H,0.07692307692307693,5.604718864996968,0.3076923076923077,0.23076923076923078,0.07692307692307693,0.23076923076923078,10.777170861493646,4,0.38461538461538464
0.054838709677419356,0.027982133473462952,2,8ZQC_A,0.058823529411764705,1.4852661408691652,0.21568627450980393,0.058823529411764705,0.37254901960784315,0.37254901960784315,7.152637438416687,17,0.39215686274509803
0.03303964757709251,0.015355603448275862,2,8ZQH_A,0.03333333333333333,2.3978225319709634,0.2,0.1,0.3,0.4,7.423956324219705,9,0.26666666666666666
0.26785714285714285,0.11798839458413926,2,9ANT_A,0.2,1.4592746402610655,0.3333333333333333,0.0,0.4,0.4,3.677337321069247,3,0.7333333333333333
0.05451127819548872,0.02871467639015497,2,9AR6_A,0.10344827586206896,2.067541724626162,0.1896551724137931,0.05172413793103448,0.3793103448275862,0.3448275862068966,7.425269364285133,13,0.3103448275862069
0.18518518518518517,0.08845437616387337,2,9B2S_E,0.08,1.4112063829163193,0.24,0.0,0.28,0.4,7.935031470403902,8,0.28
0.02127659574468085,0.009863429438543247,2,9B2T_K,0.0,1.589179501237427,0.0,0.0,0.42857142857142855,0.5714285714285714,5.319784973597326,4,0.5714285714285714
0.06493506493506493,0.03926878808395396,2,9B7Y_A,0.08,4.564118731619971,0.32,0.0,0.24,0.48,7.291535958733551,4,0.52
0.03485254691689008,0.02074272331883573,2,9B8R_E,0.1282051282051282,1.3467076175245725,0.2564102564102564,0.02564102564102564,0.3076923076923077,0.3333333333333333,4.892550664838431,8,0.5384615384615384
0.0038314176245210726,0.00049800796812749,1,9B8T_B,0.0,,0.0,0.0,0.0,1.0,0.0,1,1.0
0.025,0.011384217335058214,2,9BC5_F,0.0,7.367287345389632,0.16666666666666666,0.0,0.4166666666666667,0.25,13.686412873148582,4,0.6666666666666666
0.024444444444444446,0.013088276246170982,2,9BCU_A,0.09090909090909091,1.8246121679574638,0.3181818181818182,0.0,0.22727272727272727,0.45454545454545453,7.544197268343987,10,0.18181818181818182
0.006802721088435374,0.0017513134851138354,1,9BCU_G,0.0,,1.0,0.0,0.0,0.0,0.0,1,1.0
0.018867924528301886,0.00812536273940801,2,9BDD_A,0.0,1.8981408570389928,0.25,0.0,0.5,0.0,3.292508465893695,1,1.0
0.010869565217391304,0.0031905195989061076,2,9BDW_A,0.0,6.706392715563742,0.3333333333333333,0.0,0.3333333333333333,0.0,6.9998419461071615,3,0.3333333333333333
0.17525773195876287,0.06608478802992519,2,9BE6_A,0.11764705882352941,3.3228439884736893,0.29411764705882354,0.0,0.23529411764705882,0.47058823529411764,7.504213950750748,6,0.4117647058823529
0.08737864077669903,0.033962264150943396,2,9BE6_C,0.0,1.820244803026518,0.2222222222222222,0.0,0.1111111111111111,0.6666666666666666,6.558853052611231,4,0.3333333333333333
0.15789473684210525,0.0738255033557047,2,9BE6_D,0.13333333333333333,1.7787114040562109,0.26666666666666666,0.0,0.5333333333333333,0.26666666666666666,6.865692324741094,4,0.3333333333333333
0.10256410256410256,0.024232633279483037,2,9BE6_F,0.0,4.503763503036069,0.125,0.0,0.125,0.5,8.571262597063079,2,0.75
0.019327731092436976,0.0065625,1,9BF5_C,0.08695652173913043,2.6690269153452135,0.13043478260869565,0.13043478260869565,0.43478260869565216,0.30434782608695654,6.964327355609714,7,0.391304347826087
0.07988165680473373,0.05133008617459723,2,9BGJ_A,0.0,1.5206128660277805,0.14814814814814814,0.1111111111111111,0.4444444444444444,0.25925925925925924,4.30915313017345,2,0.8148148148148148
0.06695778748180495,0.02433351225621757,3,9BGK_E,0.17391304347826086,1.2133169807170414,0.30434782608695654,0.08695652173913043,0.41304347826086957,0.2608695652173913,6.617993715253461,16,0.1956521739130435
0.08571428571428572,0.06150426083734717,2,9BS2_A,0.13333333333333333,1.6677721644065764,0.36666666666666664,0.03333333333333333,0.3,0.1,3.7565359951782007,4,0.5333333333333333
0.05901116427432217,0.03029045643153527,2,9BS3_A,0.02702702702702703,1.27247974442948,0.16216216216216217,0.08108108108108109,0.32432432432432434,0.24324324324324326,5.211750858115384,6,0.3783783783783784
0.05741626794258373,0.027083333333333334,2,9BS4_A,0.027777777777777776,1.1803621052822846,0.19444444444444445,0.0,0.3055555555555556,0.3055555555555556,5.438853405396286,8,0.3888888888888889
0.22972972972972974,0.14067278287461774,2,9BVD_C,0.17647058823529413,1.9788428202280153,0.29411764705882354,0.0,0.29411764705882354,0.35294117647058826,4.591646722008964,1,1.0
0.026264591439688716,0.019723618090452262,2,9BYR_B,0.3333333333333333,1.1629572480208228,0.5185185185185185,0.0,0.37037037037037035,0.14814814814814814,4.709589910764206,7,0.48148148148148145
0.028708133971291867,0.006391632771644393,2,9BZ0_E,0.0,1.2676769142543998,0.16666666666666666,0.0,0.3333333333333333,0.16666666666666666,2.6153105340201326,1,1.0
0.01293103448275862,0.003852504127682994,1,9BZ0_f,0.0,6.333848983038598,0.3333333333333333,0.0,0.0,0.3333333333333333,3.5457162181331086,2,0.6666666666666666
0.02823529411764706,0.012640045963803505,1,9C0I_A,0.25,1.7685992564789341,0.3333333333333333,0.08333333333333333,0.3333333333333333,0.3333333333333333,4.651946344781343,3,0.5833333333333334
0.18875502008032127,0.13404689092762487,4,9C3U_B,0.14893617021276595,1.9644528774967427,0.23404255319148937,0.06382978723404255,0.3404255319148936,0.3191489361702128,4.516976011877169,3,0.7872340425531915
0.014285714285714285,0.0017167381974248926,1,9C4D_C,0.0,,0.0,0.0,0.5,0.5,5.913694910077311,2,0.5
0.05517241379310345,0.04415475189234651,2,9C5G_B,0.1875,1.9844574544750817,0.4375,0.0625,0.3125,0.375,5.348635898964386,5,0.5625
0.025806451612903226,0.010964912280701754,1,9C5Q_A,0.1,1.9176845449652298,0.35,0.1,0.25,0.15,5.379494698518472,5,0.4
0.05228758169934641,0.019624044618880395,2,9C9W_A,0.09375,1.2292158516672294,0.25,0.15625,0.28125,0.1875,5.622203839546277,5,0.71875
0.04411764705882353,0.021900826446280993,1,9C9Y_A,0.1111111111111111,1.5635039786611322,0.18518518518518517,0.14814814814814814,0.3333333333333333,0.25925925925925924,4.64591064736848,5,0.8148148148148148
0.042735042735042736,0.0714694110920526,1,9CB5_D,0.7,1.4843184787436283,0.7,0.0,0.6,0.1,4.046758437674995,2,0.9
0.004651162790697674,0.0031308703819661866,1,9CB5_H,0.0,,0.0,0.0,0.0,0.0,0.0,1,1.0
0.02185792349726776,0.007493188010899182,2,9CG4_E,0.0,4.183300070643943,0.25,0.0,0.25,0.5,7.0562940774853224,2,0.5
0.10526315789473684,0.058663028649386086,2,9CHN_A,0.0,2.1851948900925082,0.2,0.0,0.5,0.2,3.4286220059117283,1,1.0
0.02009646302250804,0.010114030738720872,2,9CJI_A,0.12,1.385002000094958,0.24,0.04,0.4,0.32,4.9183037151753295,7,0.6
0.2111111111111111,0.10053619302949061,2,9CK2_F,0.10526315789473684,1.7083292018201288,0.2631578947368421,0.0,0.21052631578947367,0.5789473684210527,4.172076778321655,2,0.7368421052631579
0.016339869281045753,0.007920389926888708,2,9CL7_E,0.1,1.9060749163583155,0.1,0.0,0.4,0.5,11.999505818609382,6,0.4
0.024429967426710098,0.014991896272285251,2,9CMA_A,0.13333333333333333,1.7774091780100374,0.2,0.06666666666666667,0.2,0.5333333333333333,10.531705850771532,9,0.3333333333333333
0.006309148264984227,0.0016273393002441008,1,9CP2_A,0.0,,1.0,0.0,0.0,0.0,3.5207170892040915,2,0.5
0.054878048780487805,0.039755351681957186,2,9CVT_B,0.0,2.035079940693438,0.1111111111111111,0.0,0.3333333333333333,0.5555555555555556,3.6814099571426047,3,0.7777777777777778
0.18947368421052632,0.07161458333333333,2,9D3K_A,0.1111111111111111,2.8443210272875326,0.3888888888888889,0.0,0.2222222222222222,0.3333333333333333,7.092237957905777,4,0.2777777777777778
0.13924050632911392,0.08814102564102565,2,9D3K_B,0.0,4.820191700572961,0.09090909090909091,0.0,0.2727272727272727,0.45454545454545453,7.817723551124261,2,0.7272727272727273
0.049019607843137254,0.03557312252964427,2,9D3K_C,0.0,3.512281922587303,0.4,0.0,0.0,0.4,4.032785203424953,2,0.8
0.03333333333333333,0.027220630372492838,1,9D3K_D,0.0,1.9904871078360782,0.0,0.0,0.6666666666666666,0.3333333333333333,1.820969534271325,1,1.0
0.03333333333333333,0.02575107296137339,1,9D3K_H,0.0,2.1502022970718238,0.0,0.0,0.6666666666666666,0.3333333333333333,1.851534385575447,1,1.0
0.1346153846153846,0.08280254777070063,2,9D3L_C,0.0,2.198020295495898,0.21428571428571427,0.0,0.07142857142857142,0.5714285714285714,6.96771030264075,3,0.5
0.21428571428571427,0.09559748427672957,2,9D3L_E,0.09523809523809523,2.7195351901371496,0.3333333333333333,0.0,0.23809523809523808,0.38095238095238093,6.8286843103828225,4,0.3333333333333333
0.07526881720430108,0.031506849315068496,2,9D3M_D,0.0,2.761354170185785,0.14285714285714285,0.14285714285714285,0.2857142857142857,0.42857142857142855,7.977557662993823,3,0.5714285714285714
0.14444444444444443,0.05191256830601093,2,9D3N_A,0.07692307692307693,3.112280984210538,0.3076923076923077,0.0,0.07692307692307693,0.46153846153846156,7.458933700695866,4,0.46153846153846156
0.08791208791208792,0.04316546762589928,2,9D3N_C,0.0,2.0493515389093013,0.25,0.0,0.125,0.375,4.033937154784391,2,0.5
0.033707865168539325,0.026124818577648767,2,9D3N_D,0.3333333333333333,11.048368697661735,0.3333333333333333,0.0,0.6666666666666666,0.3333333333333333,10.333793038987709,2,0.6666666666666666
0.08791208791208792,0.03784570596797671,2,9D3N_G,0.0,1.4291003275514735,0.25,0.125,0.0,0.5,3.3528476452161162,1,1.0
0.10091743119266056,0.06190476190476191,2,9D3O_C,0.0,1.994051418547674,0.2727272727272727,0.0,0.09090909090909091,0.5454545454545454,7.281154282131444,4,0.36363636363636365
0.17894736842105263,0.06266666666666666,2,9D3O_D,0.11764705882352941,1.3316550380038132,0.23529411764705882,0.058823529411764705,0.4117647058823529,0.35294117647058826,6.51366825149751,2,0.8235294117647058
0.20202020202020202,0.0736196319018405,2,9D3P_A,0.1,2.637083039039343,0.35,0.0,0.15,0.4,6.843183750415737,4,0.35
0.102803738317757,0.06463414634146342,2,9D3P_C,0.0,1.8459386956128283,0.2727272727272727,0.0,0.09090909090909091,0.5454545454545454,7.408690663511745,5,0.36363636363636365
0.12631578947368421,0.06802721088435375,2,9D3P_D,0.16666666666666666,1.9314603130224655,0.16666666666666666,0.08333333333333333,0.5833333333333334,0.25,7.1614270005901215,5,0.4166666666666667
0.13580246913580246,0.08962264150943396,2,9D3Q_B,0.0,4.703225537314861,0.09090909090909091,0.0,0.2727272727272727,0.45454545454545453,7.8636728778934755,2,0.7272727272727273
0.1368421052631579,0.07544581618655692,2,9D3Q_C,0.0,1.6445498781255814,0.23076923076923078,0.0,0.07692307692307693,0.5384615384615384,6.747427312511096,4,0.38461538461538464
0.13829787234042554,0.08082191780821918,2,9D3Q_D,0.15384615384615385,1.9864812828385308,0.3076923076923077,0.07692307692307693,0.5384615384615384,0.23076923076923078,6.669421251596619,3,0.6153846153846154
0.17708333333333334,0.07407407407407407,2,9D3Q_E,0.11764705882352941,2.6849469107910258,0.4117647058823529,0.0,0.17647058823529413,0.4117647058823529,7.262219687289674,4,0.29411764705882354
0.21649484536082475,0.08712121212121213,2,9D3R_A,0.09523809523809523,3.290747954708167,0.2857142857142857,0.0,0.19047619047619047,0.42857142857142855,6.6731309026926215,4,0.47619047619047616
0.11538461538461539,0.05309734513274336,2,9D3R_C,0.0,2.114568536011676,0.16666666666666666,0.08333333333333333,0.16666666666666666,0.4166666666666667,6.989550087476443,3,0.4166666666666667
0.14583333333333334,0.06675567423230974,2,9D3R_D,0.14285714285714285,1.3022209690086681,0.21428571428571427,0.07142857142857142,0.42857142857142855,0.35714285714285715,6.701193937716022,4,0.5
0.10476190476190476,0.05583126550868486,2,9D3S_C,0.0,2.5182277204724297,0.18181818181818182,0.0,0.09090909090909091,0.5454545454545454,6.978491242111522,3,0.45454545454545453
0.13829787234042554,0.08904109589041095,2,9D3S_D,0.15384615384615385,1.9169551008824084,0.23076923076923078,0.07692307692307693,0.5384615384615384,0.23076923076923078,7.085114917628341,4,0.38461538461538464
0.14102564102564102,0.07108239095315025,2,9D3T_B,0.0,4.787910959657105,0.09090909090909091,0.0,0.2727272727272727,0.45454545454545453,7.8901835575886325,2,0.7272727272727273
0.08737864077669903,0.054404145077720206,2,9D3T_C,0.0,1.6095821069735454,0.2222222222222222,0.0,0.0,0.6666666666666666,4.111124310893576,2,0.7777777777777778
0.13978494623655913,0.06887417218543046,2,9D3T_E,0.07692307692307693,2.790913738381743,0.46153846153846156,0.0,0.15384615384615385,0.3076923076923077,7.598984238166927,4,0.3076923076923077
0.033707865168539325,0.0072992700729927005,1,9D3T_H,0.0,2.1814468692374405,0.0,0.0,0.6666666666666666,0.3333333333333333,1.860974742805455,1,1.0
0.08088235294117647,0.03271028037383177,1,9D4S_A,0.06060606060606061,1.1514425365271694,0.36363636363636365,0.09090909090909091,0.24242424242424243,0.15151515151515152,4.434943646434765,3,0.8181818181818182
0.10191082802547771,0.05716523101018011,2,9D5L_A,0.0625,2.3544600930316566,0.25,0.0,0.3125,0.3125,5.127741989180197,3,0.5625
0.06593406593406594,0.03053282777888645,2,9D6N_B,0.09523809523809523,1.5816488841713525,0.21428571428571427,0.023809523809523808,0.4523809523809524,0.30952380952380953,4.4218987975142205,4,0.8333333333333334
0.10138248847926268,0.06105990783410138,1,9DBH_A,0.18181818181818182,1.08733580723448,0.3181818181818182,0.13636363636363635,0.13636363636363635,0.3181818181818182,3.9817310301259803,3,0.6363636363636364
0.008021390374331552,0.005192107995846314,1,9DIH_B,0.0,3.7888362973686727,0.0,0.3333333333333333,0.3333333333333333,0.3333333333333333,2.683274468766256,1,1.0
0.011312217194570135,0.003774680603948897,1,9DLS_C,0.0,3.5579302749923416,0.0,0.2,0.2,0.4,3.466771736053085,1,1.0
0.09107468123861566,0.03931203931203931,2,9DM9_A,0.1,2.350782840247474,0.3,0.08,0.22,0.3,6.65744600404571,11,0.4
0.10909090909090909,0.05511811023622047,3,9DP2_A,0.16666666666666666,1.3198277746440643,0.4,0.13333333333333333,0.26666666666666666,0.23333333333333334,3.910296381705212,1,1.0
0.10507246376811594,0.0472910927456382,3,9DP3_A,0.1724137931034483,1.3765896280369605,0.3793103448275862,0.1724137931034483,0.2413793103448276,0.2413793103448276,3.9389576905293477,1,1.0
0.10507246376811594,0.05077767612076853,3,9DP4_A,0.1724137931034483,1.3619827564314018,0.3448275862068966,0.10344827586206896,0.27586206896551724,0.27586206896551724,4.08101083768391,2,0.9310344827586207
0.05185185185185185,0.028084714548802948,2,9DQN_B,0.07142857142857142,1.227092745658071,0.35714285714285715,0.0,0.42857142857142855,0.21428571428571427,3.035770545103593,1,1.0
0.03260869565217391,0.026041666666666668,2,9E2W_Y,0.0,4.653621081427659,0.0,0.0,0.0,1.0,8.92076557540726,3,0.3333333333333333
0.008908685968819599,0.004395000686718858,2,9E5Y_A,0.125,4.57868800553588,0.375,0.125,0.0,0.5,13.29347776357945,4,0.25
0.037383177570093455,0.012694512694512694,1,9E6N_A,0.0,1.3822928872168305,0.4166666666666667,0.0,0.08333333333333333,0.3333333333333333,3.8964577572596495,4,0.75
0.015246636771300448,0.00799073537927041,2,9E88_C,0.11764705882352941,1.606816748613255,0.17647058823529413,0.058823529411764705,0.11764705882352941,0.47058823529411764,8.418103570050173,6,0.35294117647058826
0.01653543307086614,0.007862903225806451,2,9E88_D,0.09523809523809523,1.2445335051349975,0.23809523809523808,0.0,0.23809523809523808,0.47619047619047616,8.200243422765427,14,0.19047619047619047
0.020599250936329586,0.005945303210463734,1,9E8Z_C,0.09090909090909091,2.7882533106855405,0.09090909090909091,0.09090909090909091,0.5454545454545454,0.36363636363636365,8.412053700255374,5,0.36363636363636365
0.0915032679738562,0.045454545454545456,1,9E8Z_H,0.21428571428571427,1.6573229477988274,0.39285714285714285,0.07142857142857142,0.2857142857142857,0.32142857142857145,5.202900042837622,3,0.42857142857142855
0.04120267260579064,0.02127951674903899,2,9EA3_A,0.13513513513513514,1.2683392317418993,0.2702702702702703,0.05405405405405406,0.2702702702702703,0.3783783783783784,5.869236888245913,6,0.6756756756756757
0.13953488372093023,0.069164265129683,2,9EAR_B,0.0,3.259506963837511,0.08333333333333333,0.0,0.25,0.5,7.558384933548678,3,0.6666666666666666
0.013392857142857142,0.0037195994277539344,1,9ECO_A,0.0,1.9838040573009061,0.16666666666666666,0.16666666666666666,0.3333333333333333,0.16666666666666666,2.438179896603641,1,1.0
0.22916666666666666,0.10872313527180784,2,9ECP_A,0.09090909090909091,2.473581605715184,0.3181818181818182,0.0,0.18181818181818182,0.45454545454545453,6.751062740213634,4,0.45454545454545453
0.0975609756097561,0.05100463678516229,2,9ECP_B,0.0,4.2869173035307915,0.125,0.0,0.25,0.375,8.734509288323672,3,0.5
0.1559633027522936,0.06954436450839328,2,9ECP_C,0.0,1.388171915077688,0.23529411764705882,0.0,0.11764705882352941,0.5294117647058824,5.919281299515604,3,0.6470588235294118
0.1702127659574468,0.06620689655172414,2,9ECP_D,0.125,1.6964612336400253,0.25,0.0625,0.5,0.25,6.468848566968601,3,0.5625
0.2647058823529412,0.18714121699196326,2,9EFF_B,0.37037037037037035,1.5206501743350707,0.5555555555555556,0.0,0.4074074074074074,0.3333333333333333,3.64349996679222,1,1.0
0.16101694915254236,0.08742004264392324,2,9EFW_A,0.15789473684210525,1.5987903354686277,0.3684210526315789,0.0,0.2631578947368421,0.3684210526315789,4.641039045730129,5,0.631578947368421
0.015151515151515152,0.004788418708240535,2,9EH1_B,0.058823529411764705,1.6586809740402977,0.35294117647058826,0.058823529411764705,0.23529411764705882,0.23529411764705882,7.298136597363323,7,0.29411764705882354
0.014354066985645933,0.005232558139534884,2,9EH1_E,0.0,1.7140474397849832,0.0,0.0,0.6666666666666666,0.0,1.7577183151318196,1,1.0
0.016,0.0036496350364963502,1,9EH1_U,0.0,,0.5,0.0,0.5,0.0,3.7122206407981837,2,0.5
0.08785046728971962,0.05119851058878287,1,9EL5_A,0.0851063829787234,1.3358538376026599,0.2978723404255319,0.02127659574468085,0.48936170212765956,0.14893617021276595,4.882126207954726,6,0.2553191489361702
0.062169312169312166,0.03645161290322581,2,9EMI_A,0.10638297872340426,1.0749285063641516,0.2127659574468085,0.10638297872340426,0.2553191489361702,0.3191489361702128,4.770110037872985,5,0.6595744680851063
0.05067567567567568,0.03450439146800502,3,9EOA_A,0.06666666666666667,1.694629424424402,0.16666666666666666,0.06666666666666667,0.23333333333333334,0.5333333333333333,7.7687307014874225,12,0.2
0.011857707509881422,0.0035971223021582736,1,9EOA_G,0.0,1.4923624591991325,0.0,0.0,0.3333333333333333,0.3333333333333333,4.108819910532598,3,0.3333333333333333
0.1059190031152648,0.0757453666398066,3,9EWB_A,0.17647058823529413,1.344699853248968,0.29411764705882354,0.058823529411764705,0.17647058823529413,0.38235294117647056,5.151363786692892,5,0.29411764705882354
0.08201892744479496,0.05078651685393258,3,9EWC_C,0.23076923076923078,1.611879721804715,0.34615384615384615,0.038461538461538464,0.23076923076923078,0.2692307692307692,5.543930809157936,8,0.2692307692307692
0.1125,0.07464503042596349,3,9EWD_A,0.16666666666666666,1.5722501369891348,0.3333333333333333,0.027777777777777776,0.19444444444444445,0.3333333333333333,5.169331049439347,5,0.3333333333333333
0.0981012658227848,0.06517227065172271,3,9EWG_A,0.16129032258064516,1.5905281610499251,0.2903225806451613,0.0,0.22580645161290322,0.3548387096774194,5.408886499334488,5,0.3870967741935484
0.030705394190871368,0.01171875,2,9EWZ_C,0.02702702702702703,1.236536377747017,0.21621621621621623,0.05405405405405406,0.32432432432432434,0.24324324324324326,5.3650533244387315,10,0.4864864864864865
0.04302670623145401,0.02326859655551484,2,9EZ5_A,0.06896551724137931,1.206614520266533,0.13793103448275862,0.10344827586206896,0.27586206896551724,0.3448275862068966,4.071943852208442,3,0.9310344827586207
0.04633781763826607,0.02104485877792136,2,9EZ7_A,0.06451612903225806,1.0986149380253096,0.12903225806451613,0.0967741935483871,0.25806451612903225,0.3870967741935484,4.155504337878508,4,0.8709677419354839
0.047976011994003,0.02618959793434157,3,9EZD_A,0.0625,1.1418417675806538,0.125,0.09375,0.28125,0.375,4.10299544830289,4,0.875
0.02745792736935341,0.014019715224534502,1,9EZY_A,0.06451612903225806,1.863013159373801,0.1935483870967742,0.06451612903225806,0.41935483870967744,0.3225806451612903,5.555446009777845,6,0.5483870967741935
0.1141552511415525,0.060492905153099324,3,9EZY_B,0.09333333333333334,1.1821296698172816,0.25333333333333335,0.05333333333333334,0.38666666666666666,0.30666666666666664,5.473680769951284,11,0.41333333333333333
0.08196721311475409,0.05405405405405406,2,9EZZ_A,0.0,1.570363155867067,0.2,0.0,0.6,0.2,2.6140492716265906,1,1.0
0.13253012048192772,0.09818731117824774,2,9F0O_B,0.0,4.791201055731618,0.09090909090909091,0.0,0.2727272727272727,0.45454545454545453,7.853555677607781,2,0.7272727272727273
0.15454545454545454,0.10223266745005875,2,9F0O_C,0.0,1.7733920073924092,0.23529411764705882,0.0,0.11764705882352941,0.5294117647058824,6.517640812431895,3,0.5882352941176471
0.18556701030927836,0.12777053455019557,2,9F0O_D,0.1111111111111111,1.4311433088406862,0.2222222222222222,0.05555555555555555,0.4444444444444444,0.3333333333333333,6.288124096809829,2,0.8333333333333334
0.24489795918367346,0.1809169764560099,2,9F0O_E,0.08333333333333333,2.598996514757527,0.2916666666666667,0.0,0.20833333333333334,0.4166666666666667,6.514069086849712,4,0.4166666666666667
0.14166666666666666,0.060699588477366256,2,9F10_F,0.11764705882352941,1.843727796590553,0.23529411764705882,0.0,0.4117647058823529,0.35294117647058826,4.230682206894716,1,1.0
0.08284023668639054,0.0374932077522188,2,9F38_A,0.07142857142857142,1.3550290409403485,0.17857142857142858,0.17857142857142858,0.26785714285714285,0.30357142857142855,4.227532107047231,6,0.8392857142857143
0.0055248618784530384,0.008526603001364257,1,9F3T_A,0.0,,0.0,0.0,0.0,1.0,1.5124544572726768,1,1.0
0.012522361359570662,0.004616399208617278,2,9F6L_A,0.21428571428571427,1.310019159444285,0.35714285714285715,0.14285714285714285,0.14285714285714285,0.35714285714285715,7.245002331586493,9,0.14285714285714285
0.07281553398058252,0.05246720799500312,2,9F7D_A,0.2,1.6756210874998312,0.4,0.06666666666666667,0.26666666666666666,0.26666666666666666,4.69568865506709,3,0.5333333333333333
0.08780487804878048,0.05667506297229219,2,9F7G_A,0.2222222222222222,1.4673385398215304,0.3888888888888889,0.16666666666666666,0.2777777777777778,0.2222222222222222,4.191590938865899,2,0.9444444444444444
0.06763285024154589,0.042501517911353974,3,9F7L_O,0.21428571428571427,1.531947119701326,0.35714285714285715,0.07142857142857142,0.2857142857142857,0.2857142857142857,5.396614866767907,5,0.35714285714285715
0.02727272727272727,0.01382852627419992,2,9FNE_X,0.1111111111111111,1.6393783369461392,0.2222222222222222,0.1111111111111111,0.2222222222222222,0.5555555555555556,4.257431493092198,3,0.5555555555555556
0.006309148264984227,0.0029374737725556023,1,9FNE_Y,0.0,,0.5,0.0,0.5,0.0,2.168633133804466,1,1.0
0.045205479452054796,0.02553340328786289,4,9FOY_A,0.06060606060606061,1.1772665172717953,0.2727272727272727,0.06060606060606061,0.21212121212121213,0.42424242424242425,4.740907254874812,6,0.48484848484848486
0.01818181818181818,0.011207172590457892,2,9FSO_Z,0.2857142857142857,2.768230852780766,0.2857142857142857,0.0,0.14285714285714285,0.5714285714285714,5.418178963031295,3,0.5714285714285714
0.14375,0.06264323911382735,2,9FWY_A,0.13043478260869565,1.6516078280458364,0.17391304347826086,0.043478260869565216,0.30434782608695654,0.43478260869565216,4.362534556419515,5,0.43478260869565216
0.019451812555260833,0.008284546559151663,2,9FYX_B,0.0,1.3337120897470296,0.22727272727272727,0.09090909090909091,0.13636363636363635,0.45454545454545453,8.402019232759239,9,0.22727272727272727
0.13548387096774195,0.08555286521388217,2,9G19_A,0.14285714285714285,1.7547333090626784,0.19047619047619047,0.047619047619047616,0.2857142857142857,0.42857142857142855,4.660030443623966,5,0.47619047619047616
0.025362318840579712,0.01111957349581112,2,9G44_A,0.09523809523809523,1.5373928379839423,0.47619047619047616,0.0,0.14285714285714285,0.23809523809523808,5.894322240997089,10,0.38095238095238093
0.025396825396825397,0.012764260071798962,1,9G44_F,0.25,2.4659937369544105,0.25,0.25,0.25,0.125,7.689138518218004,4,0.625
0.02190580503833516,0.012935323383084577,2,9GA4_B,0.1,1.3049760969029844,0.15,0.1,0.35,0.35,6.168518077140665,8,0.25
0.04784688995215311,0.014726184997699034,2,9GBV_A,0.025,2.7095063483246813,0.225,0.0,0.225,0.525,12.16500200856937,18,0.2
0.017902813299232736,0.006654763837039441,2,9GBV_B,0.0,1.3775077375447584,0.07142857142857142,0.14285714285714285,0.14285714285714285,0.5,5.790454997560997,5,0.35714285714285715
0.008503401360544218,0.0050335570469798654,1,9GC3_C,0.2,3.6092825608191412,0.6,0.0,0.4,0.2,3.0468798222222904,1,1.0
0.030732860520094562,0.017761194029850748,2,9GDA_F,0.23076923076923078,1.9552970339026294,0.34615384615384615,0.0,0.15384615384615385,0.4230769230769231,6.31978732968643,6,0.4230769230769231
0.015060240963855422,0.009221902017291067,2,9GDR_C,0.05,1.2188912725743706,0.2,0.1,0.15,0.4,7.580789120031708,7,0.45
0.15178571428571427,0.07650862068965517,2,9GDS_H,0.11764705882352941,1.2524991532341925,0.29411764705882354,0.058823529411764705,0.4117647058823529,0.29411764705882354,3.930461231361603,2,0.8823529411764706
0.0022371364653243847,0.0008685581933989577,1,9GE5_B,0.0,,0.0,0.0,0.0,1.0,0.0,1,1.0
0.04398826979472141,0.017828489926903193,2,9GE5_G,0.06666666666666667,1.8154844865655495,0.26666666666666666,0.0,0.26666666666666666,0.4,5.444649438874539,8,0.5
0.037383177570093455,0.0625,2,9GE5_I,0.0,5.74827448179306,0.0,0.0,0.25,0.5,4.6882990211043145,2,0.75
0.19148936170212766,0.10299869621903521,2,9GE5_Q,0.05555555555555555,2.1827519519442715,0.2777777777777778,0.0,0.1111111111111111,0.5,7.314167418126025,5,0.3333333333333333
0.10869565217391304,0.0651872399445215,2,9GE5_T,0.2,2.4216438846462673,0.4,0.0,0.5,0.2,6.380814215134912,4,0.7
0.05255878284923928,0.024165507649513213,3,9GEF_A,0.05263157894736842,1.1551267464115555,0.2894736842105263,0.07894736842105263,0.21052631578947367,0.3684210526315789,4.530688982576689,5,0.5263157894736842
0.002145922746781116,0.0018756698821007502,1,9GER_L,0.0,,0.0,0.0,0.0,1.0,0.0,1,1.0
0.0022371364653243847,0.0008688097306689834,1,9GEV_B,0.0,,0.0,0.0,0.0,1.0,0.0,1,1.0
0.1935483870967742,0.10978835978835978,2,9GFM_M,0.05555555555555555,2.875970781614981,0.2777777777777778,0.0,0.16666666666666666,0.3888888888888889,6.994283888653005,4,0.3333333333333333
0.13541666666666666,0.08609271523178808,2,9GFM_P,0.15384615384615385,1.6901704800431336,0.23076923076923078,0.0,0.5384615384615384,0.38461538461538464,7.210543609207677,4,0.38461538461538464
0.2,0.10909090909090909,2,9GFM_Q,0.05,2.92007029383238,0.3,0.0,0.2,0.35,6.821900334069174,4,0.3
0.15315315315315314,0.07142857142857142,2,9GFM_S,0.0,2.1043695792389108,0.17647058823529413,0.0,0.11764705882352941,0.5882352941176471,7.017080604564854,2,0.7647058823529411
0.15053763440860216,0.08196721311475409,2,9GFM_T,0.14285714285714285,2.0093885753713594,0.21428571428571427,0.07142857142857142,0.5714285714285714,0.21428571428571427,6.7732729008154315,3,0.42857142857142855
0.06072874493927125,0.031039834454216243,2,9GM2_C,0.0,2.0180420861647117,0.13333333333333333,0.0,0.4,0.26666666666666666,4.117333175873531,3,0.7333333333333333
0.013636363636363636,0.002832058906825262,2,9GM9_C,0.0,7.193593790171564,0.16666666666666666,0.16666666666666666,0.16666666666666666,0.5,18.341073639241976,3,0.6666666666666666
0.006134969325153374,0.003293918918918919,2,9GMA_B,0.0,3.0171520784584667,0.1111111111111111,0.1111111111111111,0.4444444444444444,0.3333333333333333,5.883076511327861,3,0.6666666666666666
0.10869565217391304,0.09979633401221996,1,9GPJ_A,0.15,1.2590170899040223,0.35,0.1,0.1,0.3,3.210947113538462,1,1.0
0.037463976945244955,0.018352284061440256,2,9GS9_A,0.038461538461538464,1.6892941449207979,0.3076923076923077,0.0,0.23076923076923078,0.34615384615384615,4.1051853205650914,3,0.8076923076923077
0.031791907514450865,0.013683831472812387,1,9GS9_C,0.0,3.3309164672791147,0.2727272727272727,0.09090909090909091,0.36363636363636365,0.18181818181818182,8.536258066047704,6,0.5454545454545454
0.046296296296296294,0.02486678507992895,2,9GUJ_F,0.0,1.7726124190524553,0.4,0.0,0.3,0.3,3.69457605654379,2,0.9
0.018754688672168042,0.0065535851966075555,2,9GUR_4,0.04,1.4407703095891684,0.24,0.04,0.28,0.44,7.558209156851119,15,0.2
0.08620689655172414,0.0928652321630804,1,9GXH_A,0.5,1.9283000390074323,0.6,0.0,0.4,0.2,3.627493472421314,1,1.0
0.007905138339920948,0.003083247687564234,2,9GY0_G,0.0,,0.0,0.0,0.5,0.5,9.982697648506589,2,0.5
0.0627177700348432,0.03580067731011127,2,9H1H_C,0.2777777777777778,1.4591539597240355,0.3888888888888889,0.1111111111111111,0.2777777777777778,0.3333333333333333,4.607085848356325,4,0.6111111111111112
0.18518518518518517,0.0860091743119266,4,9H1V_A,0.2,1.900570794382295,0.3,0.05,0.4,0.3,5.208997745243945,4,0.6
0.05190311418685121,0.0325497287522604,3,9H1V_B,0.13333333333333333,1.6916609188361387,0.3333333333333333,0.06666666666666667,0.4,0.3333333333333333,6.514204572373303,4,0.4
0.011869436201780416,0.01595937613347842,1,9H2H_B,0.0,5.678114950233489,0.0,0.0,0.0,1.0,7.787182768329632,2,0.75
0.0045871559633027525,0.0006142506142506142,1,9H72_L,0.0,,0.0,0.0,1.0,0.0,0.0,1,1.0
0.02466091245376079,0.012790146849834202,2,9HGI_A,0.05,2.4448571015591853,0.2,0.0,0.35,0.5,4.9421974721330715,2,0.95
0.026119402985074626,0.008924302788844622,2,9HGJ_A,0.047619047619047616,2.4904110559254864,0.23809523809523808,0.0,0.3333333333333333,0.47619047619047616,4.89480693689184,2,0.9523809523809523
0.04591836734693878,0.020301244269810084,2,9HJO_B,0.0,1.8255548506901467,0.3333333333333333,0.0,0.1111111111111111,0.2222222222222222,3.3294102354273725,2,0.7777777777777778
0.002638522427440633,0.00034340659340659343,1,9HJU_B,0.0,,0.0,0.0,0.0,1.0,0.0,1,1.0
0.00510204081632653,0.0018286814244465833,2,9HP9_A,0.0,2.4157688294107396,0.2857142857142857,0.14285714285714285,0.14285714285714285,0.42857142857142855,11.648525276723419,4,0.5714285714285714
0.0045662100456621,0.000643915003219575,1,9HP9_O,0.0,,0.0,0.0,1.0,0.0,0.0,1,1.0
0.01904761904761905,0.011093502377179081,2,9HQX_B,0.0,1.5465630389859524,0.16666666666666666,0.08333333333333333,0.25,0.5,4.800097523558985,5,0.4166666666666667
0.036585365853658534,0.015479876160990712,2,9HQX_d,0.16666666666666666,4.441993379890292,0.16666666666666666,0.0,0.3333333333333333,0.5,8.879817730920045,4,0.3333333333333333
0.058823529411764705,0.025145067698259187,2,9HR5_C,0.043478260869565216,1.3160015369752411,0.2608695652173913,0.13043478260869565,0.43478260869565216,0.17391304347826086,4.172123898321179,3,0.782608695652174
0.12202380952380952,0.052591463414634144,2,9HU3_A,0.0,1.4651277613961422,0.17073170731707318,0.04878048780487805,0.36585365853658536,0.2926829268292683,4.648720436467092,4,0.8536585365853658
0.025728987993138937,0.014747343309477337,1,9HXG_A,0.26666666666666666,1.1833231308040084,0.4,0.06666666666666667,0.4,0.3333333333333333,4.145033440328034,6,0.3333333333333333
0.025728987993138937,0.0187018701870187,1,9HXI_A,0.26666666666666666,1.1871531388339613,0.4,0.06666666666666667,0.4,0.3333333333333333,4.14268935766183,6,0.3333333333333333
0.016227180527383367,0.009097801364670205,2,9I04_A,0.0,1.3153362867873233,0.0,0.0,0.125,0.875,7.340527415273032,7,0.25
0.015037593984962405,0.010633270321361058,2,9I04_B,0.125,1.9736879849616642,0.25,0.125,0.375,0.375,5.780506534965708,4,0.625
0.030131826741996232,0.017701203681850367,2,9I16_A,0.1875,2.131407738880444,0.375,0.0625,0.4375,0.25,5.0004037018171825,5,0.375
0.03389830508474576,0.01864526787821572,2,9I16_D,0.2222222222222222,2.7840255423086,0.5,0.0,0.4444444444444444,0.16666666666666666,5.766807608607793,5,0.5
0.003766478342749529,0.002601702932828761,1,9I22_A,0.5,,0.5,0.0,0.5,0.5,6.772618788183466,2,0.5
0.07758620689655173,0.03883909517712335,2,9I2F_A,0.2222222222222222,1.88080542192634,0.35555555555555557,0.06666666666666667,0.3333333333333333,0.28888888888888886,6.623042351925728,10,0.3111111111111111
0.10121457489878542,0.052603327965646804,2,9I5I_B,0.0,2.026053182348103,0.24,0.04,0.24,0.28,5.801901595492612,4,0.44
0.026277372262773723,0.01786039730271551,1,9IAD_A,0.2777777777777778,1.782073879206995,0.3888888888888889,0.05555555555555555,0.4444444444444444,0.16666666666666666,4.2074377549056,4,0.5
0.08041958041958042,0.03691132795927026,2,9IBQ_A,0.08695652173913043,1.8646990805992103,0.13043478260869565,0.17391304347826086,0.21739130434782608,0.391304347826087,5.158398189685179,3,0.7391304347826086
0.15476190476190477,0.09319526627218935,2,9IGX_B,0.0,3.68642207107771,0.07692307692307693,0.0,0.3076923076923077,0.46153846153846156,7.444895233272837,3,0.6923076923076923
0.13636363636363635,0.10676156583629894,2,9IGX_C,0.0,1.7720933227384672,0.26666666666666666,0.0,0.06666666666666667,0.6,7.189852328353418,4,0.4
0.016,0.014065817409766455,2,9IGX_K,0.0,2.261160831118968,0.125,0.0,0.375,0.375,5.8615893262567855,4,0.375
0.013358778625954198,0.012161135039270332,2,9IGX_L,0.2857142857142857,3.3424613903077005,0.42857142857142855,0.14285714285714285,0.2857142857142857,0.2857142857142857,6.7761487270774285,3,0.5714285714285714
0.015625,0.008977149075081611,1,9II8_A,0.35714285714285715,1.5124534376084353,0.35714285714285715,0.0,0.5,0.35714285714285715,4.284198899714816,4,0.42857142857142855
0.14035087719298245,0.11213991769547325,2,9ILL_A,0.0,2.0072353991798755,0.1875,0.0625,0.25,0.5,3.9651364893792307,2,0.9375
0.0026041666666666665,0.0016082341588935349,1,9ILZ_A,0.5,,0.5,0.0,0.5,0.0,1.5148225757816913,1,1.0
0.025985663082437275,0.017142199723884033,2,9ISN_C,0.06896551724137931,1.2077216170289702,0.1724137931034483,0.1724137931034483,0.10344827586206896,0.41379310344827586,5.7293119886949615,7,0.3793103448275862
0.11316872427983539,0.0486668392441108,2,9IU2_A,0.09090909090909091,3.099964945096534,0.23636363636363636,0.01818181818181818,0.2727272727272727,0.36363636363636365,6.636710640556284,8,0.5272727272727272
0.04838709677419355,0.037387103549674436,2,9IX4_A,0.14035087719298245,1.423404180386634,0.3157894736842105,0.05263157894736842,0.3157894736842105,0.3333333333333333,6.231302657008362,13,0.17543859649122806
0.08976157082748948,0.05318057455540356,3,9IXM_B,0.109375,1.3324953096866643,0.21875,0.0625,0.359375,0.390625,5.794911401872172,15,0.328125
0.06089309878213803,0.029153094462540715,2,9IZQ_A,0.1111111111111111,1.8012945315760602,0.24444444444444444,0.044444444444444446,0.5111111111111111,0.2222222222222222,6.7678474225172485,11,0.26666666666666666
0.078125,0.07014028056112225,1,9J89_D,0.2,2.655776867088367,0.2,0.0,0.6,0.4,2.706729100296193,1,1.0
0.1206896551724138,0.0757238307349666,1,9J8G_A,0.14285714285714285,1.4646382765995372,0.2857142857142857,0.0,0.42857142857142855,0.2857142857142857,3.3299047403741002,2,0.7142857142857143
0.13636363636363635,0.043041606886657105,2,9J8M_K,0.0,1.2329172184237815,0.3333333333333333,0.0,0.3333333333333333,0.16666666666666666,3.523338531239162,2,0.75
0.058004640371229696,0.03409090909090909,2,9JFP_A,0.08,1.4131019452539357,0.16,0.0,0.52,0.28,5.792430169375735,6,0.56
0.06442953020134229,0.041728763040238454,1,9JH7_A,0.14583333333333334,2.0334462367041124,0.4166666666666667,0.020833333333333332,0.375,0.2708333333333333,5.970417518674656,9,0.625
0.09798657718120805,0.05384360503644798,3,9JHL_A,0.1095890410958904,1.5275836070616076,0.3424657534246575,0.0547945205479452,0.3150684931506849,0.3150684931506849,4.706999973544708,7,0.726027397260274
0.006787330316742082,0.004209935447656469,1,9JNK_C,0.0,11.65605523548141,0.0,0.0,0.0,0.6666666666666666,11.85209258543985,2,0.6666666666666666
0.045454545454545456,0.015437392795883362,2,9JO8_A,0.034482758620689655,1.756424348038695,0.10344827586206896,0.13793103448275862,0.3793103448275862,0.27586206896551724,7.090622953634282,15,0.13793103448275862
0.12781954887218044,0.05702647657841141,2,9JO8_D,0.11764705882352941,1.3978527773682774,0.29411764705882354,0.058823529411764705,0.35294117647058826,0.29411764705882354,4.021017260274052,3,0.8235294117647058
0.07692307692307693,0.039898670044331855,2,9JPJ_K,0.0,1.9601061136411821,0.17647058823529413,0.0,0.35294117647058826,0.23529411764705882,3.8767827220626048,1,1.0
0.053304904051172705,0.0212194466827827,1,9JSZ_A,0.16,1.4074423176694941,0.24,0.0,0.36,0.36,6.1615519981318405,6,0.28
0.02926829268292683,0.013317191283292978,3,9JT2_B,0.0,4.027091150846886,0.08333333333333333,0.0,0.4166666666666667,0.5,16.15810150963161,6,0.3333333333333333
0.011363636363636364,0.00937207122774133,1,9JXS_D,0.6666666666666666,11.579477005840896,0.6666666666666666,0.0,0.6666666666666666,0.3333333333333333,5.764710176567291,2,0.6666666666666666
0.04242424242424243,0.014792899408284023,1,9JXS_E,0.14285714285714285,2.45129967355568,0.14285714285714285,0.0,0.14285714285714285,0.7142857142857143,9.705900303208994,4,0.42857142857142855
0.22321428571428573,0.10810810810810811,2,9JZT_A,0.16,1.593278032847395,0.24,0.0,0.4,0.4,4.836446911824086,2,0.72
0.009569377990430622,0.0035169988276670576,1,9K11_E,0.0,,0.0,0.0,0.0,1.0,4.4966121932961665,2,0.5
0.09686221009549795,0.05138607167004733,2,9K32_A,0.15492957746478872,1.5408529347939013,0.2676056338028169,0.07042253521126761,0.22535211267605634,0.38028169014084506,5.858457740613813,17,0.30985915492957744
0.024434389140271493,0.011446886446886446,2,9K39_B,0.037037037037037035,1.5706109758387605,0.18518518518518517,0.07407407407407407,0.2222222222222222,0.4444444444444444,8.038594777335662,10,0.2962962962962963
0.03271028037383177,0.01440329218106996,5,9K3N_B,0.14285714285714285,2.2253808448316637,0.21428571428571427,0.07142857142857142,0.35714285714285715,0.35714285714285715,9.782962648605459,7,0.2857142857142857
0.026402640264026403,0.012900540990428632,2,9K3U_P,0.0,2.2118803564329186,0.25,0.0,0.125,0.625,3.558424964301271,2,0.875
0.030708661417322834,0.012131053586780018,3,9K6I_A,0.1282051282051282,1.9342420189656895,0.46153846153846156,0.05128205128205128,0.15384615384615385,0.28205128205128205,6.529068463958506,15,0.20512820512820512
0.03880597014925373,0.014134275618374558,2,9K9S_A,0.1794871794871795,1.4524959070351575,0.28205128205128205,0.07692307692307693,0.358974358974359,0.3333333333333333,5.755959196623435,13,0.2564102564102564
0.06880733944954129,0.03496897913141568,1,9K9S_B,0.13333333333333333,1.3365843322274413,0.2,0.06666666666666667,0.3333333333333333,0.3333333333333333,3.6005341288096138,3,0.4666666666666667
0.002403846153846154,0.0005901445854234287,1,9K9T_C,0.0,,0.0,0.0,1.0,0.0,0.0,1,1.0
0.07006369426751592,0.06919831223628692,1,9KCQ_A,0.2727272727272727,1.5431235302171658,0.5454545454545454,0.0,0.18181818181818182,0.36363636363636365,4.2764200841232425,3,0.5454545454545454
0.0070126227208976155,0.002495321272613849,2,9KDQ_A,0.0,1.3494218198205785,0.1,0.0,0.3,0.6,9.60236427033175,7,0.2
0.05103448275862069,0.02363984008343473,2,9KGT_A,0.05405405405405406,1.2651257652813201,0.32432432432432434,0.10810810810810811,0.21621621621621623,0.2972972972972973,4.738795687224108,6,0.5135135135135135
0.25,0.13237410071942446,2,9KH2_A,0.19047619047619047,1.5392965131230432,0.19047619047619047,0.0,0.47619047619047616,0.38095238095238093,4.756079298654618,2,0.7142857142857143
0.02297872340425532,0.013891812250052621,1,9KHZ_A,0.07407407407407407,2.252398788674239,0.18518518518518517,0.07407407407407407,0.48148148148148145,0.25925925925925924,5.873856736647407,5,0.4444444444444444
0.02811550151975684,0.013917525773195877,2,9KJ6_A,0.08108108108108109,1.7737748957092543,0.21621621621621623,0.10810810810810811,0.32432432432432434,0.35135135135135137,7.71828724569713,12,0.5135135135135135
0.07467532467532467,0.034775576223210675,1,9KK2_A,0.2608695652173913,1.9714373817445787,0.43478260869565216,0.043478260869565216,0.30434782608695654,0.30434782608695654,5.37455731088172,5,0.6086956521739131
0.07028753993610223,0.04114713216957606,2,9KL8_A,0.09090909090909091,1.1958955206820374,0.2727272727272727,0.0,0.3181818181818182,0.18181818181818182,3.8829677752066942,5,0.8181818181818182
0.0659025787965616,0.025156653151492812,2,9KLO_A,0.15217391304347827,2.234693157493344,0.2826086956521739,0.06521739130434782,0.3695652173913043,0.22826086956521738,7.595864882678297,21,0.2717391304347826
0.04607046070460705,0.020802377414561663,1,9KQH_A,0.14705882352941177,1.9900482103545165,0.38235294117647056,0.058823529411764705,0.23529411764705882,0.23529411764705882,5.253377393206103,9,0.29411764705882354
0.1044776119402985,0.06903553299492386,2,9KY4_D,0.14285714285714285,1.3485706816324148,0.35714285714285715,0.0,0.35714285714285715,0.35714285714285715,4.362066704086921,4,0.7142857142857143
0.12643678160919541,0.04261363636363636,2,9L06_B,0.0,1.7352003470406179,0.18181818181818182,0.0,0.09090909090909091,0.5454545454545454,8.812573839566644,3,0.5454545454545454
0.012686567164179104,0.013636363636363636,2,9L0X_C,0.11764705882352941,1.242301127525367,0.17647058823529413,0.23529411764705882,0.0,0.47058823529411764,6.806669749655268,6,0.4117647058823529
0.007751937984496124,0.006517690875232775,1,9L0X_J,1.0,,1.0,0.0,1.0,0.0,0.0,1,1.0
0.05632183908045977,0.030333670374115267,2,9L12_E,0.061224489795918366,2.055151282364607,0.24489795918367346,0.12244897959183673,0.22448979591836735,0.3469387755102041,7.428517105600377,13,0.24489795918367346
0.12037037037037036,0.04311377245508982,2,9L1X_C,0.0,1.6235486191303146,0.23076923076923078,0.0,0.07692307692307693,0.6153846153846154,6.927973361425908,5,0.3076923076923077
0.0297029702970297,0.017226148409893994,2,9L55_B,0.0,1.8184973142180862,0.2222222222222222,0.2222222222222222,0.1111111111111111,0.2222222222222222,4.065154290517772,3,0.7777777777777778
0.0851063829787234,0.041501976284584984,1,9L87_B,0.0625,1.5927641903925984,0.25,0.0625,0.1875,0.375,4.191060940165788,3,0.5
0.1,0.04136690647482014,1,9L8C_B,0.13636363636363635,1.9686914096595618,0.4090909090909091,0.13636363636363635,0.2727272727272727,0.22727272727272727,4.138113680232783,1,1.0
0.09375,0.058445353594389245,1,9L8D_A,0.14285714285714285,1.7695653054080696,0.47619047619047616,0.047619047619047616,0.38095238095238093,0.19047619047619047,3.8122385304347355,2,0.5238095238095238
0.03773584905660377,0.04133545310015898,2,9L8E_A,0.3333333333333333,3.4118730335537113,0.3333333333333333,0.16666666666666666,0.16666666666666666,0.3333333333333333,3.3005651943176533,1,1.0
0.0486815415821501,0.03121114150708779,2,9L8U_A,0.10416666666666667,1.4309398921220127,0.20833333333333334,0.0625,0.22916666666666666,0.3958333333333333,4.940842212242388,7,0.3125
0.03525046382189239,0.017436594202898552,2,9L9S_B,0.15789473684210525,1.5726335265517735,0.3684210526315789,0.10526315789473684,0.3684210526315789,0.2631578947368421,4.777900789111773,8,0.2631578947368421
0.09090909090909091,0.04145077720207254,2,9LC2_B,0.0,1.1226320727890986,0.06666666666666667,0.06666666666666667,0.2,0.6666666666666666,4.957516689776397,6,0.4
0.045454545454545456,0.0680672268907563,2,9LCW_B,0.42857142857142855,1.5630784683995198,0.5714285714285714,0.14285714285714285,0.2857142857142857,0.0,4.345284005407184,3,0.7142857142857143
0.07377049180327869,0.027477763659466328,2,9LCX_A,0.047619047619047616,3.49916243301531,0.15873015873015872,0.07936507936507936,0.4603174603174603,0.12698412698412698,7.662477202997333,8,0.6031746031746031
0.09232613908872901,0.04022146230255658,2,9LCZ_A,0.03896103896103896,3.3568802794837307,0.12987012987012986,0.06493506493506493,0.38961038961038963,0.18181818181818182,7.158128702522129,6,0.6753246753246753
0.09339975093399751,0.041973616583861575,2,9LD1_A,0.04,3.0623826687217885,0.10666666666666667,0.06666666666666667,0.37333333333333335,0.18666666666666668,6.5775133240387635,3,0.76
0.0449438202247191,0.040627227369921595,1,9LDA_A,0.125,1.1098396186360149,0.125,0.0,0.25,0.75,4.182702026931126,4,0.625
0.07262569832402235,0.04178272980501393,1,9LDF_A,0.07692307692307693,1.5336492169229399,0.23076923076923078,0.0,0.15384615384615385,0.6923076923076923,4.0502044857936115,5,0.6153846153846154
0.039,0.017468895312303633,2,9LEB_A,0.1282051282051282,1.245639589956839,0.1794871794871795,0.07692307692307693,0.358974358974359,0.38461538461538464,4.922589758887483,8,0.48717948717948717
0.006060606060606061,0.0012550200803212851,1,9LIQ_A,0.0,5.925186887840844,0.3333333333333333,0.0,0.3333333333333333,0.3333333333333333,8.700509607241578,2,0.6666666666666666
0.22448979591836735,0.12359550561797752,2,9LJ2_A,0.09090909090909091,2.9303378020953295,0.2727272727272727,0.0,0.22727272727272727,0.4090909090909091,6.986174268918947,4,0.4090909090909091
0.14018691588785046,0.059186189889025895,2,9LJ2_C,0.0,1.7967077840265853,0.26666666666666666,0.0,0.13333333333333333,0.6,7.020614613980636,3,0.4
0.03357314148681055,0.01888985759953502,1,9LJE_A,0.2857142857142857,1.794097854144583,0.35714285714285715,0.14285714285714285,0.2857142857142857,0.2857142857142857,4.562690269134491,4,0.5
0.09574468085106383,0.06622516556291391,1,9LK0_A,0.1111111111111111,2.5165538574305772,0.4444444444444444,0.05555555555555555,0.3333333333333333,0.2222222222222222,4.403538264990456,2,0.6666666666666666
0.07909604519774012,0.039889958734525444,2,9LLQ_B,0.14285714285714285,1.7786461438865189,0.35714285714285715,0.0,0.5,0.21428571428571427,3.602013566577142,1,1.0
0.04288164665523156,0.023617021276595745,2,9LM3_A,0.24,1.53081180416209,0.36,0.28,0.2,0.24,5.231531358907623,5,0.64
0.0718232044198895,0.03813415049370106,2,9LNJ_A,0.038461538461538464,1.9930987533422866,0.2692307692307692,0.038461538461538464,0.2692307692307692,0.34615384615384615,4.48967078333954,4,0.6153846153846154
0.08035714285714286,0.04261206419479801,2,9LNP_E,0.1111111111111111,1.283095641718731,0.2777777777777778,0.05555555555555555,0.3888888888888889,0.16666666666666666,3.174709160611889,1,1.0
0.09417040358744394,0.058333333333333334,2,9LNQ_E,0.14285714285714285,1.2666604424174421,0.23809523809523808,0.047619047619047616,0.42857142857142855,0.14285714285714285,3.084743379815628,1,1.0
0.0945945945945946,0.04648074369189907,2,9LP9_A,0.2571428571428571,1.5807991579193499,0.4,0.14285714285714285,0.4,0.2,5.841232889259134,10,0.37142857142857144
0.040776699029126215,0.019426676143094054,2,9LTM_A,0.14285714285714285,1.624431551440642,0.38095238095238093,0.14285714285714285,0.38095238095238093,0.19047619047619047,4.511812702759364,7,0.2857142857142857
0.2542372881355932,0.14951456310679612,2,9LYV_A,0.2,2.40590010716937,0.26666666666666666,0.0,0.3333333333333333,0.4666666666666667,4.057245475312363,3,0.5333333333333333
0.14754098360655737,0.10956175298804781,2,9M0K_A,0.2222222222222222,3.3375479334882314,0.2222222222222222,0.0,0.3333333333333333,0.5555555555555556,3.4641448037011697,2,0.8888888888888888
0.02517162471395881,0.01675485008818342,2,9M74_A,0.0,3.8246480306034627,0.09090909090909091,0.18181818181818182,0.09090909090909091,0.6363636363636364,4.829305880071062,2,0.7272727272727273
0.05217391304347826,0.05537459283387622,2,9M7T_A,0.0,1.168638566281338,0.16666666666666666,0.0,0.6666666666666666,0.16666666666666666,3.9941494751889866,2,0.6666666666666666
0.14903846153846154,0.09183098591549296,2,9M7Y_F,0.22580645161290322,5.26911143934563,0.22580645161290322,0.03225806451612903,0.45161290322580644,0.3870967741935484,10.565756562798997,6,0.5483870967741935
0.018699910952804988,0.01572769953051643,2,9M98_C,0.09523809523809523,1.582060968231228,0.23809523809523808,0.09523809523809523,0.09523809523809523,0.47619047619047616,8.254261311035217,11,0.19047619047619047
0.013492063492063493,0.006244241989968267,2,9M98_D,0.058823529411764705,1.2736717331441958,0.17647058823529413,0.058823529411764705,0.17647058823529413,0.5294117647058824,8.521568497966667,11,0.29411764705882354
0.012578616352201259,0.02025931928687196,1,9M98_M,0.5,,0.5,0.0,0.5,0.0,4.062664376221951,2,0.5
0.011904761904761904,0.004913501893745522,2,9M9D_D,0.13333333333333333,1.3932096105787923,0.3333333333333333,0.06666666666666667,0.2,0.5333333333333333,9.25311588575217,12,0.13333333333333333
0.012578616352201259,0.022690437601296597,1,9M9D_M,0.5,,0.5,0.0,0.5,0.0,3.9808572298570915,2,0.5
0.061452513966480445,0.06105834464043419,1,9MJ5_C,0.45454545454545453,1.356440404593084,0.45454545454545453,0.0,0.45454545454545453,0.36363636363636365,5.646769015761237,4,0.36363636363636365
0.019473081328751432,0.00684931506849315,1,9MJ5_S,0.17647058823529413,2.4936188715138505,0.29411764705882354,0.0,0.35294117647058826,0.35294117647058826,8.046626182390382,10,0.17647058823529413
0.04864864864864865,0.02538705644773536,2,9MK3_E,0.09523809523809523,2.4437914855446867,0.19047619047619047,0.047619047619047616,0.4126984126984127,0.2698412698412698,6.873826735831915,10,0.20634920634920634
0.02037617554858934,0.008343604816535507,2,9MKX_A,0.07692307692307693,1.2732723247725373,0.15384615384615385,0.15384615384615385,0.38461538461538464,0.15384615384615385,6.6281813256018705,10,0.34615384615384615
0.10810810810810811,0.053465346534653464,1,9MRD_A,0.1,1.91911919083623,0.35,0.05,0.3,0.2,3.6695571733713237,2,0.55
0.008097165991902834,0.00202122283981809,1,9MSF_A,0.0,,0.0,0.0,0.5,0.5,3.783087696098738,2,0.5
0.06153846153846154,0.0333425951653237,2,9MSG_M,0.07142857142857142,4.525124275460166,0.21428571428571427,0.07142857142857142,0.4642857142857143,0.2857142857142857,7.017861427521315,8,0.32142857142857145
0.014577259475218658,0.006474617622220137,2,9MSJ_J,0.05,1.5875056196182753,0.2,0.1,0.2,0.5,10.140381341917667,12,0.15
0.14678899082568808,0.09513274336283185,2,9MU2_P,0.25,1.5000583506366523,0.5,0.0,0.375,0.125,3.453249120498953,2,0.625
0.23,0.09179926560587515,2,9MU4_a,0.08695652173913043,2.8264711726812943,0.2608695652173913,0.0,0.17391304347826086,0.4782608695652174,6.549139539448612,5,0.43478260869565216
0.10377358490566038,0.05541871921182266,2,9MU4_c,0.0,2.0839447875284405,0.18181818181818182,0.0,0.09090909090909091,0.7272727272727273,7.091034778281533,3,0.5454545454545454
0.16494845360824742,0.06241699867197875,2,9MU4_d,0.125,1.7518548793947253,0.25,0.0625,0.4375,0.3125,6.463030028906329,3,0.4375
0.20652173913043478,0.1268357810413885,2,9MU5_a,0.05263157894736842,2.4051791944164527,0.3157894736842105,0.0,0.10526315789473684,0.47368421052631576,6.757399893360671,4,0.3157894736842105
0.15,0.10188087774294671,2,9MU5_b,0.0,4.885704464319764,0.08333333333333333,0.0,0.25,0.5,7.417255056543266,2,0.75
0.1523809523809524,0.0958904109589041,2,9MU5_g,0.0,2.077677218645445,0.1875,0.0625,0.125,0.5,6.602310771847474,2,0.8125
0.015646258503401362,0.007735946364105209,2,9MU8_A,0.08695652173913043,1.4250319465673031,0.17391304347826086,0.08695652173913043,0.21739130434782608,0.5217391304347826,7.030315867755257,10,0.30434782608695654
0.010309278350515464,0.003240790752943718,1,9MU8_B,0.08333333333333333,1.8182497659767838,0.4166666666666667,0.0,0.25,0.3333333333333333,8.486853097789481,8,0.25
0.03333333333333333,0.006997084548104956,2,9MU8_E,0.0,1.2831822182899035,0.14285714285714285,0.0,0.2857142857142857,0.2857142857142857,2.9062442910524964,1,1.0
0.05370101596516691,0.03208556149732621,2,9MVY_D,0.10810810810810811,1.5441347479618124,0.1891891891891892,0.08108108108108109,0.3783783783783784,0.2702702702702703,3.948335627266326,4,0.7297297297297297
0.038821954484605084,0.01749223475559915,1,9MYE_A,0.20689655172413793,1.670964116387782,0.3448275862068966,0.0,0.41379310344827586,0.1724137931034483,5.741874725777931,4,0.6896551724137931
0.02099737532808399,0.010228166797797011,2,9N07_A,0.08333333333333333,1.6300632782446751,0.125,0.08333333333333333,0.25,0.4166666666666667,6.2373357945666426,9,0.4166666666666667
0.012715033657442034,0.004816027740319784,2,9N07_J,0.058823529411764705,1.4918268947438071,0.23529411764705882,0.11764705882352941,0.17647058823529413,0.5294117647058824,9.029100423917,12,0.11764705882352941
0.12033195020746888,0.10640550555849657,2,9N3Y_A,0.1724137931034483,2.0816440768501785,0.2413793103448276,0.06896551724137931,0.41379310344827586,0.3103448275862069,5.244877745129501,5,0.3793103448275862
0.03636363636363636,0.0163265306122449,2,9N3Z_B,0.0,4.331070019624204,0.375,0.0,0.125,0.25,4.678612214942856,2,0.625
0.03293413173652695,0.027855153203342618,1,9N3Z_D,0.18181818181818182,2.942255744641253,0.2727272727272727,0.0,0.18181818181818182,0.36363636363636365,7.571365708907004,3,0.7272727272727273
0.04310344827586207,0.03028603477285474,1,9N3Z_H,0.1,2.3847779365643156,0.3,0.2,0.3,0.2,4.903980499938651,2,0.7
0.009523809523809525,0.0025451768897938407,1,9N6B_A,0.0,1.9633226555767325,0.4,0.0,0.2,0.4,4.130721515402466,2,0.8
0.06818181818181818,0.021303258145363407,1,9N6C_E,0.2857142857142857,1.4556149276079196,0.42857142857142855,0.047619047619047616,0.3333333333333333,0.3333333333333333,5.5556061143434246,7,0.6190476190476191
0.20408163265306123,0.09801488833746898,2,9N6H_A,0.1,2.7447373574295963,0.3,0.0,0.2,0.4,7.073867270271756,4,0.3
0.125,0.07977207977207977,2,9N6H_B,0.0,2.8802747575293375,0.09090909090909091,0.0,0.18181818181818182,0.5454545454545454,8.421789634002758,3,0.6363636363636364
0.14893617021276595,0.057455540355677154,2,9N6H_D,0.14285714285714285,2.0476727698986776,0.2857142857142857,0.0,0.5714285714285714,0.21428571428571427,6.868979040758097,3,0.5
0.04481434058898848,0.021107322617308005,2,9N6H_K,0.05714285714285714,1.6495397500106028,0.2857142857142857,0.05714285714285714,0.2571428571428571,0.37142857142857144,5.787538679693011,10,0.2857142857142857
0.2,0.08823529411764706,2,9N6I_A,0.1,2.73417275490047,0.35,0.0,0.2,0.4,7.07921334539485,4,0.35
0.05196304849884527,0.01983043540738612,4,9N83_F,0.1111111111111111,1.0614951660376108,0.2222222222222222,0.044444444444444446,0.35555555555555557,0.35555555555555557,5.004408901579383,10,0.3111111111111111
0.09041095890410959,0.05702917771883289,2,9N9Q_A,0.15151515151515152,1.7918498934061902,0.2727272727272727,0.06060606060606061,0.45454545454545453,0.36363636363636365,6.415818897334491,7,0.30303030303030304
0.09195402298850575,0.055479138010087116,2,9N9Q_C,0.25,1.5317475751555114,0.3333333333333333,0.08333333333333333,0.4166666666666667,0.2916666666666667,9.3755040417134,6,0.375
0.014184397163120567,0.005073617190608834,2,9N9Q_F,0.05555555555555555,1.194804843652309,0.16666666666666666,0.0,0.3888888888888889,0.3333333333333333,9.650804074965723,10,0.2777777777777778
0.014664804469273743,0.005076594228713929,2,9N9Q_G,0.047619047619047616,1.7139068236253265,0.19047619047619047,0.047619047619047616,0.19047619047619047,0.5714285714285714,9.377768951575414,15,0.09523809523809523
0.02982456140350877,0.01585589472548808,2,9NE6_A,0.08823529411764706,1.8649043295915964,0.23529411764705882,0.11764705882352941,0.08823529411764706,0.4117647058823529,5.774988442125144,9,0.4411764705882353
0.018229166666666668,0.008754136863456816,2,9NE9_A,0.09523809523809523,2.0505845340667688,0.19047619047619047,0.047619047619047616,0.2857142857142857,0.42857142857142855,6.910643688101193,7,0.5714285714285714
0.0025252525252525255,0.0015499070055796653,1,9NFX_C,1.0,,1.0,0.0,0.0,0.0,0.0,1,1.0
0.09970674486803519,0.043112897332846185,2,9NKD_A,0.0,1.1644969803424445,0.29411764705882354,0.058823529411764705,0.17647058823529413,0.20588235294117646,4.824623013253069,7,0.2647058823529412
0.10557184750733138,0.0464011691633175,2,9NKE_A,0.05555555555555555,1.3246390934698458,0.3055555555555556,0.08333333333333333,0.2222222222222222,0.25,4.944964030617957,7,0.5833333333333334
0.0939476061427281,0.05985995030494692,3,9NL2_A,0.09615384615384616,2.8381181526239443,0.19230769230769232,0.0673076923076923,0.33653846153846156,0.375,8.263207742739626,17,0.2403846153846154
0.09545875810936053,0.06054303870595032,3,9NL3_A,0.0970873786407767,2.6671907493928844,0.23300970873786409,0.04854368932038835,0.33980582524271846,0.36893203883495146,8.483777331775473,21,0.18446601941747573
0.027603513174404015,0.012925598991172762,1,9NN2_A,0.09090909090909091,2.130509528204459,0.22727272727272727,0.0,0.4090909090909091,0.3181818181818182,4.797732339601515,7,0.36363636363636365
0.01090909090909091,0.003416856492027335,1,9NNB_C,0.0,2.8335726942544057,0.0,0.0,0.16666666666666666,0.8333333333333334,6.423604894182996,4,0.3333333333333333
0.06109324758842444,0.028388644542183126,2,9NNH_A,0.21052631578947367,1.265452502973259,0.47368421052631576,0.10526315789473684,0.2631578947368421,0.21052631578947367,5.480211139009187,4,0.3684210526315789
0.00909090909090909,0.008200455580865604,1,9NNH_C,0.0,2.0337383198115537,0.0,0.0,0.2,0.8,5.12560619152826,3,0.4
0.013422818791946308,0.005046257359125316,2,9NUX_A,0.125,1.884790738504378,0.5,0.0,0.125,0.375,4.4063238107595755,3,0.75
0.12769485903814262,0.05975685143210385,2,9NVU_P,0.15584415584415584,1.2324948580199164,0.2597402597402597,0.06493506493506493,0.3246753246753247,0.2987012987012987,5.718302665669666,13,0.3246753246753247
0.06666666666666667,0.04408895825204838,2,9NY8_A,0.09090909090909091,1.677948683098999,0.4090909090909091,0.0,0.45454545454545453,0.13636363636363635,3.666933289878177,1,1.0
0.09953343701399689,0.051571810149989725,3,9NYS_A,0.078125,1.1116407382872875,0.21875,0.015625,0.328125,0.296875,4.501397155171608,7,0.5
0.05993690851735016,0.03650220617729643,3,9NZ9_A,0.15789473684210525,1.1482193054053103,0.3157894736842105,0.05263157894736842,0.3684210526315789,0.15789473684210525,3.2809943197974154,1,1.0
0.11165048543689321,0.07266009852216748,2,9NZC_A,0.13043478260869565,1.3269897587200874,0.34782608695652173,0.08695652173913043,0.30434782608695654,0.21739130434782608,3.764669699698843,3,0.782608695652174
0.14563106796116504,0.09932556713672594,2,9NZD_A,0.1,1.5137076635726272,0.26666666666666666,0.06666666666666667,0.3,0.3,3.760665977575171,4,0.8333333333333334
0.06382978723404255,0.026284701712935617,2,9NZT_A,0.14814814814814814,1.8594732563491132,0.25925925925925924,0.1111111111111111,0.4074074074074074,0.37037037037037035,6.697356621139033,5,0.5555555555555556
0.16161616161616163,0.12229299363057325,2,9O01_A,0.09375,1.3301042396831437,0.28125,0.0625,0.25,0.375,3.5077431427162726,2,0.9375
0.15228426395939088,0.12903225806451613,2,9O02_A,0.1,1.560894706349114,0.3,0.1,0.26666666666666666,0.3,3.4616515523808964,2,0.9666666666666667
0.024752475247524754,0.008038925322614767,2,9O0G_B,0.0,6.25100096179617,0.13333333333333333,0.0,0.2,0.6,10.358368260059502,7,0.3333333333333333
0.1,0.045172413793103446,3,9O0G_C,0.05555555555555555,1.533263171521719,0.1388888888888889,0.1111111111111111,0.2777777777777778,0.3888888888888889,4.748047041117476,12,0.3333333333333333
0.06128133704735376,0.030418250950570342,2,9O8P_A,0.0,1.7780426853743228,0.13636363636363635,0.09090909090909091,0.22727272727272727,0.4090909090909091,5.353628550263584,8,0.3181818181818182
0.007334963325183374,0.0009082652134423251,1,9OAC_Ac,0.0,3.6155615090070077,0.0,0.0,0.3333333333333333,0.0,2.0127501373760337,1,1.0
0.02054794520547945,0.0034453057708871662,2,9OAC_Bc,0.0,1.7080844175417005,0.3333333333333333,0.3333333333333333,0.0,0.3333333333333333,1.7569533930254613,1,1.0
0.0273972602739726,0.008403361344537815,2,9OAC_Ca,0.0,,0.5,0.0,0.0,0.5,4.686693776240216,2,0.5
0.004728132387706856,0.001216915120170368,1,9OAD_Da,0.0,,0.0,0.0,0.5,0.5,3.1008063096990757,1,1.0
0.004728132387706856,0.0009124087591240876,1,9OAE_Da,0.0,,0.0,0.0,0.5,0.5,3.11485353960948,1,1.0
0.06324110671936758,0.03253726558743388,2,9OAT_A,0.14583333333333334,1.3680709539989975,0.25,0.0625,0.3333333333333333,0.25,5.246144606853077,7,0.3125
0.06184210526315789,0.032863097146521324,2,9OAU_A,0.1276595744680851,1.310346623218722,0.23404255319148937,0.0425531914893617,0.2978723404255319,0.2978723404255319,5.187548691356359,7,0.2978723404255319
0.061923583662714096,0.03482587064676617,2,9OAV_A,0.1276595744680851,1.2634630392005852,0.23404255319148937,0.0425531914893617,0.3191489361702128,0.23404255319148937,5.219425296927119,7,0.3617021276595745
0.060526315789473685,0.03107480378023386,2,9OAW_A,0.15217391304347827,1.33625743464465,0.2391304347826087,0.043478260869565216,0.34782608695652173,0.2608695652173913,5.161361244977065,6,0.32608695652173914
0.07764390896921017,0.038825448613376834,2,9OAX_A,0.15517241379310345,1.7268571034859403,0.29310344827586204,0.08620689655172414,0.25862068965517243,0.25862068965517243,5.24952861988656,8,0.43103448275862066
0.072,0.039563660045587756,2,9OAY_A,0.16666666666666666,1.5888085903557614,0.25925925925925924,0.05555555555555555,0.3333333333333333,0.2777777777777778,5.476468403669494,10,0.25925925925925924
0.006211180124223602,0.0011787819253438114,2,9OKD_N,0.0,,0.5,0.0,0.0,0.5,8.539468368996404,2,0.5
0.040339702760084924,0.019764957264957264,1,9OM4_B,0.15789473684210525,1.2859756891673815,0.21052631578947367,0.15789473684210525,0.15789473684210525,0.42105263157894735,6.44960020515756,5,0.3157894736842105
0.15625,0.08181203515889114,2,9OW7_B,0.13333333333333333,2.099321070284548,0.43333333333333335,0.0,0.3333333333333333,0.2,4.867210112329113,1,1.0
0.037900874635568516,0.03888481291269259,1,9OYJ_A,0.15384615384615385,2.0573089670220366,0.38461538461538464,0.0,0.15384615384615385,0.38461538461538464,5.319082003308037,4,0.5384615384615384
0.02694610778443114,0.009992313604919293,1,9OYJ_E,0.0,2.2171611363587016,0.2222222222222222,0.0,0.3333333333333333,0.2222222222222222,4.070023989900589,2,0.7777777777777778
0.016304347826086956,0.009075043630017453,1,9OYL_C,0.0,1.2642316225688506,0.16666666666666666,0.0,0.3333333333333333,0.5,2.7238309341137272,1,1.0
0.006505576208178439,0.001757057514349303,2,9P1D_A,0.0,3.620963831633403,0.0,0.0,0.42857142857142855,0.5714285714285714,6.922785514869476,4,0.5714285714285714
0.015723270440251572,0.004228329809725159,2,9P1D_E,0.0,1.1441378649190617,0.0,0.0,0.2,0.4,5.2974128178857445,4,0.4
0.10054347826086957,0.04626215219577606,2,9P4J_E,0.2702702702702703,1.7492694118714889,0.40540540540540543,0.13513513513513514,0.35135135135135137,0.24324324324324326,7.019913574115645,10,0.21621621621621623
0.03411513859275053,0.014806980433632998,2,9P8T_A,0.125,3.8481899851938737,0.5,0.0625,0.1875,0.3125,7.1234896956016085,6,0.375
0.03829787234042553,0.01982029598308668,2,9P8U_A,0.05555555555555555,3.706510756031074,0.3888888888888889,0.05555555555555555,0.2222222222222222,0.3333333333333333,6.6856594172104735,5,0.3888888888888889
0.04904632152588556,0.03534584813123626,1,9PCP_B,0.16666666666666666,2.7427806026290047,0.25,0.05555555555555555,0.3888888888888889,0.4166666666666667,6.216623642078888,10,0.3333333333333333
0.008935219657483246,0.0033586881359280846,2,9PFQ_D,0.16666666666666666,1.6293488371620704,0.25,0.08333333333333333,0.16666666666666666,0.5833333333333334,10.979516626333123,7,0.25
0.06990881458966565,0.03231017770597738,4,9PFQ_Q,0.17391304347826086,2.4844638838125475,0.30434782608695654,0.08695652173913043,0.21739130434782608,0.43478260869565216,9.062231380083347,8,0.391304347826087
0.005173688100517369,0.008846976472875754,2,9PFV_C,0.14285714285714285,1.7607238214467147,0.14285714285714285,0.2857142857142857,0.0,0.5714285714285714,5.890121490802133,3,0.5714285714285714
0.016697588126159554,0.009144111192392099,1,9PI4_A,0.2222222222222222,1.7570478597043357,0.3333333333333333,0.05555555555555555,0.3333333333333333,0.2777777777777778,5.671967280488138,6,0.4444444444444444
0.01229895931882687,0.010059612518628911,1,9PI5_A,0.3076923076923077,1.7719054815007032,0.46153846153846156,0.0,0.38461538461538464,0.15384615384615385,5.72593232235273,4,0.6153846153846154
0.19230769230769232,0.11757425742574257,2,9PW1_A,0.1,1.2424763954287823,0.25,0.0,0.3,0.35,3.512664212702927,2,0.95
0.18027210884353742,0.10517241379310345,2,9PZ7_A,0.1509433962264151,2.621543611125044,0.24528301886792453,0.07547169811320754,0.3584905660377358,0.32075471698113206,5.305921640765228,8,0.7547169811320755
0.1864406779661017,0.10081161896625374,2,9PZH_A,0.12727272727272726,2.987074609838497,0.21818181818181817,0.05454545454545454,0.38181818181818183,0.3090909090909091,5.6239733088720945,6,0.7272727272727273
0.17966101694915254,0.1038107752956636,2,9Q0H_A,0.1320754716981132,2.6772408805944967,0.24528301886792453,0.05660377358490566,0.3584905660377358,0.3018867924528302,5.501621188522919,11,0.49056603773584906
0.026143790849673203,0.00996533795493934,1,9Q28_D,0.0,1.9069920354731427,0.25,0.0,0.25,0.25,4.492017916364261,3,0.5
0.18430034129692832,0.09642233856893542,2,9Q7V_A,0.12962962962962962,2.674242566268103,0.24074074074074073,0.05555555555555555,0.3333333333333333,0.3148148148148148,5.362729732225955,10,0.6481481481481481
0.17747440273037543,0.0964716391246092,2,9Q7W_A,0.11538461538461539,3.3528353977661634,0.25,0.057692307692307696,0.38461538461538464,0.28846153846153844,6.138994275377786,8,0.5192307692307693
0.14186851211072665,0.10243407707910751,2,9Q7Z_A,0.12195121951219512,3.1520259812925167,0.21951219512195122,0.07317073170731707,0.43902439024390244,0.2682926829268293,5.997886209664907,9,0.6097560975609756
0.022847100175746926,0.01413850946561227,2,9Q80_K,0.07692307692307693,5.978070813354027,0.3076923076923077,0.0,0.23076923076923078,0.38461538461538464,17.71257431890208,6,0.46153846153846156
0.007722007722007722,0.0029239766081871343,1,9Q90_2,0.0,,0.0,0.0,0.0,1.0,1.5022533316378743,1,1.0
0.011764705882352941,0.0031821797931583136,1,9Q93_2,0.0,2.1095291423077613,0.3333333333333333,0.0,0.0,0.3333333333333333,2.2123463726952575,1,1.0
0.07451923076923077,0.029855158143659473,3,9QCC_Q,0.03225806451612903,3.5290943071124388,0.1935483870967742,0.16129032258064516,0.12903225806451613,0.4838709677419355,10.535383937800063,10,0.3548387096774194
0.058212058212058215,0.027836691410392366,1,9QCC_V,0.17857142857142858,1.228422382293851,0.25,0.0,0.42857142857142855,0.2857142857142857,5.688681166446854,5,0.39285714285714285
0.035650623885918005,0.01629776456337408,2,9QHS_A,0.05,1.371048708950087,0.15,0.1,0.325,0.4,7.086755010076072,15,0.325
0.07100591715976332,0.015736766809728183,2,9QKY_A,0.0,1.654415340855117,0.16666666666666666,0.16666666666666666,0.16666666666666666,0.5,4.7875259206782,5,0.5
0.020684168655529037,0.009342193970913994,2,9QLH_A,0.07692307692307693,1.6167115732864685,0.23076923076923078,0.038461538461538464,0.34615384615384615,0.34615384615384615,7.472565639664642,12,0.34615384615384615
0.031055900621118012,0.013866231647634585,1,9QN8_G,0.0,2.1850954862280645,0.4,0.0,0.3,0.2,4.37318518730069,3,0.5
0.019138755980861243,0.00999423409571401,2,9QUJ_A,0.0,1.4168996586346987,0.08333333333333333,0.08333333333333333,0.6666666666666666,0.16666666666666666,4.163205149557911,3,0.75
0.19117647058823528,0.08159392789373814,2,9QV5_A,0.0,4.616385451707633,0.3076923076923077,0.0,0.23076923076923078,0.46153846153846156,7.167919060929079,3,0.38461538461538464
0.16901408450704225,0.08241758241758242,2,9QV6_A,0.0,4.890085587180291,0.25,0.0,0.25,0.5,7.682149787166808,3,0.4166666666666667
0.012048192771084338,0.0034619188921859545,2,9QXR_E,0.0,7.004043268099394,0.0,0.0,0.16666666666666666,0.8333333333333334,13.778621136392038,3,0.3333333333333333
0.010040160642570281,0.006678209250556517,2,9QXU_E,0.0,6.759655744442197,0.0,0.0,0.2,0.8,15.530462282109271,3,0.4
0.06040268456375839,0.03271812080536913,2,9R35_B,0.0,2.508547091513664,0.1111111111111111,0.0,0.1111111111111111,0.5555555555555556,3.3993171976085392,1,1.0
0.05214723926380368,0.025868725868725868,2,9R96_B,0.11764705882352941,2.6252583428895333,0.23529411764705882,0.058823529411764705,0.17647058823529413,0.47058823529411764,6.2287384080580965,5,0.4117647058823529
0.1040268456375839,0.05407725321888412,2,9RAH_A,0.04838709677419355,2.2660947128186035,0.1774193548387097,0.03225806451612903,0.3709677419354839,0.3548387096774194,5.366072678770355,13,0.27419354838709675
0.14195583596214512,0.06768642447418738,2,9RD5_H,0.15555555555555556,2.0829209278859095,0.3111111111111111,0.022222222222222223,0.4222222222222222,0.3111111111111111,5.818387330165274,9,0.4444444444444444
0.00411522633744856,0.00280970625798212,1,9RJS_A,0.5,,0.5,0.5,0.5,0.0,2.0851175950720005,1,1.0
0.007173601147776184,0.003265602322206096,2,9RJS_C,0.0,4.427488592358597,0.2,0.0,0.4,0.4,7.291047740501518,3,0.4
0.025044722719141325,0.010002222716159146,2,9RL6_A,0.0,1.8611115837570964,0.35714285714285715,0.0,0.2857142857142857,0.35714285714285715,4.427299444666538,6,0.5
0.09328358208955224,0.048045219029674985,2,9RQS_A,0.2,1.505948971446677,0.4,0.04,0.32,0.32,4.324922056164696,2,0.96
0.05806451612903226,0.06476352790796762,1,9RTD_B,0.16666666666666666,1.1990037463477028,0.4444444444444444,0.05555555555555555,0.1111111111111111,0.2777777777777778,4.463046437171012,5,0.7222222222222222
0.19491525423728814,0.11213991769547325,1,9RTJ_B,0.13043478260869565,1.4670475250440576,0.391304347826087,0.0,0.17391304347826086,0.391304347826087,4.308743013087373,3,0.8695652173913043
0.008620689655172414,0.0010976948408342481,1,9RZE_Y,0.0,,0.0,0.0,0.0,1.0,0.0,1,1.0
0.0488997555012225,0.029141104294478526,1,9S19_B,0.1,1.5495528699753218,0.45,0.05,0.15,0.25,4.217336379923315,6,0.4
0.11956521739130435,0.051731893837157,5,9S28_A,0.030303030303030304,2.1972488767310656,0.15151515151515152,0.12121212121212122,0.2727272727272727,0.24242424242424243,5.835685875414731,7,0.6060606060606061
0.06470588235294118,0.036845983787767135,2,9SIT_A,0.13636363636363635,1.5349531619996681,0.22727272727272727,0.09090909090909091,0.5,0.22727272727272727,3.934850740487569,2,0.8181818181818182
0.0380952380952381,0.01824352991090369,1,9SW0_B,0.0,1.7430019694024101,0.08333333333333333,0.0,0.3333333333333333,0.3333333333333333,4.2673925548019405,3,0.4166666666666667
0.03823529411764706,0.019062142584826535,3,9SW0_D,0.07692307692307693,2.3311691401301133,0.46153846153846156,0.15384615384615385,0.23076923076923078,0.07692307692307693,5.455032626753509,5,0.46153846153846156
0.012987012987012988,0.009201543484713566,2,9T4V_K,0.0,1.9637943259915602,0.09090909090909091,0.0,0.09090909090909091,0.8181818181818182,10.935970158579327,6,0.2727272727272727
0.09748427672955975,0.0524,3,9T56_A,0.03225806451612903,1.2256825657886774,0.25806451612903225,0.0967741935483871,0.3548387096774194,0.16129032258064516,6.595444717187219,5,0.3548387096774194
0.16666666666666666,0.07509386733416772,2,9T6T_A,0.058823529411764705,2.1184406120917867,0.35294117647058826,0.058823529411764705,0.29411764705882354,0.35294117647058826,3.6134835849257128,1,1.0
0.02702702702702703,0.005084745762711864,1,9TAW_X,0.0,,0.0,0.0,0.5,0.0,1.5031997544163438,1,1.0
0.0220125786163522,0.012542759407069556,2,9TAX_N,0.0,5.121677400580593,0.2857142857142857,0.0,0.14285714285714285,0.42857142857142855,8.318948038028704,2,0.5714285714285714
0.1266891891891892,0.05551955065888961,2,9TEQ_A,0.06666666666666667,2.2376710180363464,0.24,0.013333333333333334,0.3466666666666667,0.32,4.953355809642203,6,0.38666666666666666
0.03669724770642202,0.01060070671378092,3,9TGN_A,0.5,11.76055949906681,0.5,0.0,0.5,0.5,3.9040325232994175,1,1.0
0.04065040650406504,0.02880658436213992,2,9TGN_B,0.4,2.2354399712433177,0.4,0.0,0.6,0.4,3.669098321225988,2,0.6
0.049586776859504134,0.016771488469601678,1,9TGW_A,0.3333333333333333,2.0956535826950864,0.3333333333333333,0.0,0.6666666666666666,0.3333333333333333,3.4831019668927405,2,0.6666666666666666
0.05660377358490566,0.015853658536585366,2,9TGW_B,0.5,4.407709767806083,0.5,0.0,0.5,0.3333333333333333,4.337218596703927,1,1.0
0.17543859649122806,0.08936170212765958,2,9TOY_B,0.1,2.253986984611322,0.2,0.0,0.2,0.45,4.3569467878667565,3,0.6
0.10072815533980582,0.0507399577167019,2,9TQ4_A,0.04819277108433735,1.3780787145640438,0.2289156626506024,0.03614457831325301,0.26506024096385544,0.42168674698795183,5.957968513885279,14,0.20481927710843373
0.3,0.15601503759398497,2,9U18_F,0.2222222222222222,1.8091928287021246,0.3333333333333333,0.0,0.2777777777777778,0.5,4.00240613545195,3,0.5555555555555556
0.3050847457627119,0.13636363636363635,2,9U19_F,0.2222222222222222,1.7788306380221035,0.3333333333333333,0.0,0.2777777777777778,0.5,4.426163873687031,3,0.6111111111111112
0.014204545454545454,0.00683311432325887,2,9UA2_A,0.05,1.479329525091751,0.1,0.0,0.65,0.3,4.419751766983472,4,0.85
0.0603448275862069,0.032327586206896554,2,9UER_A,0.0,2.037613209306108,0.0,0.0,0.7142857142857143,0.2857142857142857,4.523168010585811,3,0.7142857142857143
0.08695652173913043,0.05298913043478261,2,9UMC_A,0.125,2.0726529150169486,0.375,0.0,0.25,0.375,4.511346596447811,4,0.625
0.11494252873563218,0.06891701828410689,2,9UMF_B,0.1,1.9824666492533591,0.4,0.0,0.2,0.4,4.533426974196697,4,0.6
0.0511727078891258,0.03735787763941527,1,9UP1_B,0.041666666666666664,1.6198884747422613,0.4166666666666667,0.08333333333333333,0.125,0.25,4.207861610211231,8,0.3333333333333333
0.096045197740113,0.06263498920086392,1,9URH_A,0.11764705882352941,1.344708145567491,0.35294117647058826,0.058823529411764705,0.17647058823529413,0.29411764705882354,3.3241685845756073,1,1.0
0.0017793594306049821,0.000641025641025641,1,9UX7_A,0.0,,0.0,0.0,1.0,0.0,0.0,1,1.0
0.023026315789473683,0.007334963325183374,2,9UX7_C,0.0,2.058633533504082,0.0,0.0,0.2857142857142857,0.42857142857142855,3.813826415280287,2,0.5714285714285714
0.041176470588235294,0.019867549668874173,2,9UXH_D,0.0,2.587532809397806,0.0,0.0,0.42857142857142855,0.42857142857142855,4.106271702498936,3,0.5714285714285714
0.02909647779479326,0.012915479582146248,2,9UXH_F,0.0,2.005620799219562,0.10526315789473684,0.10526315789473684,0.3684210526315789,0.42105263157894735,4.284870963280697,2,0.5263157894736842
0.008264462809917356,0.014691478942213516,2,9V2V_G,0.0,,0.0,0.0,0.0,1.0,0.0,1,1.0
0.14018691588785046,0.08,2,9V2V_O,0.0,1.7970380404351447,0.26666666666666666,0.0,0.06666666666666667,0.5333333333333333,7.035798923361279,3,0.5333333333333333
0.16129032258064516,0.0958904109589041,2,9V2V_P,0.13333333333333333,1.7742935974266503,0.26666666666666666,0.0,0.5333333333333333,0.26666666666666666,6.537228499288339,2,0.8
0.13924050632911392,0.07378335949764521,2,9V2V_R,0.0,4.88942171672344,0.09090909090909091,0.0,0.2727272727272727,0.45454545454545453,7.637501292969655,2,0.7272727272727273
0.023980815347721823,0.008982947624847746,2,9V36_A,0.15,1.4456406912279385,0.35,0.05,0.3,0.3,5.273346365863119,5,0.7
0.05680317040951123,0.025670751904604175,1,9V7S_A,0.06976744186046512,1.5637541968206952,0.23255813953488372,0.06976744186046512,0.37209302325581395,0.2558139534883721,6.262598858836609,10,0.3953488372093023
0.058900523560209424,0.022473753280839896,2,9V8A_A,0.06666666666666667,1.5035181046811488,0.24444444444444444,0.06666666666666667,0.35555555555555557,0.26666666666666666,6.223116738530673,11,0.37777777777777777
0.0380952380952381,0.01984732824427481,1,9VBH_A,0.375,1.1287094879291324,0.5625,0.0,0.4375,0.1875,3.9937220548289836,5,0.6875
0.012077294685990338,0.005009392611145898,1,9VBK_A,0.6,1.7902904482152193,0.8,0.0,0.6,0.0,3.9407899435463194,2,0.8
0.0045662100456621,0.0016759776536312849,1,9VJ9_B,0.0,,1.0,0.0,0.0,0.0,0.0,1,1.0
0.01889644746787604,0.008677991137370753,2,9VJA_S,0.0,2.426330515952253,0.16,0.12,0.32,0.36,7.636647602250834,4,0.76
0.036290322580645164,0.017401960784313726,1,9VMA_A,0.2222222222222222,1.6291489614274997,0.3888888888888889,0.16666666666666666,0.3888888888888889,0.16666666666666666,3.9638290426902762,4,0.8333333333333334
0.07929515418502203,0.04045926735921269,2,9VNQ_A,0.1111111111111111,1.6444676302808694,0.2777777777777778,0.0,0.2222222222222222,0.6111111111111112,6.322776347683269,7,0.3333333333333333
0.059233449477351915,0.035667107001321,2,9VRT_N,0.058823529411764705,1.4580112082173269,0.058823529411764705,0.058823529411764705,0.29411764705882354,0.5294117647058824,4.22209598730388,3,0.8823529411764706
0.028901734104046242,0.025261638397690366,1,9VTP_D,0.0,1.2662724589797627,0.1,0.0,0.2,0.4,3.8623048534956976,2,0.9
0.03355704697986577,0.015657620041753653,2,9VTQ_G,0.0,1.7793184074646697,0.2,0.05,0.4,0.3,3.842385755093113,4,0.7
0.010498687664041995,0.002144388849177984,1,9VTR_I,0.0,3.859063188725345,0.25,0.0,0.25,0.25,2.312859911623711,1,1.0
0.16326530612244897,0.15681233933161953,2,9VX7_B,0.0,2.4503924548398497,0.125,0.0,0.375,0.375,3.2578236642494556,2,0.875
0.08823529411764706,0.025477707006369428,2,9W6T_C,0.0,3.7842764745595634,0.1111111111111111,0.1111111111111111,0.2222222222222222,0.5555555555555556,9.608387060037826,3,0.5555555555555556
0.06896551724137931,0.01914580265095729,2,9W6T_D,0.16666666666666666,5.72440555376478,0.3333333333333333,0.0,0.6666666666666666,0.16666666666666666,10.227400958416828,3,0.5
0.03529411764705882,0.007575757575757576,1,9W6T_R,0.0,14.073047505681586,0.0,0.0,1.0,0.0,13.561642668110917,2,0.6666666666666666
0.020061728395061727,0.00991407799074686,2,9W7V_A,0.07692307692307693,1.6168271308117248,0.15384615384615385,0.19230769230769232,0.4230769230769231,0.2692307692307692,7.980013116202476,8,0.38461538461538464
0.06748466257668712,0.03648548026805659,2,9W7W_A,0.0,1.2728435678795766,0.09090909090909091,0.09090909090909091,0.2727272727272727,0.5454545454545454,4.699625048273671,4,0.5454545454545454
0.08074534161490683,0.045112781954887216,2,9WA7_A,0.0,1.610381704339994,0.23076923076923078,0.0,0.23076923076923078,0.5384615384615384,4.403176092568091,5,0.5384615384615384
0.036427732079905996,0.026674315215832498,1,9WHK_B,0.12903225806451613,1.7175246403556041,0.22580645161290322,0.06451612903225806,0.45161290322580644,0.25806451612903225,4.834134461883946,8,0.3548387096774194
0.038510911424903725,0.021687883074021686,1,9WMF_A,0.1,1.759421487491902,0.23333333333333334,0.03333333333333333,0.4666666666666667,0.3333333333333333,4.853630963524787,3,0.4666666666666667
0.03139013452914798,0.022565320665083134,1,9WS0_A,0.42857142857142855,2.401237185173549,0.42857142857142855,0.0,0.7142857142857143,0.2857142857142857,3.6759535148470808,2,0.5714285714285714
0.03271028037383177,0.016887816646562123,2,9WS0_B,0.5714285714285714,3.909990268421763,0.5714285714285714,0.0,0.5714285714285714,0.2857142857142857,4.00856706760015,1,1.0
0.014264264264264264,0.007507218479307026,2,9WSM_C,0.10526315789473684,1.4115411706950103,0.21052631578947367,0.10526315789473684,0.21052631578947367,0.47368421052631576,10.733404652371304,11,0.21052631578947367
0.01630837657524092,0.006963655442144424,2,9WSM_D,0.0,1.710067435031597,0.13636363636363635,0.09090909090909091,0.18181818181818182,0.5909090909090909,8.927395038793605,14,0.13636363636363635
0.1810344827586207,0.09797482211275314,2,9WSM_F,0.07142857142857142,3.0556980725944065,0.23809523809523808,0.11904761904761904,0.2619047619047619,0.35714285714285715,9.43266726595287,7,0.5
0.005190311418685121,0.0017663943475380878,2,9X1M_A,0.0,13.698765237128246,0.3333333333333333,0.0,0.3333333333333333,0.0,10.677520340466822,3,0.3333333333333333
0.007253886010362694,0.00411764705882353,1,9X25_B,0.14285714285714285,3.8622232396867386,0.14285714285714285,0.14285714285714285,0.2857142857142857,0.42857142857142855,6.7617956552659955,2,0.8571428571428571
0.017595307917888565,0.00530705079605762,1,9X25_C,0.16666666666666666,1.101317465742902,0.3333333333333333,0.16666666666666666,0.16666666666666666,0.3333333333333333,2.3690181498314558,1,1.0
0.011594202898550725,0.014388489208633094,1,9X25_E,0.25,4.182256980242513,0.5,0.0,0.0,0.25,2.872527773346546,1,1.0
0.04551539491298527,0.026820546163849154,3,9X94_B,0.2647058823529412,1.5914784726061404,0.38235294117647056,0.0,0.47058823529411764,0.29411764705882354,7.161172255356763,10,0.4411764705882353
0.014354066985645933,0.005260081823495032,2,9XGK_E,0.0,3.292194855273137,0.0,0.0,0.3333333333333333,0.3333333333333333,4.493585282940673,2,0.6666666666666666
0.08176100628930817,0.04892966360856269,2,9XVF_A,0.0,1.4409490511368646,0.07692307692307693,0.0,0.3076923076923077,0.6153846153846154,4.733035139130258,5,0.38461538461538464
0.06060606060606061,0.032665181885671864,2,9XVO_B,0.0,1.4243792974566327,0.1,0.0,0.3,0.6,4.890778028093669,5,0.5
0.19795221843003413,0.09515418502202644,2,9XY1_A,0.1206896551724138,2.9509554402495484,0.1896551724137931,0.05172413793103448,0.41379310344827586,0.3103448275862069,5.615860137970682,7,0.6896551724137931
0.18430034129692832,0.09775708844688955,2,9XY2_A,0.12962962962962962,2.683917786337432,0.2222222222222222,0.07407407407407407,0.3148148148148148,0.3333333333333333,5.400900986104568,8,0.6481481481481481
0.16896551724137931,0.08053691275167785,2,9XY5_A,0.12244897959183673,3.102314289048292,0.22448979591836735,0.061224489795918366,0.3469387755102041,0.30612244897959184,5.683800134401679,6,0.673469387755102
0.19377162629757785,0.11367753623188406,2,9XY6_A,0.10714285714285714,2.7919783413613635,0.21428571428571427,0.05357142857142857,0.35714285714285715,0.3392857142857143,5.624301944958248,5,0.7321428571428571
0.16891891891891891,0.08939974457215837,2,9XY8_A,0.12,2.9053658182928612,0.22,0.08,0.36,0.32,5.888849287325415,8,0.52
0.17627118644067796,0.10227761065749892,2,9XY9_A,0.15384615384615385,2.8391523142241617,0.2692307692307692,0.057692307692307696,0.34615384615384615,0.34615384615384615,5.800715436616693,8,0.6923076923076923
0.17288135593220338,0.09612068965517241,2,9XYA_A,0.13725490196078433,2.7132503355352493,0.2549019607843137,0.058823529411764705,0.35294117647058826,0.29411764705882354,5.538257137026592,9,0.45098039215686275
0.0764525993883792,0.04247104247104247,3,9Y1E_A,0.12,1.7847046364693606,0.28,0.08,0.28,0.24,5.7495539648668865,5,0.32
0.0045662100456621,0.005016722408026756,1,9Y3D_O,0.0,,0.0,0.0,0.0,1.0,0.0,1,1.0
0.1191806331471136,0.06654470615138348,2,9Y66_C,0.15625,2.6497566352449806,0.328125,0.03125,0.328125,0.34375,5.874033079852332,9,0.4375
0.08275862068965517,0.037403267411865865,2,9YD1_A,0.10416666666666667,1.0806934757449327,0.25,0.041666666666666664,0.5416666666666666,0.1875,4.569870338968649,3,0.8958333333333334
0.08103448275862069,0.03633627176951193,2,9YD2_A,0.0851063829787234,1.1800876251809669,0.23404255319148937,0.0425531914893617,0.5319148936170213,0.19148936170212766,4.6339611971746075,7,0.723404255319149
0.11388455538221529,0.06252605252188412,3,9YHW_A,0.1232876712328767,1.1431120179405714,0.273972602739726,0.0410958904109589,0.3150684931506849,0.2602739726027397,4.476427521027053,5,0.4383561643835616
0.09822866344605476,0.05697399527186761,3,9YHY_A,0.11475409836065574,1.0422007828358997,0.26229508196721313,0.08196721311475409,0.32786885245901637,0.22950819672131148,4.7021156822724945,6,0.5081967213114754
0.08955223880597014,0.04315886134067952,1,9YK1_A,0.08333333333333333,1.6386762729781525,0.08333333333333333,0.0,0.6666666666666666,0.16666666666666666,3.397273797034461,1,1.0
0.05359877488514548,0.027260247107275936,2,9YSI_A,0.08571428571428572,1.3989202111187413,0.2,0.02857142857142857,0.45714285714285713,0.2571428571428571,4.799933933095864,4,0.8857142857142857
0.1273209549071618,0.04831864185439112,3,9YYH_A,0.125,2.0966484158902707,0.2916666666666667,0.041666666666666664,0.2916666666666667,0.2916666666666667,6.791409311101853,8,0.3541666666666667
0.1896551724137931,0.16136363636363638,2,9YZL_D,0.36363636363636365,2.5821562998930196,0.45454545454545453,0.0,0.5454545454545454,0.18181818181818182,3.673503965971674,3,0.5454545454545454
0.0407673860911271,0.02555816686251469,1,9Z6Z_A,0.29411764705882354,1.1018179100281174,0.4117647058823529,0.11764705882352941,0.35294117647058826,0.29411764705882354,5.92450748644162,7,0.29411764705882354
0.010101010101010102,0.00522875816993464,1,9ZBT_A,0.0,,0.0,0.0,0.0,1.0,0.0,1,1.0
0.057455540355677154,0.024322446143154968,3,9ZBT_H,0.023809523809523808,1.3191335800288624,0.21428571428571427,0.07142857142857142,0.23809523809523808,0.35714285714285715,7.855755177578569,16,0.19047619047619047
0.06292749658002736,0.031966643502432245,3,9ZBU_H,0.08695652173913043,1.303961195766167,0.21739130434782608,0.08695652173913043,0.2608695652173913,0.391304347826087,7.949923734789027,16,0.1956521739130435
0.032467532467532464,0.02773109243697479,1,9ZBU_T,0.4,2.5940347176590275,0.4,0.0,0.4,0.4,3.6908523609296426,2,0.6
0.0990990990990991,0.04265402843601896,2,9ZEN_C,0.0,2.231171138171645,0.18181818181818182,0.0,0.09090909090909091,0.6363636363636364,7.170277632598383,4,0.36363636363636365
0.11827956989247312,0.04834254143646409,2,9ZEN_D,0.18181818181818182,2.559734491437973,0.2727272727272727,0.0,0.5454545454545454,0.2727272727272727,7.795287271648586,4,0.2727272727272727
0.05276073619631902,0.026336416366201598,2,9ZGF_C,0.09302325581395349,2.1757875399933897,0.23255813953488372,0.023255813953488372,0.4186046511627907,0.3488372093023256,7.561176403947452,9,0.4418604651162791
0.013254786450662739,0.004267425320056899,2,9ZP3_J,0.1111111111111111,1.2112413005114795,0.4444444444444444,0.05555555555555555,0.16666666666666666,0.2777777777777778,7.180152030407276,10,0.2777777777777778
0.09836065573770492,0.032,3,9ZQA_P,0.25,1.3019532174289055,0.25,0.0,0.4166666666666667,0.4166666666666667,3.56707538507036,2,0.75
0.11538461538461539,0.0723905723905724,2,9ZUM_C,0.1111111111111111,1.1900203111606902,0.2222222222222222,0.0,0.3333333333333333,0.2222222222222222,2.972808405595526,1,1.0
0.030864197530864196,0.014112112896903175,1,9ZZR_C,0.0,2.5427501206743344,0.3,0.0,0.4,0.2,4.765735370170337,4,0.5
0.026402640264026403,0.015734265734265736,1,9ZZR_D,0.0,1.7407265965144907,0.375,0.0,0.125,0.375,3.36852824061377,2,0.875
0.044585987261146494,0.02127659574468085,1,9ZZR_F,0.0,1.8166014195675417,0.2857142857142857,0.0,0.2857142857142857,0.2857142857142857,3.7969364605331815,2,0.6428571428571429
0.0064516129032258064,0.0029473684210526317,1,9ZZR_K,0.0,,0.5,0.0,0.5,0.0,2.4042830845591214,1,1.0
0.04823151125401929,0.015552753257671291,1,9ZZR_R,0.0,2.0168406128983682,0.3333333333333333,0.0,0.26666666666666666,0.2,3.8043491035251886,2,0.9333333333333333
